synthetic,policy,scale,hedge_policy,kind,lam,fee_bps,event,expiration_ns,contracts,hedge_pnl,hedge_fees,exec_cost,turnover_btc,trades,residual_btc,kalshi_usd,total_usd
True,B,1,none,none,,0,exp 2026-09-24T12:15:00Z,1790252100000000000,109.46,0,0,0,0,0,0,0.7,0.7
True,B,1,none,none,,0,exp 2026-09-24T12:30:00Z,1790253000000000000,90.98,0,0,0,0,0,0,2.11,2.11
True,B,1,none,none,,0,exp 2026-09-24T12:45:00Z,1790253900000000000,149.91,0,0,0,0,0,0,4.89,4.89
True,B,1,none,none,,0,exp 2026-09-24T13:00:00Z,1790254800000000000,109.83,0,0,0,0,0,0,9.08,9.08
True,B,1,per_fill@0.6bp,per_fill,,0.6,exp 2026-09-24T12:15:00Z,1790252100000000000,109.46,0.490703,0.472979,0.788298,0.0938304,8,0,0.7,0.717724
True,B,1,per_fill@0.6bp,per_fill,,0.6,exp 2026-09-24T12:30:00Z,1790253000000000000,90.98,0.0415922,0.115639,0.192732,0.0229204,4,0,2.11,2.03595
True,B,1,per_fill@0.6bp,per_fill,,0.6,exp 2026-09-24T12:45:00Z,1790253900000000000,149.91,-4.02036,0.406223,0.677038,0.0805378,9,0,4.89,0.463419
True,B,1,per_fill@0.6bp,per_fill,,0.6,exp 2026-09-24T13:00:00Z,1790254800000000000,109.83,-3.10977,0.162703,0.271172,0.0321192,10,0,9.08,5.80753
True,B,1,per_fill@1bp,per_fill,,1,exp 2026-09-24T12:15:00Z,1790252100000000000,109.46,0.490703,0.788298,0.788298,0.0938304,8,0,0.7,0.402405
True,B,1,per_fill@1bp,per_fill,,1,exp 2026-09-24T12:30:00Z,1790253000000000000,90.98,0.0415922,0.192732,0.192732,0.0229204,4,0,2.11,1.95886
True,B,1,per_fill@1bp,per_fill,,1,exp 2026-09-24T12:45:00Z,1790253900000000000,149.91,-4.02036,0.677038,0.677038,0.0805378,9,0,4.89,0.192604
True,B,1,per_fill@1bp,per_fill,,1,exp 2026-09-24T13:00:00Z,1790254800000000000,109.83,-3.10977,0.271172,0.271172,0.0321192,10,0,9.08,5.69906
True,B,1,per_fill@5bp,per_fill,,5,exp 2026-09-24T12:15:00Z,1790252100000000000,109.46,0.490703,3.94149,0.788298,0.0938304,8,0,0.7,-2.75079
True,B,1,per_fill@5bp,per_fill,,5,exp 2026-09-24T12:30:00Z,1790253000000000000,90.98,0.0415922,0.963661,0.192732,0.0229204,4,0,2.11,1.18793
True,B,1,per_fill@5bp,per_fill,,5,exp 2026-09-24T12:45:00Z,1790253900000000000,149.91,-4.02036,3.38519,0.677038,0.0805378,9,0,4.89,-2.51555
True,B,1,per_fill@5bp,per_fill,,5,exp 2026-09-24T13:00:00Z,1790254800000000000,109.83,-3.10977,1.35586,0.271172,0.0321192,10,0,9.08,4.61437
True,B,1,per_fill@12bp,per_fill,,12,exp 2026-09-24T12:15:00Z,1790252100000000000,109.46,0.490703,9.45958,0.788298,0.0938304,8,0,0.7,-8.26888
True,B,1,per_fill@12bp,per_fill,,12,exp 2026-09-24T12:30:00Z,1790253000000000000,90.98,0.0415922,2.31279,0.192732,0.0229204,4,0,2.11,-0.161195
True,B,1,per_fill@12bp,per_fill,,12,exp 2026-09-24T12:45:00Z,1790253900000000000,149.91,-4.02036,8.12445,0.677038,0.0805378,9,0,4.89,-7.25481
True,B,1,per_fill@12bp,per_fill,,12,exp 2026-09-24T13:00:00Z,1790254800000000000,109.83,-3.10977,3.25407,0.271172,0.0321192,10,0,9.08,2.71617
True,B,1,band(lam=0.0001)@0.6bp,band,0.0001,0.6,exp 2026-09-24T12:15:00Z,1790252100000000000,109.46,0,0,0,0,0,0,0.7,0.7
True,B,1,band(lam=0.0001)@0.6bp,band,0.0001,0.6,exp 2026-09-24T12:30:00Z,1790253000000000000,90.98,0,0,0,0,0,0,2.11,2.11
True,B,1,band(lam=0.0001)@0.6bp,band,0.0001,0.6,exp 2026-09-24T12:45:00Z,1790253900000000000,149.91,0,0,0,0,0,0,4.89,4.89
True,B,1,band(lam=0.0001)@0.6bp,band,0.0001,0.6,exp 2026-09-24T13:00:00Z,1790254800000000000,109.83,0,0,0,0,0,0,9.08,9.08
True,B,1,band(lam=0.0001)@1bp,band,0.0001,1,exp 2026-09-24T12:15:00Z,1790252100000000000,109.46,0,0,0,0,0,0,0.7,0.7
True,B,1,band(lam=0.0001)@1bp,band,0.0001,1,exp 2026-09-24T12:30:00Z,1790253000000000000,90.98,0,0,0,0,0,0,2.11,2.11
True,B,1,band(lam=0.0001)@1bp,band,0.0001,1,exp 2026-09-24T12:45:00Z,1790253900000000000,149.91,0,0,0,0,0,0,4.89,4.89
True,B,1,band(lam=0.0001)@1bp,band,0.0001,1,exp 2026-09-24T13:00:00Z,1790254800000000000,109.83,0,0,0,0,0,0,9.08,9.08
True,B,1,band(lam=0.0001)@5bp,band,0.0001,5,exp 2026-09-24T12:15:00Z,1790252100000000000,109.46,0,0,0,0,0,0,0.7,0.7
True,B,1,band(lam=0.0001)@5bp,band,0.0001,5,exp 2026-09-24T12:30:00Z,1790253000000000000,90.98,0,0,0,0,0,0,2.11,2.11
True,B,1,band(lam=0.0001)@5bp,band,0.0001,5,exp 2026-09-24T12:45:00Z,1790253900000000000,149.91,0,0,0,0,0,0,4.89,4.89
True,B,1,band(lam=0.0001)@5bp,band,0.0001,5,exp 2026-09-24T13:00:00Z,1790254800000000000,109.83,0,0,0,0,0,0,9.08,9.08
True,B,1,band(lam=0.0001)@12bp,band,0.0001,12,exp 2026-09-24T12:15:00Z,1790252100000000000,109.46,0,0,0,0,0,0,0.7,0.7
True,B,1,band(lam=0.0001)@12bp,band,0.0001,12,exp 2026-09-24T12:30:00Z,1790253000000000000,90.98,0,0,0,0,0,0,2.11,2.11
True,B,1,band(lam=0.0001)@12bp,band,0.0001,12,exp 2026-09-24T12:45:00Z,1790253900000000000,149.91,0,0,0,0,0,0,4.89,4.89
True,B,1,band(lam=0.0001)@12bp,band,0.0001,12,exp 2026-09-24T13:00:00Z,1790254800000000000,109.83,0,0,0,0,0,0,9.08,9.08
True,B,1,band(lam=0.001)@0.6bp,band,0.001,0.6,exp 2026-09-24T12:15:00Z,1790252100000000000,109.46,0,0,0,0,0,0,0.7,0.7
True,B,1,band(lam=0.001)@0.6bp,band,0.001,0.6,exp 2026-09-24T12:30:00Z,1790253000000000000,90.98,0,0,0,0,0,0,2.11,2.11
True,B,1,band(lam=0.001)@0.6bp,band,0.001,0.6,exp 2026-09-24T12:45:00Z,1790253900000000000,149.91,0,0,0,0,0,0,4.89,4.89
True,B,1,band(lam=0.001)@0.6bp,band,0.001,0.6,exp 2026-09-24T13:00:00Z,1790254800000000000,109.83,0,0,0,0,0,0,9.08,9.08
True,B,1,band(lam=0.001)@1bp,band,0.001,1,exp 2026-09-24T12:15:00Z,1790252100000000000,109.46,0,0,0,0,0,0,0.7,0.7
True,B,1,band(lam=0.001)@1bp,band,0.001,1,exp 2026-09-24T12:30:00Z,1790253000000000000,90.98,0,0,0,0,0,0,2.11,2.11
True,B,1,band(lam=0.001)@1bp,band,0.001,1,exp 2026-09-24T12:45:00Z,1790253900000000000,149.91,0,0,0,0,0,0,4.89,4.89
True,B,1,band(lam=0.001)@1bp,band,0.001,1,exp 2026-09-24T13:00:00Z,1790254800000000000,109.83,0,0,0,0,0,0,9.08,9.08
True,B,1,band(lam=0.001)@5bp,band,0.001,5,exp 2026-09-24T12:15:00Z,1790252100000000000,109.46,0,0,0,0,0,0,0.7,0.7
True,B,1,band(lam=0.001)@5bp,band,0.001,5,exp 2026-09-24T12:30:00Z,1790253000000000000,90.98,0,0,0,0,0,0,2.11,2.11
True,B,1,band(lam=0.001)@5bp,band,0.001,5,exp 2026-09-24T12:45:00Z,1790253900000000000,149.91,0,0,0,0,0,0,4.89,4.89
True,B,1,band(lam=0.001)@5bp,band,0.001,5,exp 2026-09-24T13:00:00Z,1790254800000000000,109.83,0,0,0,0,0,0,9.08,9.08
True,B,1,band(lam=0.001)@12bp,band,0.001,12,exp 2026-09-24T12:15:00Z,1790252100000000000,109.46,0,0,0,0,0,0,0.7,0.7
True,B,1,band(lam=0.001)@12bp,band,0.001,12,exp 2026-09-24T12:30:00Z,1790253000000000000,90.98,0,0,0,0,0,0,2.11,2.11
True,B,1,band(lam=0.001)@12bp,band,0.001,12,exp 2026-09-24T12:45:00Z,1790253900000000000,149.91,0,0,0,0,0,0,4.89,4.89
True,B,1,band(lam=0.001)@12bp,band,0.001,12,exp 2026-09-24T13:00:00Z,1790254800000000000,109.83,0,0,0,0,0,0,9.08,9.08
True,B,1,band(lam=0.002)@0.6bp,band,0.002,0.6,exp 2026-09-24T12:15:00Z,1790252100000000000,109.46,0,0,0,0,0,0,0.7,0.7
True,B,1,band(lam=0.002)@0.6bp,band,0.002,0.6,exp 2026-09-24T12:30:00Z,1790253000000000000,90.98,0,0,0,0,0,0,2.11,2.11
True,B,1,band(lam=0.002)@0.6bp,band,0.002,0.6,exp 2026-09-24T12:45:00Z,1790253900000000000,149.91,0,0,0,0,0,0,4.89,4.89
True,B,1,band(lam=0.002)@0.6bp,band,0.002,0.6,exp 2026-09-24T13:00:00Z,1790254800000000000,109.83,0,0,0,0,0,0,9.08,9.08
True,B,1,band(lam=0.002)@1bp,band,0.002,1,exp 2026-09-24T12:15:00Z,1790252100000000000,109.46,0,0,0,0,0,0,0.7,0.7
True,B,1,band(lam=0.002)@1bp,band,0.002,1,exp 2026-09-24T12:30:00Z,1790253000000000000,90.98,0,0,0,0,0,0,2.11,2.11
True,B,1,band(lam=0.002)@1bp,band,0.002,1,exp 2026-09-24T12:45:00Z,1790253900000000000,149.91,0,0,0,0,0,0,4.89,4.89
True,B,1,band(lam=0.002)@1bp,band,0.002,1,exp 2026-09-24T13:00:00Z,1790254800000000000,109.83,0,0,0,0,0,0,9.08,9.08
True,B,1,band(lam=0.002)@5bp,band,0.002,5,exp 2026-09-24T12:15:00Z,1790252100000000000,109.46,0,0,0,0,0,0,0.7,0.7
True,B,1,band(lam=0.002)@5bp,band,0.002,5,exp 2026-09-24T12:30:00Z,1790253000000000000,90.98,0,0,0,0,0,0,2.11,2.11
True,B,1,band(lam=0.002)@5bp,band,0.002,5,exp 2026-09-24T12:45:00Z,1790253900000000000,149.91,0,0,0,0,0,0,4.89,4.89
True,B,1,band(lam=0.002)@5bp,band,0.002,5,exp 2026-09-24T13:00:00Z,1790254800000000000,109.83,0,0,0,0,0,0,9.08,9.08
True,B,1,band(lam=0.002)@12bp,band,0.002,12,exp 2026-09-24T12:15:00Z,1790252100000000000,109.46,0,0,0,0,0,0,0.7,0.7
True,B,1,band(lam=0.002)@12bp,band,0.002,12,exp 2026-09-24T12:30:00Z,1790253000000000000,90.98,0,0,0,0,0,0,2.11,2.11
True,B,1,band(lam=0.002)@12bp,band,0.002,12,exp 2026-09-24T12:45:00Z,1790253900000000000,149.91,0,0,0,0,0,0,4.89,4.89
True,B,1,band(lam=0.002)@12bp,band,0.002,12,exp 2026-09-24T13:00:00Z,1790254800000000000,109.83,0,0,0,0,0,0,9.08,9.08
True,B,1,band(lam=0.01)@0.6bp,band,0.01,0.6,exp 2026-09-24T12:15:00Z,1790252100000000000,109.46,0,0,0,0,0,0,0.7,0.7
True,B,1,band(lam=0.01)@0.6bp,band,0.01,0.6,exp 2026-09-24T12:30:00Z,1790253000000000000,90.98,0,0,0,0,0,0,2.11,2.11
True,B,1,band(lam=0.01)@0.6bp,band,0.01,0.6,exp 2026-09-24T12:45:00Z,1790253900000000000,149.91,0,0,0,0,0,0,4.89,4.89
True,B,1,band(lam=0.01)@0.6bp,band,0.01,0.6,exp 2026-09-24T13:00:00Z,1790254800000000000,109.83,0,0,0,0,0,0,9.08,9.08
True,B,1,band(lam=0.01)@1bp,band,0.01,1,exp 2026-09-24T12:15:00Z,1790252100000000000,109.46,0,0,0,0,0,0,0.7,0.7
True,B,1,band(lam=0.01)@1bp,band,0.01,1,exp 2026-09-24T12:30:00Z,1790253000000000000,90.98,0,0,0,0,0,0,2.11,2.11
True,B,1,band(lam=0.01)@1bp,band,0.01,1,exp 2026-09-24T12:45:00Z,1790253900000000000,149.91,0,0,0,0,0,0,4.89,4.89
True,B,1,band(lam=0.01)@1bp,band,0.01,1,exp 2026-09-24T13:00:00Z,1790254800000000000,109.83,0,0,0,0,0,0,9.08,9.08
True,B,1,band(lam=0.01)@5bp,band,0.01,5,exp 2026-09-24T12:15:00Z,1790252100000000000,109.46,0,0,0,0,0,0,0.7,0.7
True,B,1,band(lam=0.01)@5bp,band,0.01,5,exp 2026-09-24T12:30:00Z,1790253000000000000,90.98,0,0,0,0,0,0,2.11,2.11
True,B,1,band(lam=0.01)@5bp,band,0.01,5,exp 2026-09-24T12:45:00Z,1790253900000000000,149.91,0,0,0,0,0,0,4.89,4.89
True,B,1,band(lam=0.01)@5bp,band,0.01,5,exp 2026-09-24T13:00:00Z,1790254800000000000,109.83,0,0,0,0,0,0,9.08,9.08
True,B,1,band(lam=0.01)@12bp,band,0.01,12,exp 2026-09-24T12:15:00Z,1790252100000000000,109.46,0,0,0,0,0,0,0.7,0.7
True,B,1,band(lam=0.01)@12bp,band,0.01,12,exp 2026-09-24T12:30:00Z,1790253000000000000,90.98,0,0,0,0,0,0,2.11,2.11
True,B,1,band(lam=0.01)@12bp,band,0.01,12,exp 2026-09-24T12:45:00Z,1790253900000000000,149.91,0,0,0,0,0,0,4.89,4.89
True,B,1,band(lam=0.01)@12bp,band,0.01,12,exp 2026-09-24T13:00:00Z,1790254800000000000,109.83,0,0,0,0,0,0,9.08,9.08
True,B,1,band_configured(lam=0.002)@5bp,band,0.002,5,exp 2026-09-24T12:15:00Z,1790252100000000000,109.46,0,0,0,0,0,0,0.7,0.7
True,B,1,band_configured(lam=0.002)@5bp,band,0.002,5,exp 2026-09-24T12:30:00Z,1790253000000000000,90.98,0,0,0,0,0,0,2.11,2.11
True,B,1,band_configured(lam=0.002)@5bp,band,0.002,5,exp 2026-09-24T12:45:00Z,1790253900000000000,149.91,0,0,0,0,0,0,4.89,4.89
True,B,1,band_configured(lam=0.002)@5bp,band,0.002,5,exp 2026-09-24T13:00:00Z,1790254800000000000,109.83,0,0,0,0,0,0,9.08,9.08
True,B,25,none,none,,0,exp 2026-09-24T12:15:00Z,1790252100000000000,2736.5,0,0,0,0,0,0,17.5,17.5
True,B,25,none,none,,0,exp 2026-09-24T12:30:00Z,1790253000000000000,2274.5,0,0,0,0,0,0,52.75,52.75
True,B,25,none,none,,0,exp 2026-09-24T12:45:00Z,1790253900000000000,3747.75,0,0,0,0,0,0,122.25,122.25
True,B,25,none,none,,0,exp 2026-09-24T13:00:00Z,1790254800000000000,2745.75,0,0,0,0,0,0,227,227
True,B,25,per_fill@0.6bp,per_fill,,0.6,exp 2026-09-24T12:15:00Z,1790252100000000000,2736.5,13.3816,11.9224,19.8707,2.3652,20,0,17.5,18.9592
True,B,25,per_fill@0.6bp,per_fill,,0.6,exp 2026-09-24T12:30:00Z,1790253000000000000,2274.5,1.36113,3.01756,5.02927,0.5981,16,0,52.75,51.0936
True,B,25,per_fill@0.6bp,per_fill,,0.6,exp 2026-09-24T12:45:00Z,1790253900000000000,3747.75,-101.853,10.3949,17.3249,2.06093,27,0,122.25,10.0024
True,B,25,per_fill@0.6bp,per_fill,,0.6,exp 2026-09-24T13:00:00Z,1790254800000000000,2745.75,-78.3594,4.14187,6.90312,0.817645,24,0,227,144.499
True,B,25,per_fill@1bp,per_fill,,1,exp 2026-09-24T12:15:00Z,1790252100000000000,2736.5,13.3816,19.8707,19.8707,2.3652,20,0,17.5,11.0109
True,B,25,per_fill@1bp,per_fill,,1,exp 2026-09-24T12:30:00Z,1790253000000000000,2274.5,1.36113,5.02927,5.02927,0.5981,16,0,52.75,49.0819
True,B,25,per_fill@1bp,per_fill,,1,exp 2026-09-24T12:45:00Z,1790253900000000000,3747.75,-101.853,17.3249,17.3249,2.06093,27,0,122.25,3.07248
True,B,25,per_fill@1bp,per_fill,,1,exp 2026-09-24T13:00:00Z,1790254800000000000,2745.75,-78.3594,6.90312,6.90312,0.817645,24,0,227,141.738
True,B,25,per_fill@5bp,per_fill,,5,exp 2026-09-24T12:15:00Z,1790252100000000000,2736.5,13.3816,99.3533,19.8707,2.3652,20,0,17.5,-68.4717
True,B,25,per_fill@5bp,per_fill,,5,exp 2026-09-24T12:30:00Z,1790253000000000000,2274.5,1.36113,25.1464,5.02927,0.5981,16,0,52.75,28.9648
True,B,25,per_fill@5bp,per_fill,,5,exp 2026-09-24T12:45:00Z,1790253900000000000,3747.75,-101.853,86.6246,17.3249,2.06093,27,0,122.25,-66.2272
True,B,25,per_fill@5bp,per_fill,,5,exp 2026-09-24T13:00:00Z,1790254800000000000,2745.75,-78.3594,34.5156,6.90312,0.817645,24,0,227,114.125
True,B,25,per_fill@12bp,per_fill,,12,exp 2026-09-24T12:15:00Z,1790252100000000000,2736.5,13.3816,238.448,19.8707,2.3652,20,0,17.5,-207.566
True,B,25,per_fill@12bp,per_fill,,12,exp 2026-09-24T12:30:00Z,1790253000000000000,2274.5,1.36113,60.3513,5.02927,0.5981,16,0,52.75,-6.24015
True,B,25,per_fill@12bp,per_fill,,12,exp 2026-09-24T12:45:00Z,1790253900000000000,3747.75,-101.853,207.899,17.3249,2.06093,27,0,122.25,-187.502
True,B,25,per_fill@12bp,per_fill,,12,exp 2026-09-24T13:00:00Z,1790254800000000000,2745.75,-78.3594,82.8374,6.90312,0.817645,24,0,227,65.8032
True,B,25,band(lam=0.0001)@0.6bp,band,0.0001,0.6,exp 2026-09-24T12:15:00Z,1790252100000000000,2736.5,0,0,0,0,0,0,17.5,17.5
True,B,25,band(lam=0.0001)@0.6bp,band,0.0001,0.6,exp 2026-09-24T12:30:00Z,1790253000000000000,2274.5,0,0,0,0,0,0,52.75,52.75
True,B,25,band(lam=0.0001)@0.6bp,band,0.0001,0.6,exp 2026-09-24T12:45:00Z,1790253900000000000,3747.75,0,0,0,0,0,0,122.25,122.25
True,B,25,band(lam=0.0001)@0.6bp,band,0.0001,0.6,exp 2026-09-24T13:00:00Z,1790254800000000000,2745.75,0,0,0,0,0,0,227,227
True,B,25,band(lam=0.0001)@1bp,band,0.0001,1,exp 2026-09-24T12:15:00Z,1790252100000000000,2736.5,0,0,0,0,0,0,17.5,17.5
True,B,25,band(lam=0.0001)@1bp,band,0.0001,1,exp 2026-09-24T12:30:00Z,1790253000000000000,2274.5,0,0,0,0,0,0,52.75,52.75
True,B,25,band(lam=0.0001)@1bp,band,0.0001,1,exp 2026-09-24T12:45:00Z,1790253900000000000,3747.75,0,0,0,0,0,0,122.25,122.25
True,B,25,band(lam=0.0001)@1bp,band,0.0001,1,exp 2026-09-24T13:00:00Z,1790254800000000000,2745.75,0,0,0,0,0,0,227,227
True,B,25,band(lam=0.0001)@5bp,band,0.0001,5,exp 2026-09-24T12:15:00Z,1790252100000000000,2736.5,0,0,0,0,0,0,17.5,17.5
True,B,25,band(lam=0.0001)@5bp,band,0.0001,5,exp 2026-09-24T12:30:00Z,1790253000000000000,2274.5,0,0,0,0,0,0,52.75,52.75
True,B,25,band(lam=0.0001)@5bp,band,0.0001,5,exp 2026-09-24T12:45:00Z,1790253900000000000,3747.75,0,0,0,0,0,0,122.25,122.25
True,B,25,band(lam=0.0001)@5bp,band,0.0001,5,exp 2026-09-24T13:00:00Z,1790254800000000000,2745.75,0,0,0,0,0,0,227,227
True,B,25,band(lam=0.0001)@12bp,band,0.0001,12,exp 2026-09-24T12:15:00Z,1790252100000000000,2736.5,0,0,0,0,0,0,17.5,17.5
True,B,25,band(lam=0.0001)@12bp,band,0.0001,12,exp 2026-09-24T12:30:00Z,1790253000000000000,2274.5,0,0,0,0,0,0,52.75,52.75
True,B,25,band(lam=0.0001)@12bp,band,0.0001,12,exp 2026-09-24T12:45:00Z,1790253900000000000,3747.75,0,0,0,0,0,0,122.25,122.25
True,B,25,band(lam=0.0001)@12bp,band,0.0001,12,exp 2026-09-24T13:00:00Z,1790254800000000000,2745.75,0,0,0,0,0,0,227,227
True,B,25,band(lam=0.001)@0.6bp,band,0.001,0.6,exp 2026-09-24T12:15:00Z,1790252100000000000,2736.5,0,0,0,0,0,0,17.5,17.5
True,B,25,band(lam=0.001)@0.6bp,band,0.001,0.6,exp 2026-09-24T12:30:00Z,1790253000000000000,2274.5,0,0,0,0,0,0,52.75,52.75
True,B,25,band(lam=0.001)@0.6bp,band,0.001,0.6,exp 2026-09-24T12:45:00Z,1790253900000000000,3747.75,0,0,0,0,0,0,122.25,122.25
True,B,25,band(lam=0.001)@0.6bp,band,0.001,0.6,exp 2026-09-24T13:00:00Z,1790254800000000000,2745.75,139.736,3.10004,5.16673,0.611943,24,0,227,363.636
True,B,25,band(lam=0.001)@1bp,band,0.001,1,exp 2026-09-24T12:15:00Z,1790252100000000000,2736.5,0,0,0,0,0,0,17.5,17.5
True,B,25,band(lam=0.001)@1bp,band,0.001,1,exp 2026-09-24T12:30:00Z,1790253000000000000,2274.5,0,0,0,0,0,0,52.75,52.75
True,B,25,band(lam=0.001)@1bp,band,0.001,1,exp 2026-09-24T12:45:00Z,1790253900000000000,3747.75,0,0,0,0,0,0,122.25,122.25
True,B,25,band(lam=0.001)@1bp,band,0.001,1,exp 2026-09-24T13:00:00Z,1790254800000000000,2745.75,81.5526,2.79318,2.79318,0.33075,13,0,227,305.759
True,B,25,band(lam=0.001)@5bp,band,0.001,5,exp 2026-09-24T12:15:00Z,1790252100000000000,2736.5,0,0,0,0,0,0,17.5,17.5
True,B,25,band(lam=0.001)@5bp,band,0.001,5,exp 2026-09-24T12:30:00Z,1790253000000000000,2274.5,0,0,0,0,0,0,52.75,52.75
True,B,25,band(lam=0.001)@5bp,band,0.001,5,exp 2026-09-24T12:45:00Z,1790253900000000000,3747.75,0,0,0,0,0,0,122.25,122.25
True,B,25,band(lam=0.001)@5bp,band,0.001,5,exp 2026-09-24T13:00:00Z,1790254800000000000,2745.75,0,0,0,0,0,0,227,227
True,B,25,band(lam=0.001)@12bp,band,0.001,12,exp 2026-09-24T12:15:00Z,1790252100000000000,2736.5,0,0,0,0,0,0,17.5,17.5
True,B,25,band(lam=0.001)@12bp,band,0.001,12,exp 2026-09-24T12:30:00Z,1790253000000000000,2274.5,0,0,0,0,0,0,52.75,52.75
True,B,25,band(lam=0.001)@12bp,band,0.001,12,exp 2026-09-24T12:45:00Z,1790253900000000000,3747.75,0,0,0,0,0,0,122.25,122.25
True,B,25,band(lam=0.001)@12bp,band,0.001,12,exp 2026-09-24T13:00:00Z,1790254800000000000,2745.75,0,0,0,0,0,0,227,227
True,B,25,band(lam=0.002)@0.6bp,band,0.002,0.6,exp 2026-09-24T12:15:00Z,1790252100000000000,2736.5,2.10333,0.515984,0.859973,0.10239,5,0,17.5,19.0873
True,B,25,band(lam=0.002)@0.6bp,band,0.002,0.6,exp 2026-09-24T12:30:00Z,1790253000000000000,2274.5,0,0,0,0,0,0,52.75,52.75
True,B,25,band(lam=0.002)@0.6bp,band,0.002,0.6,exp 2026-09-24T12:45:00Z,1790253900000000000,3747.75,-37.6008,1.31582,2.19304,0.26063,13,0,122.25,83.3334
True,B,25,band(lam=0.002)@0.6bp,band,0.002,0.6,exp 2026-09-24T13:00:00Z,1790254800000000000,2745.75,83.9008,5.97465,9.95774,1.17794,65,0,227,304.926
True,B,25,band(lam=0.002)@1bp,band,0.002,1,exp 2026-09-24T12:15:00Z,1790252100000000000,2736.5,0,0,0,0,0,0,17.5,17.5
True,B,25,band(lam=0.002)@1bp,band,0.002,1,exp 2026-09-24T12:30:00Z,1790253000000000000,2274.5,0,0,0,0,0,0,52.75,52.75
True,B,25,band(lam=0.002)@1bp,band,0.002,1,exp 2026-09-24T12:45:00Z,1790253900000000000,3747.75,0,0,0,0,0,0,122.25,122.25
True,B,25,band(lam=0.002)@1bp,band,0.002,1,exp 2026-09-24T13:00:00Z,1790254800000000000,2745.75,127.607,8.73475,8.73475,1.03373,54,0,227,345.872
True,B,25,band(lam=0.002)@5bp,band,0.002,5,exp 2026-09-24T12:15:00Z,1790252100000000000,2736.5,0,0,0,0,0,0,17.5,17.5
True,B,25,band(lam=0.002)@5bp,band,0.002,5,exp 2026-09-24T12:30:00Z,1790253000000000000,2274.5,0,0,0,0,0,0,52.75,52.75
True,B,25,band(lam=0.002)@5bp,band,0.002,5,exp 2026-09-24T12:45:00Z,1790253900000000000,3747.75,0,0,0,0,0,0,122.25,122.25
True,B,25,band(lam=0.002)@5bp,band,0.002,5,exp 2026-09-24T13:00:00Z,1790254800000000000,2745.75,0,0,0,0,0,0,227,227
True,B,25,band(lam=0.002)@12bp,band,0.002,12,exp 2026-09-24T12:15:00Z,1790252100000000000,2736.5,0,0,0,0,0,0,17.5,17.5
True,B,25,band(lam=0.002)@12bp,band,0.002,12,exp 2026-09-24T12:30:00Z,1790253000000000000,2274.5,0,0,0,0,0,0,52.75,52.75
True,B,25,band(lam=0.002)@12bp,band,0.002,12,exp 2026-09-24T12:45:00Z,1790253900000000000,3747.75,0,0,0,0,0,0,122.25,122.25
True,B,25,band(lam=0.002)@12bp,band,0.002,12,exp 2026-09-24T13:00:00Z,1790254800000000000,2745.75,0,0,0,0,0,0,227,227
True,B,25,band(lam=0.01)@0.6bp,band,0.01,0.6,exp 2026-09-24T12:15:00Z,1790252100000000000,2736.5,36.8515,9.34631,15.5772,1.85431,40,0,17.5,45.0052
True,B,25,band(lam=0.01)@0.6bp,band,0.01,0.6,exp 2026-09-24T12:30:00Z,1790253000000000000,2274.5,-13.1201,1.22183,2.03638,0.242358,7,0,52.75,38.408
True,B,25,band(lam=0.01)@0.6bp,band,0.01,0.6,exp 2026-09-24T12:45:00Z,1790253900000000000,3747.75,-194.56,17.6788,29.4647,3.50215,89,0,122.25,-89.9887
True,B,25,band(lam=0.01)@0.6bp,band,0.01,0.6,exp 2026-09-24T13:00:00Z,1790254800000000000,2745.75,-142.085,16.2486,27.081,3.20518,174,0,227,68.6659
True,B,25,band(lam=0.01)@1bp,band,0.01,1,exp 2026-09-24T12:15:00Z,1790252100000000000,2736.5,30.8325,14.4005,14.4005,1.71427,36,0,17.5,33.9321
True,B,25,band(lam=0.01)@1bp,band,0.01,1,exp 2026-09-24T12:30:00Z,1790253000000000000,2274.5,-4.7965,1.24951,1.24951,0.148748,3,0,52.75,46.704
True,B,25,band(lam=0.01)@1bp,band,0.01,1,exp 2026-09-24T12:45:00Z,1790253900000000000,3747.75,-210.771,17.7461,17.7461,2.11001,74,0,122.25,-106.267
True,B,25,band(lam=0.01)@1bp,band,0.01,1,exp 2026-09-24T13:00:00Z,1790254800000000000,2745.75,-124.701,23.8098,23.8098,2.81829,147,0,227,78.4894
True,B,25,band(lam=0.01)@5bp,band,0.01,5,exp 2026-09-24T12:15:00Z,1790252100000000000,2736.5,3.55206,13.875,2.77499,0.330359,9,0,17.5,7.17709
True,B,25,band(lam=0.01)@5bp,band,0.01,5,exp 2026-09-24T12:30:00Z,1790253000000000000,2274.5,0,0,0,0,0,0,52.75,52.75
True,B,25,band(lam=0.01)@5bp,band,0.01,5,exp 2026-09-24T12:45:00Z,1790253900000000000,3747.75,-82.1722,23.9233,4.78466,0.56863,29,0,122.25,16.1545
True,B,25,band(lam=0.01)@5bp,band,0.01,5,exp 2026-09-24T13:00:00Z,1790254800000000000,2745.75,30.0472,67.475,13.495,1.59701,87,0,227,189.572
True,B,25,band(lam=0.01)@12bp,band,0.01,12,exp 2026-09-24T12:15:00Z,1790252100000000000,2736.5,0,0,0,0,0,0,17.5,17.5
True,B,25,band(lam=0.01)@12bp,band,0.01,12,exp 2026-09-24T12:30:00Z,1790253000000000000,2274.5,0,0,0,0,0,0,52.75,52.75
True,B,25,band(lam=0.01)@12bp,band,0.01,12,exp 2026-09-24T12:45:00Z,1790253900000000000,3747.75,0,0,0,0,0,0,122.25,122.25
True,B,25,band(lam=0.01)@12bp,band,0.01,12,exp 2026-09-24T13:00:00Z,1790254800000000000,2745.75,176.217,83.3615,6.94679,0.822838,34,0,227,319.855
True,B,25,band_configured(lam=0.002)@5bp,band,0.002,5,exp 2026-09-24T12:15:00Z,1790252100000000000,2736.5,0,0,0,0,0,0,17.5,17.5
True,B,25,band_configured(lam=0.002)@5bp,band,0.002,5,exp 2026-09-24T12:30:00Z,1790253000000000000,2274.5,0,0,0,0,0,0,52.75,52.75
True,B,25,band_configured(lam=0.002)@5bp,band,0.002,5,exp 2026-09-24T12:45:00Z,1790253900000000000,3747.75,0,0,0,0,0,0,122.25,122.25
True,B,25,band_configured(lam=0.002)@5bp,band,0.002,5,exp 2026-09-24T13:00:00Z,1790254800000000000,2745.75,0,0,0,0,0,0,227,227
True,C,1,none,none,,0,exp 2026-09-24T12:15:00Z,1790252100000000000,97.5,0,0,0,0,0,0,-2.84,-2.84
True,C,1,none,none,,0,exp 2026-09-24T12:30:00Z,1790253000000000000,86,0,0,0,0,0,0,0.21,0.21
True,C,1,none,none,,0,exp 2026-09-24T12:45:00Z,1790253900000000000,122,0,0,0,0,0,0,5.59,5.59
True,C,1,none,none,,0,exp 2026-09-24T13:00:00Z,1790254800000000000,108,0,0,0,0,0,0,8.45,8.45
True,C,1,per_fill@0.6bp,per_fill,,0.6,exp 2026-09-24T12:15:00Z,1790252100000000000,97.5,0.455697,0.242716,0.404526,0.048157,4,0,-2.84,-2.62702
True,C,1,per_fill@0.6bp,per_fill,,0.6,exp 2026-09-24T12:30:00Z,1790253000000000000,86,-0.379295,0.0594317,0.0990529,0.0117918,2,0,0.21,-0.228727
True,C,1,per_fill@0.6bp,per_fill,,0.6,exp 2026-09-24T12:45:00Z,1790253900000000000,122,-2.93548,0.151574,0.252624,0.0300394,6,0,5.59,2.50295
True,C,1,per_fill@0.6bp,per_fill,,0.6,exp 2026-09-24T13:00:00Z,1790254800000000000,108,-0.762463,0.112999,0.188332,0.0223073,9,0,8.45,7.57454
True,C,1,per_fill@1bp,per_fill,,1,exp 2026-09-24T12:15:00Z,1790252100000000000,97.5,0.455697,0.404526,0.404526,0.048157,4,0,-2.84,-2.78883
True,C,1,per_fill@1bp,per_fill,,1,exp 2026-09-24T12:30:00Z,1790253000000000000,86,-0.379295,0.0990529,0.0990529,0.0117918,2,0,0.21,-0.268348
True,C,1,per_fill@1bp,per_fill,,1,exp 2026-09-24T12:45:00Z,1790253900000000000,122,-2.93548,0.252624,0.252624,0.0300394,6,0,5.59,2.4019
True,C,1,per_fill@1bp,per_fill,,1,exp 2026-09-24T13:00:00Z,1790254800000000000,108,-0.762463,0.188332,0.188332,0.0223073,9,0,8.45,7.4992
True,C,1,per_fill@5bp,per_fill,,5,exp 2026-09-24T12:15:00Z,1790252100000000000,97.5,0.455697,2.02263,0.404526,0.048157,4,0,-2.84,-4.40693
True,C,1,per_fill@5bp,per_fill,,5,exp 2026-09-24T12:30:00Z,1790253000000000000,86,-0.379295,0.495264,0.0990529,0.0117918,2,0,0.21,-0.664559
True,C,1,per_fill@5bp,per_fill,,5,exp 2026-09-24T12:45:00Z,1790253900000000000,122,-2.93548,1.26312,0.252624,0.0300394,6,0,5.59,1.3914
True,C,1,per_fill@5bp,per_fill,,5,exp 2026-09-24T13:00:00Z,1790254800000000000,108,-0.762463,0.941658,0.188332,0.0223073,9,0,8.45,6.74588
True,C,1,per_fill@12bp,per_fill,,12,exp 2026-09-24T12:15:00Z,1790252100000000000,97.5,0.455697,4.85431,0.404526,0.048157,4,0,-2.84,-7.23861
True,C,1,per_fill@12bp,per_fill,,12,exp 2026-09-24T12:30:00Z,1790253000000000000,86,-0.379295,1.18863,0.0990529,0.0117918,2,0,0.21,-1.35793
True,C,1,per_fill@12bp,per_fill,,12,exp 2026-09-24T12:45:00Z,1790253900000000000,122,-2.93548,3.03149,0.252624,0.0300394,6,0,5.59,-0.376966
True,C,1,per_fill@12bp,per_fill,,12,exp 2026-09-24T13:00:00Z,1790254800000000000,108,-0.762463,2.25998,0.188332,0.0223073,9,0,8.45,5.42756
True,C,1,band(lam=0.0001)@0.6bp,band,0.0001,0.6,exp 2026-09-24T12:15:00Z,1790252100000000000,97.5,0,0,0,0,0,0,-2.84,-2.84
True,C,1,band(lam=0.0001)@0.6bp,band,0.0001,0.6,exp 2026-09-24T12:30:00Z,1790253000000000000,86,0,0,0,0,0,0,0.21,0.21
True,C,1,band(lam=0.0001)@0.6bp,band,0.0001,0.6,exp 2026-09-24T12:45:00Z,1790253900000000000,122,0,0,0,0,0,0,5.59,5.59
True,C,1,band(lam=0.0001)@0.6bp,band,0.0001,0.6,exp 2026-09-24T13:00:00Z,1790254800000000000,108,0,0,0,0,0,0,8.45,8.45
True,C,1,band(lam=0.0001)@1bp,band,0.0001,1,exp 2026-09-24T12:15:00Z,1790252100000000000,97.5,0,0,0,0,0,0,-2.84,-2.84
True,C,1,band(lam=0.0001)@1bp,band,0.0001,1,exp 2026-09-24T12:30:00Z,1790253000000000000,86,0,0,0,0,0,0,0.21,0.21
True,C,1,band(lam=0.0001)@1bp,band,0.0001,1,exp 2026-09-24T12:45:00Z,1790253900000000000,122,0,0,0,0,0,0,5.59,5.59
True,C,1,band(lam=0.0001)@1bp,band,0.0001,1,exp 2026-09-24T13:00:00Z,1790254800000000000,108,0,0,0,0,0,0,8.45,8.45
True,C,1,band(lam=0.0001)@5bp,band,0.0001,5,exp 2026-09-24T12:15:00Z,1790252100000000000,97.5,0,0,0,0,0,0,-2.84,-2.84
True,C,1,band(lam=0.0001)@5bp,band,0.0001,5,exp 2026-09-24T12:30:00Z,1790253000000000000,86,0,0,0,0,0,0,0.21,0.21
True,C,1,band(lam=0.0001)@5bp,band,0.0001,5,exp 2026-09-24T12:45:00Z,1790253900000000000,122,0,0,0,0,0,0,5.59,5.59
True,C,1,band(lam=0.0001)@5bp,band,0.0001,5,exp 2026-09-24T13:00:00Z,1790254800000000000,108,0,0,0,0,0,0,8.45,8.45
True,C,1,band(lam=0.0001)@12bp,band,0.0001,12,exp 2026-09-24T12:15:00Z,1790252100000000000,97.5,0,0,0,0,0,0,-2.84,-2.84
True,C,1,band(lam=0.0001)@12bp,band,0.0001,12,exp 2026-09-24T12:30:00Z,1790253000000000000,86,0,0,0,0,0,0,0.21,0.21
True,C,1,band(lam=0.0001)@12bp,band,0.0001,12,exp 2026-09-24T12:45:00Z,1790253900000000000,122,0,0,0,0,0,0,5.59,5.59
True,C,1,band(lam=0.0001)@12bp,band,0.0001,12,exp 2026-09-24T13:00:00Z,1790254800000000000,108,0,0,0,0,0,0,8.45,8.45
True,C,1,band(lam=0.001)@0.6bp,band,0.001,0.6,exp 2026-09-24T12:15:00Z,1790252100000000000,97.5,0,0,0,0,0,0,-2.84,-2.84
True,C,1,band(lam=0.001)@0.6bp,band,0.001,0.6,exp 2026-09-24T12:30:00Z,1790253000000000000,86,0,0,0,0,0,0,0.21,0.21
True,C,1,band(lam=0.001)@0.6bp,band,0.001,0.6,exp 2026-09-24T12:45:00Z,1790253900000000000,122,0,0,0,0,0,0,5.59,5.59
True,C,1,band(lam=0.001)@0.6bp,band,0.001,0.6,exp 2026-09-24T13:00:00Z,1790254800000000000,108,0,0,0,0,0,0,8.45,8.45
True,C,1,band(lam=0.001)@1bp,band,0.001,1,exp 2026-09-24T12:15:00Z,1790252100000000000,97.5,0,0,0,0,0,0,-2.84,-2.84
True,C,1,band(lam=0.001)@1bp,band,0.001,1,exp 2026-09-24T12:30:00Z,1790253000000000000,86,0,0,0,0,0,0,0.21,0.21
True,C,1,band(lam=0.001)@1bp,band,0.001,1,exp 2026-09-24T12:45:00Z,1790253900000000000,122,0,0,0,0,0,0,5.59,5.59
True,C,1,band(lam=0.001)@1bp,band,0.001,1,exp 2026-09-24T13:00:00Z,1790254800000000000,108,0,0,0,0,0,0,8.45,8.45
True,C,1,band(lam=0.001)@5bp,band,0.001,5,exp 2026-09-24T12:15:00Z,1790252100000000000,97.5,0,0,0,0,0,0,-2.84,-2.84
True,C,1,band(lam=0.001)@5bp,band,0.001,5,exp 2026-09-24T12:30:00Z,1790253000000000000,86,0,0,0,0,0,0,0.21,0.21
True,C,1,band(lam=0.001)@5bp,band,0.001,5,exp 2026-09-24T12:45:00Z,1790253900000000000,122,0,0,0,0,0,0,5.59,5.59
True,C,1,band(lam=0.001)@5bp,band,0.001,5,exp 2026-09-24T13:00:00Z,1790254800000000000,108,0,0,0,0,0,0,8.45,8.45
True,C,1,band(lam=0.001)@12bp,band,0.001,12,exp 2026-09-24T12:15:00Z,1790252100000000000,97.5,0,0,0,0,0,0,-2.84,-2.84
True,C,1,band(lam=0.001)@12bp,band,0.001,12,exp 2026-09-24T12:30:00Z,1790253000000000000,86,0,0,0,0,0,0,0.21,0.21
True,C,1,band(lam=0.001)@12bp,band,0.001,12,exp 2026-09-24T12:45:00Z,1790253900000000000,122,0,0,0,0,0,0,5.59,5.59
True,C,1,band(lam=0.001)@12bp,band,0.001,12,exp 2026-09-24T13:00:00Z,1790254800000000000,108,0,0,0,0,0,0,8.45,8.45
True,C,1,band(lam=0.002)@0.6bp,band,0.002,0.6,exp 2026-09-24T12:15:00Z,1790252100000000000,97.5,0,0,0,0,0,0,-2.84,-2.84
True,C,1,band(lam=0.002)@0.6bp,band,0.002,0.6,exp 2026-09-24T12:30:00Z,1790253000000000000,86,0,0,0,0,0,0,0.21,0.21
True,C,1,band(lam=0.002)@0.6bp,band,0.002,0.6,exp 2026-09-24T12:45:00Z,1790253900000000000,122,0,0,0,0,0,0,5.59,5.59
True,C,1,band(lam=0.002)@0.6bp,band,0.002,0.6,exp 2026-09-24T13:00:00Z,1790254800000000000,108,0,0,0,0,0,0,8.45,8.45
True,C,1,band(lam=0.002)@1bp,band,0.002,1,exp 2026-09-24T12:15:00Z,1790252100000000000,97.5,0,0,0,0,0,0,-2.84,-2.84
True,C,1,band(lam=0.002)@1bp,band,0.002,1,exp 2026-09-24T12:30:00Z,1790253000000000000,86,0,0,0,0,0,0,0.21,0.21
True,C,1,band(lam=0.002)@1bp,band,0.002,1,exp 2026-09-24T12:45:00Z,1790253900000000000,122,0,0,0,0,0,0,5.59,5.59
True,C,1,band(lam=0.002)@1bp,band,0.002,1,exp 2026-09-24T13:00:00Z,1790254800000000000,108,0,0,0,0,0,0,8.45,8.45
True,C,1,band(lam=0.002)@5bp,band,0.002,5,exp 2026-09-24T12:15:00Z,1790252100000000000,97.5,0,0,0,0,0,0,-2.84,-2.84
True,C,1,band(lam=0.002)@5bp,band,0.002,5,exp 2026-09-24T12:30:00Z,1790253000000000000,86,0,0,0,0,0,0,0.21,0.21
True,C,1,band(lam=0.002)@5bp,band,0.002,5,exp 2026-09-24T12:45:00Z,1790253900000000000,122,0,0,0,0,0,0,5.59,5.59
True,C,1,band(lam=0.002)@5bp,band,0.002,5,exp 2026-09-24T13:00:00Z,1790254800000000000,108,0,0,0,0,0,0,8.45,8.45
True,C,1,band(lam=0.002)@12bp,band,0.002,12,exp 2026-09-24T12:15:00Z,1790252100000000000,97.5,0,0,0,0,0,0,-2.84,-2.84
True,C,1,band(lam=0.002)@12bp,band,0.002,12,exp 2026-09-24T12:30:00Z,1790253000000000000,86,0,0,0,0,0,0,0.21,0.21
True,C,1,band(lam=0.002)@12bp,band,0.002,12,exp 2026-09-24T12:45:00Z,1790253900000000000,122,0,0,0,0,0,0,5.59,5.59
True,C,1,band(lam=0.002)@12bp,band,0.002,12,exp 2026-09-24T13:00:00Z,1790254800000000000,108,0,0,0,0,0,0,8.45,8.45
True,C,1,band(lam=0.01)@0.6bp,band,0.01,0.6,exp 2026-09-24T12:15:00Z,1790252100000000000,97.5,0,0,0,0,0,0,-2.84,-2.84
True,C,1,band(lam=0.01)@0.6bp,band,0.01,0.6,exp 2026-09-24T12:30:00Z,1790253000000000000,86,0,0,0,0,0,0,0.21,0.21
True,C,1,band(lam=0.01)@0.6bp,band,0.01,0.6,exp 2026-09-24T12:45:00Z,1790253900000000000,122,0,0,0,0,0,0,5.59,5.59
True,C,1,band(lam=0.01)@0.6bp,band,0.01,0.6,exp 2026-09-24T13:00:00Z,1790254800000000000,108,0,0,0,0,0,0,8.45,8.45
True,C,1,band(lam=0.01)@1bp,band,0.01,1,exp 2026-09-24T12:15:00Z,1790252100000000000,97.5,0,0,0,0,0,0,-2.84,-2.84
True,C,1,band(lam=0.01)@1bp,band,0.01,1,exp 2026-09-24T12:30:00Z,1790253000000000000,86,0,0,0,0,0,0,0.21,0.21
True,C,1,band(lam=0.01)@1bp,band,0.01,1,exp 2026-09-24T12:45:00Z,1790253900000000000,122,0,0,0,0,0,0,5.59,5.59
True,C,1,band(lam=0.01)@1bp,band,0.01,1,exp 2026-09-24T13:00:00Z,1790254800000000000,108,0,0,0,0,0,0,8.45,8.45
True,C,1,band(lam=0.01)@5bp,band,0.01,5,exp 2026-09-24T12:15:00Z,1790252100000000000,97.5,0,0,0,0,0,0,-2.84,-2.84
True,C,1,band(lam=0.01)@5bp,band,0.01,5,exp 2026-09-24T12:30:00Z,1790253000000000000,86,0,0,0,0,0,0,0.21,0.21
True,C,1,band(lam=0.01)@5bp,band,0.01,5,exp 2026-09-24T12:45:00Z,1790253900000000000,122,0,0,0,0,0,0,5.59,5.59
True,C,1,band(lam=0.01)@5bp,band,0.01,5,exp 2026-09-24T13:00:00Z,1790254800000000000,108,0,0,0,0,0,0,8.45,8.45
True,C,1,band(lam=0.01)@12bp,band,0.01,12,exp 2026-09-24T12:15:00Z,1790252100000000000,97.5,0,0,0,0,0,0,-2.84,-2.84
True,C,1,band(lam=0.01)@12bp,band,0.01,12,exp 2026-09-24T12:30:00Z,1790253000000000000,86,0,0,0,0,0,0,0.21,0.21
True,C,1,band(lam=0.01)@12bp,band,0.01,12,exp 2026-09-24T12:45:00Z,1790253900000000000,122,0,0,0,0,0,0,5.59,5.59
True,C,1,band(lam=0.01)@12bp,band,0.01,12,exp 2026-09-24T13:00:00Z,1790254800000000000,108,0,0,0,0,0,0,8.45,8.45
True,C,1,band_configured(lam=0.002)@5bp,band,0.002,5,exp 2026-09-24T12:15:00Z,1790252100000000000,97.5,0,0,0,0,0,0,-2.84,-2.84
True,C,1,band_configured(lam=0.002)@5bp,band,0.002,5,exp 2026-09-24T12:30:00Z,1790253000000000000,86,0,0,0,0,0,0,0.21,0.21
True,C,1,band_configured(lam=0.002)@5bp,band,0.002,5,exp 2026-09-24T12:45:00Z,1790253900000000000,122,0,0,0,0,0,0,5.59,5.59
True,C,1,band_configured(lam=0.002)@5bp,band,0.002,5,exp 2026-09-24T13:00:00Z,1790254800000000000,108,0,0,0,0,0,0,8.45,8.45
True,C,25,none,none,,0,exp 2026-09-24T12:15:00Z,1790252100000000000,2437.5,0,0,0,0,0,0,-71,-71
True,C,25,none,none,,0,exp 2026-09-24T12:30:00Z,1790253000000000000,2150,0,0,0,0,0,0,5.25,5.25
True,C,25,none,none,,0,exp 2026-09-24T12:45:00Z,1790253900000000000,3050,0,0,0,0,0,0,139.75,139.75
True,C,25,none,none,,0,exp 2026-09-24T13:00:00Z,1790254800000000000,2700,0,0,0,0,0,0,211.25,211.25
True,C,25,per_fill@0.6bp,per_fill,,0.6,exp 2026-09-24T12:15:00Z,1790252100000000000,2437.5,6.8379,6.47808,10.7968,1.2854,18,0,-71,-70.6402
True,C,25,per_fill@0.6bp,per_fill,,0.6,exp 2026-09-24T12:30:00Z,1790253000000000000,2150,-9.50647,1.61567,2.69278,0.320539,12,0,5.25,-5.87213
True,C,25,per_fill@0.6bp,per_fill,,0.6,exp 2026-09-24T12:45:00Z,1790253900000000000,3050,-74.6406,3.98337,6.63895,0.789462,23,0,139.75,61.126
True,C,25,per_fill@0.6bp,per_fill,,0.6,exp 2026-09-24T13:00:00Z,1790254800000000000,2700,-22.4079,2.91729,4.86215,0.575928,20,0,211.25,185.925
True,C,25,per_fill@1bp,per_fill,,1,exp 2026-09-24T12:15:00Z,1790252100000000000,2437.5,6.8379,10.7968,10.7968,1.2854,18,0,-71,-74.9589
True,C,25,per_fill@1bp,per_fill,,1,exp 2026-09-24T12:30:00Z,1790253000000000000,2150,-9.50647,2.69278,2.69278,0.320539,12,0,5.25,-6.94924
True,C,25,per_fill@1bp,per_fill,,1,exp 2026-09-24T12:45:00Z,1790253900000000000,3050,-74.6406,6.63895,6.63895,0.789462,23,0,139.75,58.4705
True,C,25,per_fill@1bp,per_fill,,1,exp 2026-09-24T13:00:00Z,1790254800000000000,2700,-22.4079,4.86216,4.86215,0.575928,20,0,211.25,183.98
True,C,25,per_fill@5bp,per_fill,,5,exp 2026-09-24T12:15:00Z,1790252100000000000,2437.5,6.8379,53.984,10.7968,1.2854,18,0,-71,-118.146
True,C,25,per_fill@5bp,per_fill,,5,exp 2026-09-24T12:30:00Z,1790253000000000000,2150,-9.50647,13.4639,2.69278,0.320539,12,0,5.25,-17.7204
True,C,25,per_fill@5bp,per_fill,,5,exp 2026-09-24T12:45:00Z,1790253900000000000,3050,-74.6406,33.1948,6.63895,0.789462,23,0,139.75,31.9146
True,C,25,per_fill@5bp,per_fill,,5,exp 2026-09-24T13:00:00Z,1790254800000000000,2700,-22.4079,24.3108,4.86215,0.575928,20,0,211.25,164.531
True,C,25,per_fill@12bp,per_fill,,12,exp 2026-09-24T12:15:00Z,1790252100000000000,2437.5,6.8379,129.562,10.7968,1.2854,18,0,-71,-193.724
True,C,25,per_fill@12bp,per_fill,,12,exp 2026-09-24T12:30:00Z,1790253000000000000,2150,-9.50647,32.3133,2.69278,0.320539,12,0,5.25,-36.5698
True,C,25,per_fill@12bp,per_fill,,12,exp 2026-09-24T12:45:00Z,1790253900000000000,3050,-74.6406,79.6674,6.63895,0.789462,23,0,139.75,-14.558
True,C,25,per_fill@12bp,per_fill,,12,exp 2026-09-24T13:00:00Z,1790254800000000000,2700,-22.4079,58.3459,4.86215,0.575928,20,0,211.25,130.496
True,C,25,band(lam=0.0001)@0.6bp,band,0.0001,0.6,exp 2026-09-24T12:15:00Z,1790252100000000000,2437.5,0,0,0,0,0,0,-71,-71
True,C,25,band(lam=0.0001)@0.6bp,band,0.0001,0.6,exp 2026-09-24T12:30:00Z,1790253000000000000,2150,0,0,0,0,0,0,5.25,5.25
True,C,25,band(lam=0.0001)@0.6bp,band,0.0001,0.6,exp 2026-09-24T12:45:00Z,1790253900000000000,3050,0,0,0,0,0,0,139.75,139.75
True,C,25,band(lam=0.0001)@0.6bp,band,0.0001,0.6,exp 2026-09-24T13:00:00Z,1790254800000000000,2700,0,0,0,0,0,0,211.25,211.25
True,C,25,band(lam=0.0001)@1bp,band,0.0001,1,exp 2026-09-24T12:15:00Z,1790252100000000000,2437.5,0,0,0,0,0,0,-71,-71
True,C,25,band(lam=0.0001)@1bp,band,0.0001,1,exp 2026-09-24T12:30:00Z,1790253000000000000,2150,0,0,0,0,0,0,5.25,5.25
True,C,25,band(lam=0.0001)@1bp,band,0.0001,1,exp 2026-09-24T12:45:00Z,1790253900000000000,3050,0,0,0,0,0,0,139.75,139.75
True,C,25,band(lam=0.0001)@1bp,band,0.0001,1,exp 2026-09-24T13:00:00Z,1790254800000000000,2700,0,0,0,0,0,0,211.25,211.25
True,C,25,band(lam=0.0001)@5bp,band,0.0001,5,exp 2026-09-24T12:15:00Z,1790252100000000000,2437.5,0,0,0,0,0,0,-71,-71
True,C,25,band(lam=0.0001)@5bp,band,0.0001,5,exp 2026-09-24T12:30:00Z,1790253000000000000,2150,0,0,0,0,0,0,5.25,5.25
True,C,25,band(lam=0.0001)@5bp,band,0.0001,5,exp 2026-09-24T12:45:00Z,1790253900000000000,3050,0,0,0,0,0,0,139.75,139.75
True,C,25,band(lam=0.0001)@5bp,band,0.0001,5,exp 2026-09-24T13:00:00Z,1790254800000000000,2700,0,0,0,0,0,0,211.25,211.25
True,C,25,band(lam=0.0001)@12bp,band,0.0001,12,exp 2026-09-24T12:15:00Z,1790252100000000000,2437.5,0,0,0,0,0,0,-71,-71
True,C,25,band(lam=0.0001)@12bp,band,0.0001,12,exp 2026-09-24T12:30:00Z,1790253000000000000,2150,0,0,0,0,0,0,5.25,5.25
True,C,25,band(lam=0.0001)@12bp,band,0.0001,12,exp 2026-09-24T12:45:00Z,1790253900000000000,3050,0,0,0,0,0,0,139.75,139.75
True,C,25,band(lam=0.0001)@12bp,band,0.0001,12,exp 2026-09-24T13:00:00Z,1790254800000000000,2700,0,0,0,0,0,0,211.25,211.25
True,C,25,band(lam=0.001)@0.6bp,band,0.001,0.6,exp 2026-09-24T12:15:00Z,1790252100000000000,2437.5,0,0,0,0,0,0,-71,-71
True,C,25,band(lam=0.001)@0.6bp,band,0.001,0.6,exp 2026-09-24T12:30:00Z,1790253000000000000,2150,0,0,0,0,0,0,5.25,5.25
True,C,25,band(lam=0.001)@0.6bp,band,0.001,0.6,exp 2026-09-24T12:45:00Z,1790253900000000000,3050,0,0,0,0,0,0,139.75,139.75
True,C,25,band(lam=0.001)@0.6bp,band,0.001,0.6,exp 2026-09-24T13:00:00Z,1790254800000000000,2700,83.8565,1.70252,2.83753,0.33599,10,0,211.25,293.404
True,C,25,band(lam=0.001)@1bp,band,0.001,1,exp 2026-09-24T12:15:00Z,1790252100000000000,2437.5,0,0,0,0,0,0,-71,-71
True,C,25,band(lam=0.001)@1bp,band,0.001,1,exp 2026-09-24T12:30:00Z,1790253000000000000,2150,0,0,0,0,0,0,5.25,5.25
True,C,25,band(lam=0.001)@1bp,band,0.001,1,exp 2026-09-24T12:45:00Z,1790253900000000000,3050,0,0,0,0,0,0,139.75,139.75
True,C,25,band(lam=0.001)@1bp,band,0.001,1,exp 2026-09-24T13:00:00Z,1790254800000000000,2700,14.2213,0.462829,0.462829,0.0547969,3,0,211.25,225.008
True,C,25,band(lam=0.001)@5bp,band,0.001,5,exp 2026-09-24T12:15:00Z,1790252100000000000,2437.5,0,0,0,0,0,0,-71,-71
True,C,25,band(lam=0.001)@5bp,band,0.001,5,exp 2026-09-24T12:30:00Z,1790253000000000000,2150,0,0,0,0,0,0,5.25,5.25
True,C,25,band(lam=0.001)@5bp,band,0.001,5,exp 2026-09-24T12:45:00Z,1790253900000000000,3050,0,0,0,0,0,0,139.75,139.75
True,C,25,band(lam=0.001)@5bp,band,0.001,5,exp 2026-09-24T13:00:00Z,1790254800000000000,2700,0,0,0,0,0,0,211.25,211.25
True,C,25,band(lam=0.001)@12bp,band,0.001,12,exp 2026-09-24T12:15:00Z,1790252100000000000,2437.5,0,0,0,0,0,0,-71,-71
True,C,25,band(lam=0.001)@12bp,band,0.001,12,exp 2026-09-24T12:30:00Z,1790253000000000000,2150,0,0,0,0,0,0,5.25,5.25
True,C,25,band(lam=0.001)@12bp,band,0.001,12,exp 2026-09-24T12:45:00Z,1790253900000000000,3050,0,0,0,0,0,0,139.75,139.75
True,C,25,band(lam=0.001)@12bp,band,0.001,12,exp 2026-09-24T13:00:00Z,1790254800000000000,2700,0,0,0,0,0,0,211.25,211.25
True,C,25,band(lam=0.002)@0.6bp,band,0.002,0.6,exp 2026-09-24T12:15:00Z,1790252100000000000,2437.5,0.819073,0.403225,0.672042,0.0800043,4,0,-71,-70.5842
True,C,25,band(lam=0.002)@0.6bp,band,0.002,0.6,exp 2026-09-24T12:30:00Z,1790253000000000000,2150,0,0,0,0,0,0,5.25,5.25
True,C,25,band(lam=0.002)@0.6bp,band,0.002,0.6,exp 2026-09-24T12:45:00Z,1790253900000000000,3050,-29.4053,1.01285,1.68808,0.200624,9,0,139.75,109.332
True,C,25,band(lam=0.002)@0.6bp,band,0.002,0.6,exp 2026-09-24T13:00:00Z,1790254800000000000,2700,92.4301,4.55632,7.59387,0.898376,57,0,211.25,299.124
True,C,25,band(lam=0.002)@1bp,band,0.002,1,exp 2026-09-24T12:15:00Z,1790252100000000000,2437.5,0,0,0,0,0,0,-71,-71
True,C,25,band(lam=0.002)@1bp,band,0.002,1,exp 2026-09-24T12:30:00Z,1790253000000000000,2150,0,0,0,0,0,0,5.25,5.25
True,C,25,band(lam=0.002)@1bp,band,0.002,1,exp 2026-09-24T12:45:00Z,1790253900000000000,3050,0,0,0,0,0,0,139.75,139.75
True,C,25,band(lam=0.002)@1bp,band,0.002,1,exp 2026-09-24T13:00:00Z,1790254800000000000,2700,137.028,6.40087,6.40087,0.75778,44,0,211.25,341.877
True,C,25,band(lam=0.002)@5bp,band,0.002,5,exp 2026-09-24T12:15:00Z,1790252100000000000,2437.5,0,0,0,0,0,0,-71,-71
True,C,25,band(lam=0.002)@5bp,band,0.002,5,exp 2026-09-24T12:30:00Z,1790253000000000000,2150,0,0,0,0,0,0,5.25,5.25
True,C,25,band(lam=0.002)@5bp,band,0.002,5,exp 2026-09-24T12:45:00Z,1790253900000000000,3050,0,0,0,0,0,0,139.75,139.75
True,C,25,band(lam=0.002)@5bp,band,0.002,5,exp 2026-09-24T13:00:00Z,1790254800000000000,2700,0,0,0,0,0,0,211.25,211.25
True,C,25,band(lam=0.002)@12bp,band,0.002,12,exp 2026-09-24T12:15:00Z,1790252100000000000,2437.5,0,0,0,0,0,0,-71,-71
True,C,25,band(lam=0.002)@12bp,band,0.002,12,exp 2026-09-24T12:30:00Z,1790253000000000000,2150,0,0,0,0,0,0,5.25,5.25
True,C,25,band(lam=0.002)@12bp,band,0.002,12,exp 2026-09-24T12:45:00Z,1790253900000000000,3050,0,0,0,0,0,0,139.75,139.75
True,C,25,band(lam=0.002)@12bp,band,0.002,12,exp 2026-09-24T13:00:00Z,1790254800000000000,2700,0,0,0,0,0,0,211.25,211.25
True,C,25,band(lam=0.01)@0.6bp,band,0.01,0.6,exp 2026-09-24T12:15:00Z,1790252100000000000,2437.5,57.0815,16.1372,26.8953,3.20142,48,0,-71,-30.0557
True,C,25,band(lam=0.01)@0.6bp,band,0.01,0.6,exp 2026-09-24T12:30:00Z,1790253000000000000,2150,-6.72488,0.993604,1.65601,0.197135,7,0,5.25,-2.46848
True,C,25,band(lam=0.01)@0.6bp,band,0.01,0.6,exp 2026-09-24T12:45:00Z,1790253900000000000,3050,-217.657,11.761,19.6017,2.33113,96,0,139.75,-89.6683
True,C,25,band(lam=0.01)@0.6bp,band,0.01,0.6,exp 2026-09-24T13:00:00Z,1790254800000000000,2700,-128.935,18.9636,31.606,3.73968,193,0,211.25,63.3511
True,C,25,band(lam=0.01)@1bp,band,0.01,1,exp 2026-09-24T12:15:00Z,1790252100000000000,2437.5,21.8434,16.4438,16.4438,1.95752,38,0,-71,-65.6005
True,C,25,band(lam=0.01)@1bp,band,0.01,1,exp 2026-09-24T12:30:00Z,1790253000000000000,2150,-4.88922,1.22376,1.22376,0.14568,2,0,5.25,-0.862977
True,C,25,band(lam=0.01)@1bp,band,0.01,1,exp 2026-09-24T12:45:00Z,1790253900000000000,3050,-234.091,17.459,17.459,2.0758,90,0,139.75,-111.8
True,C,25,band(lam=0.01)@1bp,band,0.01,1,exp 2026-09-24T13:00:00Z,1790254800000000000,2700,-110.848,25.8756,25.8756,3.06217,158,0,211.25,74.5265
True,C,25,band(lam=0.01)@5bp,band,0.01,5,exp 2026-09-24T12:15:00Z,1790252100000000000,2437.5,3.56837,13.8633,2.77265,0.330077,8,0,-71,-81.2949
True,C,25,band(lam=0.01)@5bp,band,0.01,5,exp 2026-09-24T12:30:00Z,1790253000000000000,2150,0,0,0,0,0,0,5.25,5.25
True,C,25,band(lam=0.01)@5bp,band,0.01,5,exp 2026-09-24T12:45:00Z,1790253900000000000,3050,-70.9263,20.2006,4.04012,0.480164,26,0,139.75,48.6231
True,C,25,band(lam=0.01)@5bp,band,0.01,5,exp 2026-09-24T13:00:00Z,1790254800000000000,2700,35.8133,55.3874,11.0775,1.311,73,0,211.25,191.676
True,C,25,band(lam=0.01)@12bp,band,0.01,12,exp 2026-09-24T12:15:00Z,1790252100000000000,2437.5,0,0,0,0,0,0,-71,-71
True,C,25,band(lam=0.01)@12bp,band,0.01,12,exp 2026-09-24T12:30:00Z,1790253000000000000,2150,0,0,0,0,0,0,5.25,5.25
True,C,25,band(lam=0.01)@12bp,band,0.01,12,exp 2026-09-24T12:45:00Z,1790253900000000000,3050,0,0,0,0,0,0,139.75,139.75
True,C,25,band(lam=0.01)@12bp,band,0.01,12,exp 2026-09-24T13:00:00Z,1790254800000000000,2700,130.574,55.416,4.618,0.546885,19,0,211.25,286.408
True,C,25,band_configured(lam=0.002)@5bp,band,0.002,5,exp 2026-09-24T12:15:00Z,1790252100000000000,2437.5,0,0,0,0,0,0,-71,-71
True,C,25,band_configured(lam=0.002)@5bp,band,0.002,5,exp 2026-09-24T12:30:00Z,1790253000000000000,2150,0,0,0,0,0,0,5.25,5.25
True,C,25,band_configured(lam=0.002)@5bp,band,0.002,5,exp 2026-09-24T12:45:00Z,1790253900000000000,3050,0,0,0,0,0,0,139.75,139.75
True,C,25,band_configured(lam=0.002)@5bp,band,0.002,5,exp 2026-09-24T13:00:00Z,1790254800000000000,2700,0,0,0,0,0,0,211.25,211.25
