synthetic,policy,scale,hedge_policy,kind,lam,fee_bps,events,contracts,net_c,net_lo_c,net_hi_c,mean_usd_event,sd_usd_event,var_ratio_vs_none,var_ratio_lo,var_ratio_hi,hedge_pnl_c,hedge_fees_c,exec_cost_c,turnover_btc_per_event,trades_per_event,residual_btc_max,lam_u,util_usd,util_lo,util_hi,d_util_usd,d_util_lo,d_util_hi,d_util_p,util_lam0.0001,util_lam0.001,util_lam0.002,util_lam0.01
True,B,1,none,none,,0,4,460.18,3.6464,-1.22227,14.4432,4.195,3.69272,1,1,1,0,0,0,0,0,0,0.002,4.18136,-1.67592,10.0386,0,0,0,0.5,4.19432,4.18818,4.18136,4.12682
True,B,1,per_fill@0.6bp,per_fill,,0.6,4,460.18,1.96111,-1.83091,19.945,2.25616,2.46586,0.445908,-0.512079,1.62676,-1.43375,0.251542,0.419236,0.0573519,7.75,0,0.002,2.25008,-1.65845,6.1586,-1.93129,-5.53062,1.66804,0.906876,2.25585,2.25312,2.25008,2.22575
True,B,1,per_fill@1bp,per_fill,,1,4,460.18,1.79341,-2.0884,29.5409,2.06323,2.54871,0.476374,-0.455943,1.7271,-1.43375,0.419236,0.419236,0.0573519,7.75,0,0.002,2.05674,-1.98347,6.09694,-2.12463,-5.74292,1.49366,0.920772,2.06291,2.05998,2.05674,2.03075
True,B,1,per_fill@5bp,per_fill,,5,4,460.18,0.116469,-4.97939,15.1643,0.133991,3.48935,0.892885,0.00315211,7.80319,-1.43375,2.09618,0.419236,0.0573519,7.75,0,0.002,0.121816,-5.4158,5.65944,-4.05955,-8.33978,0.220688,0.971583,0.133383,0.127904,0.121816,0.0731137
True,B,1,per_fill@12bp,per_fill,,12,4,460.18,-2.81818,-14.5871,8.06398,-3.24218,5.36542,2.11113,-3.59713,33.064,-1.43375,5.03083,0.419236,0.0573519,7.75,0,0.002,-3.27097,-11.7989,5.25697,-7.45233,-14.113,-0.791623,0.981099,-3.24362,-3.25657,-3.27097,-3.38612
True,B,1,band(lam=0.0001)@0.6bp,band,0.0001,0.6,4,460.18,3.6464,-1.22227,14.4432,4.195,3.69272,1,1,1,0,0,0,0,0,0,0.0001,4.19432,-1.68068,10.0693,0,0,0,0.5,4.19432,4.18818,4.18136,4.12682
True,B,1,band(lam=0.0001)@1bp,band,0.0001,1,4,460.18,3.6464,-1.22227,14.4432,4.195,3.69272,1,1,1,0,0,0,0,0,0,0.0001,4.19432,-1.68068,10.0693,0,0,0,0.5,4.19432,4.18818,4.18136,4.12682
True,B,1,band(lam=0.0001)@5bp,band,0.0001,5,4,460.18,3.6464,-1.22227,14.4432,4.195,3.69272,1,1,1,0,0,0,0,0,0,0.0001,4.19432,-1.68068,10.0693,0,0,0,0.5,4.19432,4.18818,4.18136,4.12682
True,B,1,band(lam=0.0001)@12bp,band,0.0001,12,4,460.18,3.6464,-1.22227,14.4432,4.195,3.69272,1,1,1,0,0,0,0,0,0,0.0001,4.19432,-1.68068,10.0693,0,0,0,0.5,4.19432,4.18818,4.18136,4.12682
True,B,1,band(lam=0.001)@0.6bp,band,0.001,0.6,4,460.18,3.6464,-1.22227,14.4432,4.195,3.69272,1,1,1,0,0,0,0,0,0,0.001,4.18818,-1.67841,10.0548,0,0,0,0.5,4.19432,4.18818,4.18136,4.12682
True,B,1,band(lam=0.001)@1bp,band,0.001,1,4,460.18,3.6464,-1.22227,14.4432,4.195,3.69272,1,1,1,0,0,0,0,0,0,0.001,4.18818,-1.67841,10.0548,0,0,0,0.5,4.19432,4.18818,4.18136,4.12682
True,B,1,band(lam=0.001)@5bp,band,0.001,5,4,460.18,3.6464,-1.22227,14.4432,4.195,3.69272,1,1,1,0,0,0,0,0,0,0.001,4.18818,-1.67841,10.0548,0,0,0,0.5,4.19432,4.18818,4.18136,4.12682
True,B,1,band(lam=0.001)@12bp,band,0.001,12,4,460.18,3.6464,-1.22227,14.4432,4.195,3.69272,1,1,1,0,0,0,0,0,0,0.001,4.18818,-1.67841,10.0548,0,0,0,0.5,4.19432,4.18818,4.18136,4.12682
True,B,1,band(lam=0.002)@0.6bp,band,0.002,0.6,4,460.18,3.6464,-1.22227,14.4432,4.195,3.69272,1,1,1,0,0,0,0,0,0,0.002,4.18136,-1.67592,10.0386,0,0,0,0.5,4.19432,4.18818,4.18136,4.12682
True,B,1,band(lam=0.002)@1bp,band,0.002,1,4,460.18,3.6464,-1.22227,14.4432,4.195,3.69272,1,1,1,0,0,0,0,0,0,0.002,4.18136,-1.67592,10.0386,0,0,0,0.5,4.19432,4.18818,4.18136,4.12682
True,B,1,band(lam=0.002)@5bp,band,0.002,5,4,460.18,3.6464,-1.22227,14.4432,4.195,3.69272,1,1,1,0,0,0,0,0,0,0.002,4.18136,-1.67592,10.0386,0,0,0,0.5,4.19432,4.18818,4.18136,4.12682
True,B,1,band(lam=0.002)@12bp,band,0.002,12,4,460.18,3.6464,-1.22227,14.4432,4.195,3.69272,1,1,1,0,0,0,0,0,0,0.002,4.18136,-1.67592,10.0386,0,0,0,0.5,4.19432,4.18818,4.18136,4.12682
True,B,1,band(lam=0.01)@0.6bp,band,0.01,0.6,4,460.18,3.6464,-1.22227,14.4432,4.195,3.69272,1,1,1,0,0,0,0,0,0,0.01,4.12682,-1.65711,9.91075,0,0,0,0.5,4.19432,4.18818,4.18136,4.12682
True,B,1,band(lam=0.01)@1bp,band,0.01,1,4,460.18,3.6464,-1.22227,14.4432,4.195,3.69272,1,1,1,0,0,0,0,0,0,0.01,4.12682,-1.65711,9.91075,0,0,0,0.5,4.19432,4.18818,4.18136,4.12682
True,B,1,band(lam=0.01)@5bp,band,0.01,5,4,460.18,3.6464,-1.22227,14.4432,4.195,3.69272,1,1,1,0,0,0,0,0,0,0.01,4.12682,-1.65711,9.91075,0,0,0,0.5,4.19432,4.18818,4.18136,4.12682
True,B,1,band(lam=0.01)@12bp,band,0.01,12,4,460.18,3.6464,-1.22227,14.4432,4.195,3.69272,1,1,1,0,0,0,0,0,0,0.01,4.12682,-1.65711,9.91075,0,0,0,0.5,4.19432,4.18818,4.18136,4.12682
True,B,1,band_configured(lam=0.002)@5bp,band,0.002,5,4,460.18,3.6464,-1.22227,14.4432,4.195,3.69272,1,1,1,0,0,0,0,0,0,0.002,4.18136,-1.67592,10.0386,0,0,0,0.5,4.19432,4.18818,4.18136,4.12682
True,B,25,none,none,,0,4,11504.5,3.6464,-1.22227,14.4432,104.875,92.318,1,1,1,0,0,0,0,0,0,0.002,96.3524,-39.896,232.601,0,0,0,0.5,104.449,100.614,96.3524,62.262
True,B,25,per_fill@0.6bp,per_fill,,0.6,4,11504.5,1.95188,-1.84443,16.5753,56.1385,61.4921,0.443676,-0.509617,1.64859,-1.4383,0.25622,0.427033,1.46047,21.75,0,0.002,52.3572,-36.3532,141.068,-43.9952,-141.976,53.9851,0.87583,55.9494,54.2478,52.3572,37.2321
True,B,25,per_fill@1bp,per_fill,,1,4,11504.5,1.78107,-2.10556,22.4868,51.2257,63.5949,0.47454,-0.456475,1.75237,-1.4383,0.427033,0.427033,1.46047,21.75,0,0.002,47.1814,-44.8116,139.174,-49.171,-147.956,49.6143,0.894329,51.0235,49.2035,47.1814,31.0041
True,B,25,per_fill@5bp,per_fill,,5,4,11504.5,0.072936,-5.05623,17.01,2.09773,87.4077,0.896451,-0.0405309,7.64056,-1.4383,2.13516,0.427033,1.46047,21.75,0,0.002,-5.54237,-136.093,125.008,-101.895,-219.238,15.4481,0.965026,1.71573,-1.72232,-5.54237,-36.1028
True,B,25,per_fill@12bp,per_fill,,12,4,11504.5,-2.91629,-14.6389,8.45933,-83.8762,134.745,2.13036,-3.6356,32.6199,-1.4383,5.12439,0.427033,1.46047,21.75,0,0.002,-102.032,-311.098,107.033,-198.385,-375.77,-20.9996,0.981079,-84.784,-92.9543,-102.032,-174.657
True,B,25,band(lam=0.0001)@0.6bp,band,0.0001,0.6,4,11504.5,3.6464,-1.22227,14.4432,104.875,92.318,1,1,1,0,0,0,0,0,0,0.0001,104.449,-41.8671,250.765,0,0,0,0.5,104.449,100.614,96.3524,62.262
True,B,25,band(lam=0.0001)@1bp,band,0.0001,1,4,11504.5,3.6464,-1.22227,14.4432,104.875,92.318,1,1,1,0,0,0,0,0,0,0.0001,104.449,-41.8671,250.765,0,0,0,0.5,104.449,100.614,96.3524,62.262
True,B,25,band(lam=0.0001)@5bp,band,0.0001,5,4,11504.5,3.6464,-1.22227,14.4432,104.875,92.318,1,1,1,0,0,0,0,0,0,0.0001,104.449,-41.8671,250.765,0,0,0,0.5,104.449,100.614,96.3524,62.262
True,B,25,band(lam=0.0001)@12bp,band,0.0001,12,4,11504.5,3.6464,-1.22227,14.4432,104.875,92.318,1,1,1,0,0,0,0,0,0,0.0001,104.449,-41.8671,250.765,0,0,0,0.5,104.449,100.614,96.3524,62.262
True,B,25,band(lam=0.001)@0.6bp,band,0.001,0.6,4,11504.5,4.83407,-3.71603,32.1782,139.034,155.931,2.85293,-2.26313,7.96899,1.21462,0.0269463,0.0449105,0.152986,6,0,0.001,126.877,-91.7941,345.548,26.2631,-57.4515,109.978,0.195832,137.818,126.877,114.72,17.4621
True,B,25,band(lam=0.001)@1bp,band,0.001,1,4,11504.5,4.331,-2.63606,23.7228,124.565,128.397,1.93435,-0.625276,4.49397,0.708875,0.024279,0.024279,0.0826876,3.25,0,0.001,116.322,-70.557,303.201,15.7083,-34.3568,65.7735,0.195808,123.741,116.322,108.079,42.1364
True,B,25,band(lam=0.001)@5bp,band,0.001,5,4,11504.5,3.6464,-1.22227,14.4432,104.875,92.318,1,1,1,0,0,0,0,0,0,0.001,100.614,-40.6877,241.915,0,0,0,0.5,104.449,100.614,96.3524,62.262
True,B,25,band(lam=0.001)@12bp,band,0.001,12,4,11504.5,3.6464,-1.22227,14.4432,104.875,92.318,1,1,1,0,0,0,0,0,0,0.001,100.614,-40.6877,241.915,0,0,0,0.5,104.449,100.614,96.3524,62.262
True,B,25,band(lam=0.002)@0.6bp,band,0.002,0.6,4,11504.5,3.99928,-3.25634,229.952,115.024,129.292,1.96141,-2.43578,6.3586,0.420734,0.0678556,0.113093,0.385241,20.75,0,0.002,98.3079,-62.0586,258.674,1.95548,-47.3875,51.2984,0.453807,114.188,106.666,98.3079,31.4425
True,B,25,band(lam=0.002)@1bp,band,0.002,1,4,11504.5,4.67966,-3.38234,29.4367,134.593,147.423,2.55009,-1.72018,6.82036,1.10919,0.0759247,0.0759247,0.258433,13.5,0,0.002,112.86,-72.5896,298.309,16.5072,-36.6671,75.2646,0.198009,133.506,123.726,112.86,25.926
True,B,25,band(lam=0.002)@5bp,band,0.002,5,4,11504.5,3.6464,-1.22227,14.4432,104.875,92.318,1,1,1,0,0,0,0,0,0,0.002,96.3524,-39.896,232.601,0,0,0,0.5,104.449,100.614,96.3524,62.262
True,B,25,band(lam=0.002)@12bp,band,0.002,12,4,11504.5,3.6464,-1.22227,14.4432,104.875,92.318,1,1,1,0,0,0,0,0,0,0.002,96.3524,-39.896,232.601,0,0,0,0.5,104.449,100.614,96.3524,62.262
True,B,25,band(lam=0.01)@0.6bp,band,0.01,0.6,4,11504.5,0.539705,-144.219,4.97352,15.5226,71.5304,0.600357,-3.41729,4.618,-2.71993,0.386767,0.644611,2.201,77.5,0,0.01,-10.0604,-199.436,179.315,-72.3224,-358.415,213.77,0.760022,15.2668,12.9643,10.406,-10.0604
True,B,25,band(lam=0.01)@1bp,band,0.01,1,4,11504.5,0.459455,-12.4926,5.46865,13.2145,81.8281,0.785656,-4.18388,5.75519,-2.6897,0.497247,0.497247,1.69783,65,0,0.01,-20.2647,-245.227,204.698,-82.5266,-402.084,237.031,0.76431,12.8797,9.86659,6.51868,-20.2647
True,B,25,band(lam=0.01)@5bp,band,0.01,5,4,11504.5,2.30913,-2.70047,66.3486,66.4135,84.4387,0.836586,-1.02488,2.74081,-0.422208,0.915061,0.183012,0.623999,31.25,0,0.01,30.764,-28.8956,108.626,-31.498,-149.594,86.5983,0.770824,66.057,62.8485,59.2836,30.764
True,B,25,band(lam=0.01)@12bp,band,0.01,12,4,11504.5,4.45352,-2.89698,25.6553,128.089,135.049,2.13997,-0.989369,5.26931,1.53172,0.724599,0.0603833,0.20571,8.5,0,0.01,36.8983,-116.42,190.217,-25.3637,-112.25,61.5222,0.789297,127.177,118.97,109.851,36.8983
True,B,25,band_configured(lam=0.002)@5bp,band,0.002,5,4,11504.5,3.6464,-1.22227,14.4432,104.875,92.318,1,1,1,0,0,0,0,0,0,0.002,96.3524,-39.896,232.601,0,0,0,0.5,104.449,100.614,96.3524,62.262
True,C,1,none,none,,0,4,413.5,2.75937,-5.62958,13.56,2.8525,5.10599,1,1,1,0,0,0,0,0,0,0.002,2.82643,-5.29992,10.9528,0,0,0,0.5,2.8512,2.83946,2.82643,2.72214
True,C,1,per_fill@0.6bp,per_fill,,0.6,4,413.5,1.74649,-4.79762,11.474,1.80543,4.38001,0.735854,-0.411506,3.14453,-0.875826,0.137055,0.228424,0.0280739,5.25,0,0.002,1.78625,-5.16,8.7325,-1.04018,-3.32068,1.24032,0.878732,1.80448,1.79584,1.78625,1.70951
True,C,1,per_fill@1bp,per_fill,,1,4,413.5,1.65512,-4.93561,11.043,1.71098,4.40253,0.743441,-0.389132,3.1765,-0.875826,0.228424,0.228424,0.0280739,5.25,0,0.002,1.6916,-5.29096,8.67416,-1.13483,-3.40284,1.13318,0.895229,1.71001,1.70129,1.6916,1.61407
True,C,1,per_fill@5bp,per_fill,,5,4,413.5,0.741424,-6.34241,7.98581,0.766447,4.65316,0.830496,-0.194883,3.50511,-0.875826,1.14212,0.228424,0.0280739,5.25,0,0.002,0.744795,-6.64306,8.13265,-2.08163,-4.3903,0.227029,0.967961,0.765365,0.755621,0.744795,0.658188
True,C,1,per_fill@12bp,per_fill,,12,4,413.5,-0.857546,-8.90085,7.18576,-0.886488,5.18647,1.03178,-0.0992812,4.11909,-0.875826,2.74109,0.228424,0.0280739,5.25,0,0.002,-0.913387,-9.16748,7.34071,-3.73982,-6.73335,-0.746287,0.985772,-0.887833,-0.899938,-0.913387,-1.02099
True,C,1,band(lam=0.0001)@0.6bp,band,0.0001,0.6,4,413.5,2.75937,-5.62958,13.56,2.8525,5.10599,1,1,1,0,0,0,0,0,0,0.0001,2.8512,-5.27364,10.976,0,0,0,0.5,2.8512,2.83946,2.82643,2.72214
True,C,1,band(lam=0.0001)@1bp,band,0.0001,1,4,413.5,2.75937,-5.62958,13.56,2.8525,5.10599,1,1,1,0,0,0,0,0,0,0.0001,2.8512,-5.27364,10.976,0,0,0,0.5,2.8512,2.83946,2.82643,2.72214
True,C,1,band(lam=0.0001)@5bp,band,0.0001,5,4,413.5,2.75937,-5.62958,13.56,2.8525,5.10599,1,1,1,0,0,0,0,0,0,0.0001,2.8512,-5.27364,10.976,0,0,0,0.5,2.8512,2.83946,2.82643,2.72214
True,C,1,band(lam=0.0001)@12bp,band,0.0001,12,4,413.5,2.75937,-5.62958,13.56,2.8525,5.10599,1,1,1,0,0,0,0,0,0,0.0001,2.8512,-5.27364,10.976,0,0,0,0.5,2.8512,2.83946,2.82643,2.72214
True,C,1,band(lam=0.001)@0.6bp,band,0.001,0.6,4,413.5,2.75937,-5.62958,13.56,2.8525,5.10599,1,1,1,0,0,0,0,0,0,0.001,2.83946,-5.28606,10.965,0,0,0,0.5,2.8512,2.83946,2.82643,2.72214
True,C,1,band(lam=0.001)@1bp,band,0.001,1,4,413.5,2.75937,-5.62958,13.56,2.8525,5.10599,1,1,1,0,0,0,0,0,0,0.001,2.83946,-5.28606,10.965,0,0,0,0.5,2.8512,2.83946,2.82643,2.72214
True,C,1,band(lam=0.001)@5bp,band,0.001,5,4,413.5,2.75937,-5.62958,13.56,2.8525,5.10599,1,1,1,0,0,0,0,0,0,0.001,2.83946,-5.28606,10.965,0,0,0,0.5,2.8512,2.83946,2.82643,2.72214
True,C,1,band(lam=0.001)@12bp,band,0.001,12,4,413.5,2.75937,-5.62958,13.56,2.8525,5.10599,1,1,1,0,0,0,0,0,0,0.001,2.83946,-5.28606,10.965,0,0,0,0.5,2.8512,2.83946,2.82643,2.72214
True,C,1,band(lam=0.002)@0.6bp,band,0.002,0.6,4,413.5,2.75937,-5.62958,13.56,2.8525,5.10599,1,1,1,0,0,0,0,0,0,0.002,2.82643,-5.29992,10.9528,0,0,0,0.5,2.8512,2.83946,2.82643,2.72214
True,C,1,band(lam=0.002)@1bp,band,0.002,1,4,413.5,2.75937,-5.62958,13.56,2.8525,5.10599,1,1,1,0,0,0,0,0,0,0.002,2.82643,-5.29992,10.9528,0,0,0,0.5,2.8512,2.83946,2.82643,2.72214
True,C,1,band(lam=0.002)@5bp,band,0.002,5,4,413.5,2.75937,-5.62958,13.56,2.8525,5.10599,1,1,1,0,0,0,0,0,0,0.002,2.82643,-5.29992,10.9528,0,0,0,0.5,2.8512,2.83946,2.82643,2.72214
True,C,1,band(lam=0.002)@12bp,band,0.002,12,4,413.5,2.75937,-5.62958,13.56,2.8525,5.10599,1,1,1,0,0,0,0,0,0,0.002,2.82643,-5.29992,10.9528,0,0,0,0.5,2.8512,2.83946,2.82643,2.72214
True,C,1,band(lam=0.01)@0.6bp,band,0.01,0.6,4,413.5,2.75937,-5.62958,13.56,2.8525,5.10599,1,1,1,0,0,0,0,0,0,0.01,2.72214,-5.41306,10.8573,0,0,0,0.5,2.8512,2.83946,2.82643,2.72214
True,C,1,band(lam=0.01)@1bp,band,0.01,1,4,413.5,2.75937,-5.62958,13.56,2.8525,5.10599,1,1,1,0,0,0,0,0,0,0.01,2.72214,-5.41306,10.8573,0,0,0,0.5,2.8512,2.83946,2.82643,2.72214
True,C,1,band(lam=0.01)@5bp,band,0.01,5,4,413.5,2.75937,-5.62958,13.56,2.8525,5.10599,1,1,1,0,0,0,0,0,0,0.01,2.72214,-5.41306,10.8573,0,0,0,0.5,2.8512,2.83946,2.82643,2.72214
True,C,1,band(lam=0.01)@12bp,band,0.01,12,4,413.5,2.75937,-5.62958,13.56,2.8525,5.10599,1,1,1,0,0,0,0,0,0,0.01,2.72214,-5.41306,10.8573,0,0,0,0.5,2.8512,2.83946,2.82643,2.72214
True,C,1,band_configured(lam=0.002)@5bp,band,0.002,5,4,413.5,2.75937,-5.62958,13.56,2.8525,5.10599,1,1,1,0,0,0,0,0,0,0.002,2.82643,-5.29992,10.9528,0,0,0,0.5,2.8512,2.83946,2.82643,2.72214
True,C,25,none,none,,0,4,10337.5,2.75937,-8.61404,13.56,71.3125,127.65,1,1,1,0,0,0,0,0,0,0.002,55.0181,-150.964,261,0,0,0,0.5,70.4978,63.1653,55.0181,-10.1597
True,C,25,per_fill@0.6bp,per_fill,,0.6,4,10337.5,1.64971,-4.91336,10.7164,42.6346,109.633,0.737636,-0.333438,3.04655,-0.964615,0.145049,0.241748,0.742831,18.25,0,0.002,30.6153,-132.701,193.931,-24.4028,-82.0057,33.2001,0.864825,42.0337,36.6249,30.6153,-17.4622
True,C,25,per_fill@1bp,per_fill,,1,4,10337.5,1.55301,-5.06289,10.3257,40.1356,110.289,0.746494,-0.310892,3.08135,-0.964615,0.241748,0.241748,0.742831,18.25,0,0.002,27.9719,-136.831,192.775,-27.0462,-83.7185,29.6261,0.886939,39.5274,34.0537,27.9719,-20.6829
True,C,25,per_fill@5bp,per_fill,,5,4,10337.5,0.586017,-6.58685,7.75889,15.1449,117.536,0.847818,-0.128657,3.4402,-0.964615,1.20874,0.241748,0.742831,18.25,0,0.002,1.33016,-180.67,183.331,-53.6879,-108.617,1.24092,0.973571,14.4541,8.23752,1.33016,-53.9287
True,C,25,per_fill@12bp,per_fill,,12,4,10337.5,-1.10622,-9.36162,7.14174,-28.5888,132.713,1.0809,-0.124707,4.24787,-0.964615,2.90097,0.241748,0.742831,18.25,0,0.002,-46.2015,-266.462,174.059,-101.22,-182.94,-19.4989,0.985449,-29.4695,-37.3952,-46.2015,-116.652
True,C,25,band(lam=0.0001)@0.6bp,band,0.0001,0.6,4,10337.5,2.75937,-8.61404,13.56,71.3125,127.65,1,1,1,0,0,0,0,0,0,0.0001,70.4978,-132.672,273.667,0,0,0,0.5,70.4978,63.1653,55.0181,-10.1597
True,C,25,band(lam=0.0001)@1bp,band,0.0001,1,4,10337.5,2.75937,-8.61404,13.56,71.3125,127.65,1,1,1,0,0,0,0,0,0,0.0001,70.4978,-132.672,273.667,0,0,0,0.5,70.4978,63.1653,55.0181,-10.1597
True,C,25,band(lam=0.0001)@5bp,band,0.0001,5,4,10337.5,2.75937,-8.61404,13.56,71.3125,127.65,1,1,1,0,0,0,0,0,0,0.0001,70.4978,-132.672,273.667,0,0,0,0.5,70.4978,63.1653,55.0181,-10.1597
True,C,25,band(lam=0.0001)@12bp,band,0.0001,12,4,10337.5,2.75937,-8.61404,13.56,71.3125,127.65,1,1,1,0,0,0,0,0,0,0.0001,70.4978,-132.672,273.667,0,0,0,0.5,70.4978,63.1653,55.0181,-10.1597
True,C,25,band(lam=0.001)@0.6bp,band,0.001,0.6,4,10337.5,3.55409,-6.36438,19.7766,91.851,160.144,1.57391,-0.292424,4.61823,0.811187,0.0164693,0.0274489,0.0839975,2.5,0,0.001,79.028,-166.135,324.191,15.8627,-34.9397,66.6651,0.196808,90.5687,79.028,66.205,-36.3792
True,C,25,band(lam=0.001)@1bp,band,0.001,1,4,10337.5,2.89246,-7.92045,14.4936,74.7521,132.76,1.08168,0.821301,1.42188,0.13757,0.00447719,0.00447719,0.0136992,0.75,0,0.001,65.9395,-144.979,276.858,2.77418,-6.10587,11.6542,0.1967,73.8709,65.9395,57.1268,-13.3744
True,C,25,band(lam=0.001)@5bp,band,0.001,5,4,10337.5,2.75937,-8.61404,13.56,71.3125,127.65,1,1,1,0,0,0,0,0,0,0.001,63.1653,-140.9,267.231,0,0,0,0.5,70.4978,63.1653,55.0181,-10.1597
True,C,25,band(lam=0.001)@12bp,band,0.001,12,4,10337.5,2.75937,-8.61404,13.56,71.3125,127.65,1,1,1,0,0,0,0,0,0,0.001,63.1653,-140.9,267.231,0,0,0,0.5,70.4978,63.1653,55.0181,-10.1597
True,C,25,band(lam=0.002)@0.6bp,band,0.002,0.6,4,10337.5,3.31919,-6.17311,18.9866,85.7804,160.213,1.57528,-1.15512,7.04601,0.617595,0.0577741,0.0962901,0.294751,17.5,0,0.002,60.112,-165.689,285.913,5.09394,-34.619,51.7546,0.355254,84.4969,72.9462,60.112,-42.5614
True,C,25,band(lam=0.002)@1bp,band,0.002,1,4,10337.5,4.023,-6.63004,24.1512,103.969,180.961,2.00969,-1.31555,7.99167,1.32554,0.0619189,0.061919,0.189445,11,0,0.002,71.2226,-183.319,325.764,16.2045,-38.4529,80.2499,0.207513,102.332,87.5959,71.2226,-59.7643
True,C,25,band(lam=0.002)@5bp,band,0.002,5,4,10337.5,2.75937,-8.61404,13.56,71.3125,127.65,1,1,1,0,0,0,0,0,0,0.002,55.0181,-150.964,261,0,0,0,0.5,70.4978,63.1653,55.0181,-10.1597
True,C,25,band(lam=0.002)@12bp,band,0.002,12,4,10337.5,2.75937,-8.61404,13.56,71.3125,127.65,1,1,1,0,0,0,0,0,0,0.002,55.0181,-150.964,261,0,0,0,0.5,70.4978,63.1653,55.0181,-10.1597
True,C,25,band(lam=0.01)@0.6bp,band,0.01,0.6,4,10337.5,-0.569203,-4.56549,3.44885,-14.7103,63.5023,0.24748,-0.655992,4.58016,-2.86564,0.46293,0.77155,2.36734,86,0,0.01,-34.8731,-144.587,74.8412,-24.7134,-338.096,288.669,0.590977,-14.912,-16.7266,-18.7429,-34.8731
True,C,25,band(lam=0.01)@1bp,band,0.01,1,4,10337.5,-1.0035,-6.04512,11.3678,-25.9343,80.9678,0.402332,-0.840977,6.79108,-3.17277,0.590106,0.590106,1.81029,72,0,0.01,-58.7132,-186.087,68.6609,-48.5536,-359.895,262.788,0.673116,-26.2621,-29.2122,-32.4901,-58.7132
True,C,25,band(lam=0.01)@5bp,band,0.01,5,4,10337.5,1.58892,-5.28804,8.46587,41.0635,114.011,0.797725,-0.396688,4.00296,-0.305148,0.865308,0.173062,0.53031,26.75,0,0.01,-23.9289,-217.147,169.289,-13.7692,-91.7609,64.2225,0.69327,40.4136,34.5643,28.0651,-23.9289
True,C,25,band(lam=0.01)@12bp,band,0.01,12,4,10337.5,3.48641,-6.44528,19.1879,90.102,157.22,1.51697,-0.160945,4.20725,1.26311,0.536068,0.0446723,0.136721,4.75,0,0.01,-33.4891,-324.635,257.657,-23.3294,-114.03,67.3709,0.763499,88.8661,77.7429,65.3838,-33.4891
True,C,25,band_configured(lam=0.002)@5bp,band,0.002,5,4,10337.5,2.75937,-8.61404,13.56,71.3125,127.65,1,1,1,0,0,0,0,0,0,0.002,55.0181,-150.964,261,0,0,0,0.5,70.4978,63.1653,55.0181,-10.1597
