synthetic,t_decision,t_exec,ticker,event,side,limit_px,edge_c,tau_s,touch_age_s,ext_move_1s,attempt_ct,contracts,avg_px,fee_c,F_decision,settle,net_settle_c,net_1s_c,net_5s_c,net_10s_c,net_60s_c
True,1790251252000000000,1790251252049542780,KXBTCD-26SEP241215-T84000,KXBTCD-26SEP241215,1,0.48,0.324635,848,0.88,10.17,10,10,0.48,1.7472,0.501081,1,50.2528,-1.56669,-2.1658,-1.71954,3.00215
True,1790251334250000000,1790251334279240021,KXBTCD-26SEP241215-T84000,KXBTCD-26SEP241215,-1,0.39,0.199689,765.75,0.13,-31.3284,6,6,0.39,1.6653,0.312921,1,-62.6653,8.36125,5.46225,7.51799,19.972
True,1790251410000000000,1790251410066110294,KXBTCD-26SEP241215-T83750,KXBTCD-26SEP241215,-1,0.56,0.195679,690,0.08,-23.0547,10,0,,,0.534704,1,,,,,
True,1790251423500000000,1790251423585018216,KXBTCD-26SEP241215-T83750,KXBTCD-26SEP241215,-1,0.54,1.87987,676.5,0.08,-9.15385,2,2,0.54,1.7388,0.503242,1,-47.7388,0.271816,-2.59061,0.506289,-4.50263
True,1790251424250000000,1790251424290819015,KXBTCD-26SEP241215-T83750,KXBTCD-26SEP241215,-1,0.53,0.17087,675.75,0.63,8.83434,10,10,0.53,1.7437,0.509228,1,-48.7437,-0.138832,-2.73851,-2.47735,-6.19591
True,1790251798250000000,1790251798304246823,KXBTCD-26SEP241215-T83750,KXBTCD-26SEP241215,1,0.81,0.0340613,301.75,0.43,20.3104,10,10,0.81,1.0773,0.899121,1,17.9227,7.70253,10.0898,7.77312,15.2509
True,1790251862000000000,1790251862036058910,KXBTCD-26SEP241215-T84000,KXBTCD-26SEP241215,-1,0.44,0.655222,238,0.18,-3.34394,10,10,0.44,1.7248,0.370515,1,-57.7248,-1.70938,9.62508,6.4758,12.5122
True,1790251865500000000,1790251865589094033,KXBTCD-26SEP241215-T84000,KXBTCD-26SEP241215,-1,0.44,0.355691,234.5,0.28,-7.85831,1,1,0.44,1.7248,0.374902,1,-57.7248,11.7706,14.8383,-6.66648,12.0095
True,1790251866250000000,1790251866319431303,KXBTCD-26SEP241215-T84000,KXBTCD-26SEP241215,-1,0.42,0.556239,233.75,0.03,-17.9219,4,4,0.42,1.7052,0.342724,1,-59.7052,8.83654,10.1951,-15.3706,7.61261
True,1790251867250000000,1790251867311788537,KXBTCD-26SEP241215-T84000,KXBTCD-26SEP241215,-1,0.4,0.547162,232.75,0.03,-3.11984,3,3,0.4,1.68,0.314589,1,-61.68,10.1062,-2.13955,-17.2853,-2.32744
True,1790251873000000000,1790251873055086488,KXBTCD-26SEP241215-T84000,KXBTCD-26SEP241215,1,0.41,1.5771,227,0.18,20.8372,10,0,,,0.451203,1,,,,,
True,1790251874500000000,1790251874537195850,KXBTCD-26SEP241215-T84000,KXBTCD-26SEP241215,-1,0.45,0.146509,225.5,0.38,-8.51243,10,10,0.46,1.7388,0.392709,1,-55.7388,-4.68051,-20.0785,-11.2254,-13.0291
True,1790251875500000000,1790251875532631718,KXBTCD-26SEP241215-T84000,KXBTCD-26SEP241215,1,0.46,1.01692,224.5,0.08,15.1059,10,8,0.46,1.7388,0.489417,1,52.2612,6.17125,14.126,11.0828,-0.385059
True,1790251876000000000,1790251876069495813,KXBTCD-26SEP241215-T84000,KXBTCD-26SEP241215,1,0.46,2.56723,224,0.08,14.3351,10,0,,,0.504836,1,,,,,
True,1790251877500000000,1790251877555712801,KXBTCD-26SEP241215-T84000,KXBTCD-26SEP241215,1,0.52,0.0278422,222.5,0.58,0.386751,10,10,0.52,1.7472,0.559444,1,46.2528,1.63611,4.24188,2.81928,-1.75899
True,1790251879000000000,1790251879044976903,KXBTCD-26SEP241215-T84000,KXBTCD-26SEP241215,1,0.55,0.286023,221,0.18,15.2189,10,1,0.55,1.7325,0.609619,1,43.2675,2.58344,-8.48653,-4.78366,-4.63443
True,1790251879500000000,1790251879548401388,KXBTCD-26SEP241215-T84000,KXBTCD-26SEP241215,1,0.56,1.54577,220.5,0.28,19.6295,10,10,0.56,1.7248,0.643394,1,42.2752,4.14013,-2.23814,-7.04761,-1.49805
True,1790251883500000000,1790251883558490391,KXBTCD-26SEP241215-T84000,KXBTCD-26SEP241215,-1,0.54,2.16178,216.5,0.08,-17.1865,10,10,0.54,1.7388,0.500846,1,-47.7388,-3.22549,0.737413,5.19387,-1.57976
True,1790251885000000000,1790251885044994962,KXBTCD-26SEP241215-T84000,KXBTCD-26SEP241215,1,0.51,1.14166,215,0.08,10.2033,9,0,,,0.56144,1,,,,,
True,1790251888500000000,1790251888528857096,KXBTCD-26SEP241215-T84000,KXBTCD-26SEP241215,-1,0.57,3.49293,211.5,0.38,-5.56832,10,1,0.57,1.7157,0.515237,1,-44.7157,4.60712,8.21692,25.4391,-13.8129
True,1790251890500000000,1790251890529678082,KXBTCD-26SEP241215-T84000,KXBTCD-26SEP241215,1,0.51,0.212663,209.5,0.08,14.2321,10,10,0.51,1.7493,0.546917,1,47.2507,-0.773056,-16.5786,-28.6919,22.046
True,1790251892500000000,1790251892556687588,KXBTCD-26SEP241215-T84000,KXBTCD-26SEP241215,-1,0.5,0.281605,207.5,0.18,-8.55986,10,10,0.5,1.75,0.467757,1,-51.75,1.18267,16.9523,16.6062,-23.931
True,1790251894250000000,1790251894282000855,KXBTCD-26SEP241215-T84000,KXBTCD-26SEP241215,-1,0.47,1.12371,205.75,0.03,-13.4965,3,3,0.47,1.7437,0.407594,1,-54.7437,7.79177,20.8843,12.9455,-25.6046
True,1790251895000000000,1790251895047570788,KXBTCD-26SEP241215-T84000,KXBTCD-26SEP241215,-1,0.45,2.916,205,0.18,-16.6117,10,10,0.45,1.7325,0.350225,1,-56.7325,10.4165,16.1065,14.8819,-32.8389
True,1790251899250000000,1790251899284092389,KXBTCD-26SEP241215-T84000,KXBTCD-26SEP241215,-1,0.36,1.78238,200.75,0.03,-14.328,7,7,0.36,1.6128,0.243723,1,-65.6128,7.1979,2.07641,15.6343,-43.7619
True,1790251909250000000,1790251909325251199,KXBTCD-26SEP241215-T84000,KXBTCD-26SEP241215,-1,0.3,0.653396,190.75,0.03,-23.1439,6,0,,,0.187533,1,,,,,
True,1790251909750000000,1790251909818702131,KXBTCD-26SEP241215-T84000,KXBTCD-26SEP241215,-1,0.3,0.0225432,190.25,0.13,8.9665,10,10,0.3,1.47,0.194329,1,-71.47,0.72859,5.85613,-3.35353,-55.4293
True,1790251914250000000,1790251914275513585,KXBTCD-26SEP241215-T84000,KXBTCD-26SEP241215,-1,0.36,1.51706,185.75,0.03,-16.6931,10,10,0.36,1.6128,0.24603,1,-65.6128,13.2251,0.126208,4.3488,-47.5959
True,1790251915000000000,1790251915077935517,KXBTCD-26SEP241215-T84000,KXBTCD-26SEP241215,-1,0.34,0.22216,185,0.08,-11.0266,10,10,0.34,1.5708,0.237485,1,-67.5708,8.19734,2.75183,0.380495,-53.18
True,1790251929250000000,1790251929299389391,KXBTCD-26SEP241215-T84000,KXBTCD-26SEP241215,1,0.48,1.19036,170.75,0.13,7.80314,10,10,0.48,1.7472,0.515038,1,50.2528,-4.91529,7.23095,5.65689,42.0065
True,1790251932250000000,1790251932297177474,KXBTCD-26SEP241215-T84000,KXBTCD-26SEP241215,1,0.47,4.55492,167.75,0.03,14.2977,10,10,0.47,1.7437,0.552758,1,51.2563,10.2136,4.33286,0.320752,40.368
True,1790251935500000000,1790251935538135915,KXBTCD-26SEP241215-T84000,KXBTCD-26SEP241215,-1,0.53,2.90663,164.5,0.18,-13.2666,10,0,,,0.473538,1,,,,,
True,1790251940000000000,1790251940068334674,KXBTCD-26SEP241215-T84000,KXBTCD-26SEP241215,1,0.53,2.0701,160,0.08,13.682,10,10,0.53,1.7437,0.608016,1,45.2563,-1.2363,8.0942,19.285,20.309
True,1790251941250000000,1790251941273002367,KXBTCD-26SEP241215-T84000,KXBTCD-26SEP241215,-1,0.57,1.9604,158.75,0.03,-1.26148,10,10,0.57,1.7157,0.528288,1,-44.7157,6.21983,-4.45248,-15.3124,-21.9123
True,1790251944000000000,1790251944056669062,KXBTCD-26SEP241215-T84000,KXBTCD-26SEP241215,1,0.52,0.934087,156,0.38,-6.35866,10,0,,,0.57471,1,,,,,
True,1790251944500000000,1790251944551526746,KXBTCD-26SEP241215-T84000,KXBTCD-26SEP241215,1,0.55,0.055623,155.5,0.28,20.9565,10,10,0.55,1.7325,0.607543,1,43.2675,3.68924,10.7392,17.8358,11.4734
True,1790251945000000000,1790251945037990206,KXBTCD-26SEP241215-T84000,KXBTCD-26SEP241215,1,0.53,2.06875,155,0.08,8.12632,10,0,,,0.607994,1,,,,,
True,1790251948250000000,1790251948312375451,KXBTCD-26SEP241215-T84000,KXBTCD-26SEP241215,1,0.55,3.06587,151.75,0.03,12.3365,10,10,0.55,1.7325,0.653095,1,43.2675,12.7055,14.4456,22.9716,22.6099
True,1790251950500000000,1790251950530257724,KXBTCD-26SEP241215-T84000,KXBTCD-26SEP241215,1,0.64,1.01285,149.5,0.08,13.1567,3,3,0.64,1.6128,0.747949,1,34.3872,4.86678,7.50298,13.1414,14.7464
True,1790251957750000000,1790251957803184595,KXBTCD-26SEP241215-T84000,KXBTCD-26SEP241215,1,0.67,2.22166,142.25,0.03,17.583,10,10,0.67,1.5477,0.798253,1,31.4523,11.8395,9.71409,14.2649,5.49119
True,1790251959750000000,1790251959815484584,KXBTCD-26SEP241215-T84000,KXBTCD-26SEP241215,1,0.73,0.363544,140.25,0.13,13.7643,10,10,0.73,1.3797,0.840628,1,25.6203,3.67232,13.777,9.57961,-1.29987
True,1790251963000000000,1790251963058812709,KXBTCD-26SEP241215-T84000,KXBTCD-26SEP241215,1,0.71,0.798474,137,0.08,15.4654,10,1,0.71,1.4413,0.825381,1,27.5587,14.293,12.4308,11.5087,10.4797
True,1790251963750000000,1790251963788965636,KXBTCD-26SEP241215-T84000,KXBTCD-26SEP241215,1,0.72,0.860365,136.25,0.03,0.263332,2,2,0.72,1.4112,0.835917,1,26.5888,14.7452,11.5653,11.5351,7.51222
True,1790251964500000000,1790251964539445164,KXBTCD-26SEP241215-T84000,KXBTCD-26SEP241215,1,0.78,0.0687511,135.5,0.08,13.5989,2,0,,,0.881871,1,,,,,
True,1790251965000000000,1790251965068696215,KXBTCD-26SEP241215-T84000,KXBTCD-26SEP241215,1,0.77,1.77345,135,0.18,4.58627,10,0,,,0.888138,1,,,,,
True,1790251976000000000,1790251976039494290,KXBTCD-26SEP241215-T84000,KXBTCD-26SEP241215,1,0.75,0.127801,124,0.38,5.36024,10,0,,,0.857177,1,,,,,
True,1790251983500000000,1790251983548712998,KXBTCD-26SEP241215-T84000,KXBTCD-26SEP241215,1,0.73,0.571795,116.5,0.08,14.8008,10,10,0.73,1.3797,0.842769,1,25.6203,14.3048,15.8059,9.90752,25.2654
True,1790251984250000000,1790251984274255933,KXBTCD-26SEP241215-T84000,KXBTCD-26SEP241215,1,0.73,5.80458,115.75,0.03,19.5538,10,10,0.73,1.3797,0.889397,1,25.6203,14.6692,17.374,6.11614,25.2267
True,1790251986250000000,1790251986325806833,KXBTCD-26SEP241215-T84000,KXBTCD-26SEP241215,1,0.84,0.0970909,113.75,0.33,4.41758,10,10,0.84,0.9408,0.924476,1,15.0592,5.55332,6.36231,-3.31482,14.5186
True,1790252001750000000,1790252001789795983,KXBTCD-26SEP241215-T84000,KXBTCD-26SEP241215,1,0.67,1.03346,98.25,0.13,10.545,10,10,0.67,1.5477,0.785103,1,31.4523,4.1367,7.04631,6.68084,30.0186
True,1790252007000000000,1790252007054866347,KXBTCD-26SEP241215-T84000,KXBTCD-26SEP241215,1,0.67,2.77929,93,0.08,10.7669,10,10,0.67,1.5477,0.805542,1,31.4523,8.33762,7.97483,13.3227,29.0095
True,1790252012500000000,1790252012583339036,KXBTCD-26SEP241215-T84000,KXBTCD-26SEP241215,1,0.69,0.338876,87.5,0.18,5.44055,10,10,0.69,1.4973,0.799881,1,29.5027,8.51237,1.80848,16.0105,9.12291
True,1790252020250000000,1790252020337025449,KXBTCD-26SEP241215-T84000,KXBTCD-26SEP241215,1,0.66,4.53177,79.75,0.03,18.1933,10,10,0.66,1.5708,0.814159,1,32.4292,14.5443,12.0587,26.7138,31.0282
True,1790252028250000000,1790252028280618632,KXBTCD-26SEP241215-T84000,KXBTCD-26SEP241215,1,0.72,12.1463,71.75,0.03,22.3041,10,10,0.72,1.4112,0.928924,1,26.5888,18.1404,24.35,24.9653,26.5415
True,1790252032500000000,1790252032575775172,KXBTCD-26SEP241215-T84000,KXBTCD-26SEP241215,1,0.9,0.439154,67.5,0.08,9.1574,10,10,0.9,0.63,0.959496,1,9.37,7.3998,7.15183,8.77704,9.36703
True,1790252033250000000,1790252033317234330,KXBTCD-26SEP241215-T84000,KXBTCD-26SEP241215,1,0.94,0.893853,66.75,0.03,21.6884,10,10,0.94,0.3948,0.977612,1,5.6052,3.90225,3.98166,5.21298,5.60343
True,1790252054500000000,1790252054549032681,KXBTCD-26SEP241215-T84000,KXBTCD-26SEP241215,-1,0.98,0.553725,45.5,3.58,-20.7623,1,1,0.98,0.1372,0.959185,1,-2.1372,1.33691,0.0869828,-0.706621,-2.1372
True,1790252070000000000,1790252070042265671,KXBTCD-26SEP241215-T84000,KXBTCD-26SEP241215,-1,0.93,1.89763,30,0.18,-11.3708,10,0,,,0.878351,1,,,,,
True,1790252070500000000,1790252070542604750,KXBTCD-26SEP241215-T84000,KXBTCD-26SEP241215,-1,0.9,1.97268,29.5,0.08,-11.8569,10,0,,,0.842554,1,,,,,
True,1790252073000000000,1790252073045946131,KXBTCD-26SEP241215-T84000,KXBTCD-26SEP241215,-1,0.8,7.4846,27,0.08,0.177915,10,10,0.8,1.12,0.68766,1,-21.12,-10.4013,-18.7009,-20.927,-21.12
True,1790252073250000000,1790252073299244853,KXBTCD-26SEP241215-T84000,KXBTCD-26SEP241215,1,0.79,0.893166,26.75,0.03,3.40207,10,10,0.79,1.1613,0.903435,1,19.8387,3.37164,17.9496,19.6505,19.8387
True,1790252073750000000,1790252073778186902,KXBTCD-26SEP241215-T84000,KXBTCD-26SEP241215,1,0.76,3.06308,26.25,0.13,6.95501,10,10,0.76,1.2768,0.89956,1,22.7232,5.71872,19.8365,22.5213,22.7232
True,1790252075500000000,1790252075533902810,KXBTCD-26SEP241215-T84000,KXBTCD-26SEP241215,1,0.79,1.06043,24.5,0.08,11.8467,10,10,0.79,1.1613,0.905864,1,19.8387,15.8844,18.7341,19.534,19.8387
True,1790252078250000000,1790252078299799171,KXBTCD-26SEP241215-T84000,KXBTCD-26SEP241215,1,0.94,0.905198,21.75,0.03,-3.96733,10,10,0.94,0.3948,0.980071,1,5.6052,2.32777,5.41698,5.5579,5.6052
True,1790252517250000000,1790252517280637917,KXBTCD-26SEP241230-T84000,KXBTCD-26SEP241230,1,0.58,0.33423,482.75,0.03,17.2627,10,10,0.58,1.7052,0.64928,1,40.2948,3.60309,5.63599,7.95389,10.5015
True,1790252523750000000,1790252523812325539,KXBTCD-26SEP241230-T84000,KXBTCD-26SEP241230,1,0.62,0.00818066,476.25,0.13,5.4865,10,10,0.62,1.6492,0.699434,1,36.3508,2.51177,1.99209,0.934722,12.3866
True,1790252571000000000,1790252571046668187,KXBTCD-26SEP241230-T84000,KXBTCD-26SEP241230,1,0.62,0.146338,429,0.38,12.8777,10,10,0.62,1.6492,0.701904,1,36.3508,2.73926,5.74848,14.8029,17.7173
True,1790252594500000000,1790252594582130992,KXBTCD-26SEP241230-T84000,KXBTCD-26SEP241230,1,0.68,0.281923,405.5,0.28,14.8053,10,0,,,0.777951,1,,,,,
True,1790252595250000000,1790252595329878840,KXBTCD-26SEP241230-T84000,KXBTCD-26SEP241230,1,0.7,0.0464119,404.75,0.33,8.67906,10,10,0.7,1.47,0.79756,1,28.53,7.36937,1.862,5.89084,10.1414
True,1790252601750000000,1790252601808412209,KXBTCD-26SEP241230-T84000,KXBTCD-26SEP241230,1,0.68,0.0901033,398.25,0.63,7.18347,10,10,0.68,1.5232,0.775825,1,30.4768,9.61486,8.34205,9.56698,16.5667
True,1790252625750000000,1790252625771491767,KXBTCD-26SEP241230-T84250,KXBTCD-26SEP241230,-1,0.19,2.33274,374.25,0.13,-18.8739,10,10,0.19,1.0773,0.0846279,0,17.9227,9.35709,7.26379,5.23838,3.91706
True,1790252626500000000,1790252626554256518,KXBTCD-26SEP241230-T84250,KXBTCD-26SEP241230,-1,0.16,0.174085,373.5,0.48,-3.53725,10,10,0.16,0.9408,0.0797446,0,15.0592,4.43448,3.71409,4.19357,1.48588
True,1790252627750000000,1790252627802873520,KXBTCD-26SEP241230-T84000,KXBTCD-26SEP241230,1,0.7,0.635098,372.25,0.23,10.8994,10,10,0.7,1.47,0.804625,1,28.53,8.09576,10.6534,8.64406,18.2341
True,1790252637250000000,1790252637287963745,KXBTCD-26SEP241230-T84250,KXBTCD-26SEP241230,-1,0.19,0.00520796,362.75,0.53,-7.87038,10,10,0.19,1.0773,0.101782,0,17.9227,8.67561,8.22698,11.5059,9.4613
True,1790252640250000000,1790252640298249793,KXBTCD-26SEP241230-T84000,KXBTCD-26SEP241230,1,0.74,0.0926386,359.75,0.43,6.07122,10,10,0.74,1.3468,0.839632,1,24.6532,6.28807,-1.15364,0.476487,12.9451
True,1790252644750000000,1790252644794977439,KXBTCD-26SEP241230-T84250,KXBTCD-26SEP241230,-1,0.15,0.390279,355.25,0.03,-12.3251,10,10,0.15,0.8925,0.0718018,0,14.1075,7.26643,8.26899,4.84898,6.70412
True,1790252647750000000,1790252647790645077,KXBTCD-26SEP241230-T84250,KXBTCD-26SEP241230,-1,0.13,0.419563,352.25,0.23,-10.5282,10,10,0.13,0.7917,0.0597993,0,12.2083,6.47167,4.62415,0.20155,6.88327
True,1790252650500000000,1790252650544291058,KXBTCD-26SEP241230-T84000,KXBTCD-26SEP241230,1,0.66,1.25084,349.5,0.08,16.8028,10,10,0.66,1.5708,0.767114,1,32.4292,10.9063,14.5566,18.3332,15.4474
True,1790252651250000000,1790252651268061037,KXBTCD-26SEP241230-T84000,KXBTCD-26SEP241230,1,0.68,1.28718,348.75,0.23,5.95377,10,10,0.68,1.5232,0.790423,1,30.4768,8.98237,13.2014,16.4654,15.7251
True,1790252651750000000,1790252651792985400,KXBTCD-26SEP241230-T84000,KXBTCD-26SEP241230,1,0.69,0.439508,348.25,0.33,12.545,10,10,0.69,1.4973,0.791923,1,29.5027,7.56317,12.7303,15.5923,16.3036
True,1790252652500000000,1790252652569084256,KXBTCD-26SEP241230-T84000,KXBTCD-26SEP241230,1,0.69,0.674078,347.5,1.08,3.0626,10,10,0.69,1.4973,0.794568,1,29.5027,10.2435,16.4268,16.262,17.999
True,1790252654250000000,1790252654275256799,KXBTCD-26SEP241230-T84000,KXBTCD-26SEP241230,1,0.73,0.562975,345.75,0.23,8.68622,10,10,0.73,1.3797,0.834872,1,25.6203,7.23077,12.3269,13.5923,15.5632
True,1790252657500000000,1790252657575082848,KXBTCD-26SEP241230-T84000,KXBTCD-26SEP241230,1,0.77,0.323573,342.5,0.28,15.8857,3,3,0.77,1.2397,0.86923,1,21.7603,6.18271,8.51969,12.9119,12.1956
True,1790252665250000000,1790252665306059584,KXBTCD-26SEP241230-T84000,KXBTCD-26SEP241230,1,0.79,0.514034,334.75,0.23,12.1102,10,10,0.79,1.1613,0.887312,1,19.8387,10.1269,11.755,13.9149,9.34037
True,1790252667000000000,1790252667049799065,KXBTCD-26SEP241230-T84000,KXBTCD-26SEP241230,1,0.82,0.258423,333,1.08,5.68975,10,10,0.82,1.0332,0.907728,1,16.9668,9.16817,10.4399,11.1776,5.41705
True,1790252668000000000,1790252668030661161,KXBTCD-26SEP241230-T84000,KXBTCD-26SEP241230,1,0.84,0.374583,332,0.68,17.4119,10,10,0.84,0.9408,0.922007,1,15.0592,7.82783,9.37017,9.11908,5.57424
True,1790252670500000000,1790252670532376984,KXBTCD-26SEP241230-T84250,KXBTCD-26SEP241230,-1,0.28,1.20945,329.5,0.28,-13.3962,10,10,0.28,1.4112,0.168116,0,26.5888,6.33537,1.083,5.0407,19.6763
True,1790252671750000000,1790252671783645346,KXBTCD-26SEP241230-T84000,KXBTCD-26SEP241230,1,0.86,0.13023,328.25,0.13,10.3981,10,10,0.86,0.8428,0.932804,1,13.1572,7.79272,7.83878,6.79912,0.949115
True,1790252672750000000,1790252672768804990,KXBTCD-26SEP241230-T84000,KXBTCD-26SEP241230,1,0.87,1.45502,327.25,0.03,12.7442,10,10,0.87,0.7917,0.946352,1,12.2083,6.46446,6.31386,4.73807,0.228827
True,1790252673250000000,1790252673286589390,KXBTCD-26SEP241230-T84000,KXBTCD-26SEP241230,1,0.88,0.527638,326.75,0.33,2.42519,10,10,0.88,0.7392,0.946434,1,11.2608,5.38549,5.64039,2.15039,-0.983172
True,1790252676250000000,1790252676295344200,KXBTCD-26SEP241230-T84000,KXBTCD-26SEP241230,1,0.89,0.934605,323.75,0.53,7.30885,10,10,0.89,0.6853,0.953855,1,10.3147,4.97611,4.40391,0.725927,-3.22192
True,1790252680750000000,1790252680827446518,KXBTCD-26SEP241230-T84250,KXBTCD-26SEP241230,-1,0.31,0.416052,319.25,0.73,-7.84839,10,10,0.31,1.4973,0.207878,0,29.5027,8.15094,15.498,17.5627,25.9551
True,1790252682750000000,1790252682821170499,KXBTCD-26SEP241230-T84250,KXBTCD-26SEP241230,-1,0.29,0.863785,317.25,0.13,-10.9337,10,10,0.29,1.4413,0.181557,0,27.5587,12.4562,14.8291,15.8861,23.1015
True,1790252684500000000,1790252684527299669,KXBTCD-26SEP241230-T84250,KXBTCD-26SEP241230,-1,0.25,0.299482,315.5,0.48,-1.43884,6,6,0.25,1.3125,0.148321,0,23.6875,8.64852,9.13006,14.0561,20.2975
True,1790252689000000000,1790252689038113756,KXBTCD-26SEP241230-T84000,KXBTCD-26SEP241230,1,0.83,0.0088666,311,0.18,8.7725,7,7,0.83,0.9877,0.913057,1,16.0123,6.65655,3.77465,3.1599,-3.67241
True,1790252690500000000,1790252690516145988,KXBTCD-26SEP241230-T84250,KXBTCD-26SEP241230,-1,0.22,0.550101,309.5,0.08,-12.8966,10,10,0.22,1.2012,0.120041,0,20.7988,7.63575,10.8506,12.5048,17.8173
True,1790252693500000000,1790252693559831098,KXBTCD-26SEP241230-T84250,KXBTCD-26SEP241230,-1,0.2,0.569048,306.5,0.68,-7.69455,10,0,,,0.104208,0,,,,,
True,1790252694250000000,1790252694282878573,KXBTCD-26SEP241230-T84250,KXBTCD-26SEP241230,-1,0.19,0.600295,305.75,0.13,-11.1268,7,7,0.19,1.0773,0.0966285,0,17.9227,8.03246,8.77952,10.101,13.8765
True,1790252695000000000,1790252695077446551,KXBTCD-26SEP241230-T84250,KXBTCD-26SEP241230,-1,0.18,0.134684,305,0.58,0.392338,10,10,0.18,1.0332,0.0928883,0,16.9668,7.81975,7.91062,9.76195,13.5021
True,1790252695750000000,1790252695795963951,KXBTCD-26SEP241230-T84250,KXBTCD-26SEP241230,-1,0.18,0.0127452,304.25,1.33,-5.39321,10,10,0.18,1.0332,0.0938077,0,16.9668,7.96478,8.97904,9.36495,12.7228
True,1790252699750000000,1790252699798506373,KXBTCD-26SEP241230-T84000,KXBTCD-26SEP241230,1,0.78,0.474086,300.25,1.23,2.71987,10,10,0.78,1.2012,0.879465,1,20.7988,6.97553,6.37374,3.4228,8.55248
True,1790252700250000000,1790252700277461946,KXBTCD-26SEP241230-T84000,KXBTCD-26SEP241230,1,0.78,0.889575,299.75,1.73,-2.02194,10,10,0.78,1.2012,0.882914,1,20.7988,6.96194,5.5723,4.18179,10.7578
True,1790252701000000000,1790252701015730795,KXBTCD-26SEP241230-T84250,KXBTCD-26SEP241230,-1,0.17,0.609047,299,0.08,-6.3176,10,10,0.17,0.9877,0.0825869,0,16.0123,7.44894,8.83773,9.43088,10.6299
True,1790252702750000000,1790252702827788724,KXBTCD-26SEP241230-T84000,KXBTCD-26SEP241230,1,0.78,0.873521,297.25,0.23,4.25014,7,7,0.78,1.2012,0.882939,1,20.7988,8.31677,1.33133,9.85653,8.99727
True,1790252704250000000,1790252704287204308,KXBTCD-26SEP241230-T84250,KXBTCD-26SEP241230,-1,0.17,1.24479,295.75,0.23,-12.2494,10,10,0.17,0.9877,0.0782203,0,16.0123,9.03587,10.2899,6.21261,11.4046
True,1790252705250000000,1790252705319705768,KXBTCD-26SEP241230-T84250,KXBTCD-26SEP241230,-1,0.15,0.626243,294.75,0.23,0.170241,10,10,0.15,0.8925,0.0697677,0,14.1075,7.36601,7.98382,3.51281,9.21975
True,1790252706000000000,1790252706049658549,KXBTCD-26SEP241230-T84250,KXBTCD-26SEP241230,-1,0.15,0.303553,294,0.98,1.84932,10,10,0.15,0.8925,0.0717472,0,14.1075,7.92158,7.52638,3.93698,9.69119
True,1790252707500000000,1790252707532527969,KXBTCD-26SEP241230-T84250,KXBTCD-26SEP241230,-1,0.13,1.07555,292.5,1.08,-15.7419,1,1,0.13,0.7917,0.0555274,0,12.2083,6.14773,3.50912,2.19445,6.36935
True,1790252710000000000,1790252710046955741,KXBTCD-26SEP241230-T84000,KXBTCD-26SEP241230,1,0.74,0.143879,290,0.38,7.5689,2,2,0.74,1.3468,0.841607,1,24.6532,9.26234,14.5891,15.1951,15.7036
True,1790252711250000000,1790252711289934717,KXBTCD-26SEP241230-T84000,KXBTCD-26SEP241230,1,0.75,0.307207,288.75,0.93,8.53021,10,10,0.75,1.3125,0.85248,1,23.6875,11.4209,13.3774,14.6438,16.3338
True,1790252711750000000,1790252711786277471,KXBTCD-26SEP241230-T84000,KXBTCD-26SEP241230,1,0.75,1.98644,288.25,0.13,7.94539,10,10,0.75,1.3125,0.868003,1,23.6875,12.7447,14.9801,15.6386,16.3998
True,1790252718250000000,1790252718313462393,KXBTCD-26SEP241230-T84250,KXBTCD-26SEP241230,-1,0.2,0.49019,281.75,0.03,3.60563,10,10,0.2,1.12,0.104099,0,18.88,8.38967,7.36215,9.27392,12.9544
True,1790252718750000000,1790252718815388916,KXBTCD-26SEP241230-T84000,KXBTCD-26SEP241230,1,0.83,0.394448,281.25,0.13,8.47674,2,2,0.83,0.9877,0.916438,1,16.0123,6.95252,7.8804,6.43172,7.11615
True,1790252722000000000,1790252722058795175,KXBTCD-26SEP241230-T84000,KXBTCD-26SEP241230,1,0.84,0.0725412,278,0.98,3.40325,9,9,0.84,0.9408,0.920891,1,15.0592,6.60243,2.99723,3.42182,10.0228
True,1790252723250000000,1790252723277749213,KXBTCD-26SEP241230-T84000,KXBTCD-26SEP241230,1,0.84,0.104053,276.75,0.43,5.80821,7,7,0.84,0.9408,0.921062,1,15.0592,5.35866,6.03839,2.81511,10.8601
True,1790252724250000000,1790252724292544329,KXBTCD-26SEP241230-T84250,KXBTCD-26SEP241230,-1,0.18,0.042601,275.75,0.63,-12.8179,10,10,0.18,1.0332,0.092771,0,16.9668,8.47656,9.47469,10.6401,6.79997
True,1790252724750000000,1790252724809261900,KXBTCD-26SEP241230-T84250,KXBTCD-26SEP241230,-1,0.2,2.05569,275.25,0.03,-14.721,10,10,0.2,1.12,0.0919641,0,18.88,10.6142,12.5055,12.0936,7.74478
True,1790252726500000000,1790252726530312776,KXBTCD-26SEP241230-T84250,KXBTCD-26SEP241230,-1,0.17,0.89368,273.5,0.78,-4.85069,10,10,0.17,0.9877,0.0799198,0,16.0123,7.15358,9.6968,10.0146,8.66126
True,1790252728250000000,1790252728281799526,KXBTCD-26SEP241230-T84000,KXBTCD-26SEP241230,1,0.82,0.374937,271.75,1.53,6.59875,10,10,0.82,1.0332,0.909789,1,16.9668,5.51185,4.72276,-1.58648,12.8806
True,1790252728750000000,1790252728810828749,KXBTCD-26SEP241230-T84000,KXBTCD-26SEP241230,1,0.8,1.51513,271.25,0.23,-7.75133,5,5,0.8,1.12,0.904187,1,18.88,5.46153,8.02113,-3.59076,15.5471
True,1790252729250000000,1790252729324405641,KXBTCD-26SEP241230-T84250,KXBTCD-26SEP241230,-1,0.16,0.681068,270.75,0.53,-12.0622,10,10,0.16,0.9408,0.0749252,0,15.0592,8.76935,8.73282,11.5324,0.751711
True,1790252732250000000,1790252732291584675,KXBTCD-26SEP241230-T84000,KXBTCD-26SEP241230,1,0.78,0.717156,267.75,0.13,4.29988,10,10,0.78,1.2012,0.882813,1,20.7988,8.55489,7.3212,2.21208,17.8527
True,1790252736250000000,1790252736296811997,KXBTCD-26SEP241230-T84250,KXBTCD-26SEP241230,-1,0.13,0.32322,263.75,0.63,-7.5244,10,10,0.13,0.7917,0.0593066,0,12.2083,6.31083,8.72231,9.01438,3.72633
True,1790252737500000000,1790252737526965809,KXBTCD-26SEP241230-T84250,KXBTCD-26SEP241230,-1,0.12,0.2267,262.5,0.98,-12.5858,10,0,,,0.0543886,0,,,,,
True,1790252741000000000,1790252741084766068,KXBTCD-26SEP241230-T84000,KXBTCD-26SEP241230,1,0.69,0.989513,259,0.38,5.04041,10,10,0.69,1.4973,0.801216,1,29.5027,9.36522,4.6586,5.74546,26.7117
True,1790252742500000000,1790252742577628009,KXBTCD-26SEP241230-T84000,KXBTCD-26SEP241230,1,0.72,0.241911,257.5,0.38,9.19679,10,10,0.706,1.45278,0.82463,1,27.9472,10.9784,6.0527,7.28011,25.2293
True,1790252744000000000,1790252744069514070,KXBTCD-26SEP241230-T84250,KXBTCD-26SEP241230,-1,0.09,0.007822,256,0.18,-7.00301,8,8,0.09,0.5733,0.0404655,0,8.4267,5.07109,5.12395,4.26563,-2.58526
True,1790252745750000000,1790252745782557296,KXBTCD-26SEP241230-T84250,KXBTCD-26SEP241230,-1,0.07,0.197639,254.25,0.33,-4.07955,10,10,0.07,0.4557,0.0306969,0,6.5443,3.13832,3.70003,2.30025,-3.13481
True,1790252748250000000,1790252748296226577,KXBTCD-26SEP241230-T84000,KXBTCD-26SEP241230,1,0.71,2.08409,251.75,0.23,12.4645,5,5,0.71,1.4413,0.833882,1,27.5587,5.97919,8.47274,11.7674,24.2903
True,1790252749750000000,1790252749768489484,KXBTCD-26SEP241230-T84250,KXBTCD-26SEP241230,-1,0.08,0.663967,250.25,0.23,-12.5353,10,10,0.08,0.5152,0.0328135,0,7.4848,4.64047,4.20997,2.37616,-0.749304
True,1790252751750000000,1790252751820223014,KXBTCD-26SEP241230-T84000,KXBTCD-26SEP241230,1,0.69,0.484257,248.25,0.03,10.7155,10,10,0.69,1.4973,0.796127,1,29.5027,9.27314,13.036,17.7127,26.1376
True,1790252753750000000,1790252753782518562,KXBTCD-26SEP241230-T84000,KXBTCD-26SEP241230,1,0.71,0.968767,246.25,0.53,3.9872,10,10,0.71,1.4413,0.822771,1,27.5587,6.9987,12.9408,15.8225,24.8018
True,1790252755750000000,1790252755777502712,KXBTCD-26SEP241230-T84000,KXBTCD-26SEP241230,1,0.74,0.207145,244.25,0.13,11.0652,10,10,0.74,1.3468,0.844608,1,24.6532,8.18585,13.6513,11.9459,22.6587
True,1790252756750000000,1790252756777382530,KXBTCD-26SEP241230-T84000,KXBTCD-26SEP241230,1,0.73,0.232686,243.25,0.23,5.12697,10,10,0.73,1.3797,0.835322,1,25.6203,8.02027,13.8297,14.7184,23.9136
True,1790252758000000000,1790252758041605102,KXBTCD-26SEP241230-T84250,KXBTCD-26SEP241230,-1,0.08,0.0366814,242,1.28,0.388179,10,10,0.08,0.5152,0.0356169,0,7.4848,3.31918,2.5406,1.40633,-10.642
True,1790252759500000000,1790252759580577072,KXBTCD-26SEP241230-T84000,KXBTCD-26SEP241230,1,0.75,1.95387,240.5,0.18,12.2588,10,0,,,0.869964,1,,,,,
True,1790252761500000000,1790252761546061405,KXBTCD-26SEP241230-T84250,KXBTCD-26SEP241230,-1,0.11,1.22953,238.5,0.18,-12.6323,10,10,0.12,0.7392,0.0435809,0,11.2608,6.5744,6.47206,4.71319,-2.99171
True,1790252762750000000,1790252762772762403,KXBTCD-26SEP241230-T84000,KXBTCD-26SEP241230,1,0.78,0.441281,237.25,0.13,-4.32876,4,4,0.78,1.2012,0.881974,1,20.7988,9.06246,11.9006,15.4194,18.9622
True,1790252763250000000,1790252763306010870,KXBTCD-26SEP241230-T84250,KXBTCD-26SEP241230,-1,0.11,0.197588,236.75,0.03,2.06537,10,10,0.11,0.6853,0.0489154,0,10.3147,5.7071,3.98029,-0.523557,-4.7075
True,1790252764500000000,1790252764553383418,KXBTCD-26SEP241230-T84250,KXBTCD-26SEP241230,-1,0.11,0.54111,235.5,0.08,0.870797,10,10,0.11,0.6853,0.0470635,0,10.3147,5.8621,4.98209,1.26879,-3.81191
True,1790252765000000000,1790252765031149501,KXBTCD-26SEP241230-T84250,KXBTCD-26SEP241230,-1,0.1,0.356685,235,0.18,-0.425781,10,10,0.1,0.63,0.04312,0,9.37,4.95356,3.66996,2.12684,-2.8473
True,1790252766000000000,1790252766040739518,KXBTCD-26SEP241230-T84250,KXBTCD-26SEP241230,-1,0.1,0.146092,234,0.18,1.72443,10,10,0.1,0.63,0.0441666,0,9.37,4.3775,2.62454,2.75282,-2.87921
True,1790252766250000000,1790252766310512759,KXBTCD-26SEP241230-T84000,KXBTCD-26SEP241230,1,0.79,0.981804,233.75,0.13,3.24854,10,10,0.79,1.1613,0.894209,1,19.8387,11.0728,12.4852,12.1823,17.9025
True,1790252767250000000,1790252767328250450,KXBTCD-26SEP241230-T84000,KXBTCD-26SEP241230,1,0.8,2.44887,232.75,0.13,14.2936,5,5,0.79,1.1613,0.912334,1,19.8387,11.6315,14.5045,12.7268,18.0086
True,1790252769500000000,1790252769551328004,KXBTCD-26SEP241230-T84250,KXBTCD-26SEP241230,-1,0.13,1.24564,230.5,0.18,-4.46486,10,10,0.13,0.7917,0.0533306,0,12.2083,5.67032,3.16237,5.50943,2.99387
True,1790252770250000000,1790252770302686794,KXBTCD-26SEP241230-T84000,KXBTCD-26SEP241230,1,0.83,0.550587,229.75,0.03,7.52129,10,10,0.83,0.9877,0.919148,1,16.0123,8.65871,9.70545,9.50021,14.233
True,1790252771000000000,1790252771038104352,KXBTCD-26SEP241230-T84000,KXBTCD-26SEP241230,1,0.84,0.540709,229,0.38,13.7549,6,6,0.84,0.9408,0.925515,1,15.0592,8.55317,7.94911,9.12358,13.5982
True,1790252772000000000,1790252772060525884,KXBTCD-26SEP241230-T84000,KXBTCD-26SEP241230,1,0.85,1.08963,228,0.28,9.57515,3,0,,,0.934936,1,,,,,
True,1790252774500000000,1790252774536637439,KXBTCD-26SEP241230-T84250,KXBTCD-26SEP241230,-1,0.18,0.0988586,225.5,0.28,-10.9523,6,6,0.19,1.0773,0.0904658,0,17.9227,10.9122,11.2237,8.02152,-2.70169
True,1790252777000000000,1790252777035472187,KXBTCD-26SEP241230-T84250,KXBTCD-26SEP241230,-1,0.13,0.49728,223,0.08,-2.09415,10,10,0.13,0.7917,0.0572821,0,12.2083,5.75706,2.64837,4.34703,-4.10983
True,1790252777250000000,1790252777286319344,KXBTCD-26SEP241230-T84000,KXBTCD-26SEP241230,1,0.85,0.0979976,222.75,0.03,8.79519,1,1,0.85,0.8925,0.928873,1,14.1075,6.41062,9.45486,9.55517,12.9249
True,1790252778250000000,1790252778294060501,KXBTCD-26SEP241230-T84250,KXBTCD-26SEP241230,-1,0.13,0.160373,221.75,1.33,-17.5181,10,10,0.13,0.7917,0.0592619,0,12.2083,5.12941,1.91748,2.36075,-8.15275
True,1790252779250000000,1790252779308283785,KXBTCD-26SEP241230-T84000,KXBTCD-26SEP241230,1,0.86,0.375632,220.75,0.03,16.8748,4,4,0.86,0.8428,0.936465,1,13.1572,6.64517,8.96727,10.29,11.7441
True,1790252780000000000,1790252780074689974,KXBTCD-26SEP241230-T84000,KXBTCD-26SEP241230,1,0.85,0.420368,220,0.28,2.2982,7,7,0.85,0.8925,0.931073,1,14.1075,8.5003,10.3602,11.106,12.6322
True,1790252781000000000,1790252781035533068,KXBTCD-26SEP241230-T84000,KXBTCD-26SEP241230,1,0.85,2.01519,219,0.18,13.3709,10,0,,,0.94064,1,,,,,
True,1790252783500000000,1790252783546994034,KXBTCD-26SEP241230-T84000,KXBTCD-26SEP241230,1,0.91,0.00254073,216.5,0.48,3.83608,10,10,0.9,0.63,0.960029,1,9.37,5.08699,5.81362,6.48179,8.15717
True,1790252784750000000,1790252784787257773,KXBTCD-26SEP241230-T84000,KXBTCD-26SEP241230,1,0.91,0.345527,215.25,0.43,-6.45752,10,10,0.91,0.5733,0.961715,1,8.4267,3.7333,5.60733,5.68378,6.90594
True,1790252785500000000,1790252785547889949,KXBTCD-26SEP241230-T84250,KXBTCD-26SEP241230,-1,0.2,2.08002,214.5,0.28,-10.6605,10,0,,,0.089539,0,,,,,
True,1790252787250000000,1790252787282050581,KXBTCD-26SEP241230-T84000,KXBTCD-26SEP241230,1,0.89,0.764155,212.75,0.03,11.7007,10,10,0.89,0.6853,0.954474,1,10.3147,6.22854,7.36853,7.04074,9.47474
True,1790252790500000000,1790252790527658124,KXBTCD-26SEP241230-T84250,KXBTCD-26SEP241230,-1,0.23,1.71847,209.5,0.18,-10.8618,10,10,0.23,1.2397,0.114093,0,21.7603,6.95783,11.0584,11.6675,5.35753
True,1790252791750000000,1790252791846296880,KXBTCD-26SEP241230-T84000,KXBTCD-26SEP241230,1,0.93,1.05155,208.25,0.23,5.85704,10,10,0.93,0.4557,0.973397,1,6.5443,3.67376,2.87117,3.66866,5.63362
True,1790252795250000000,1790252795307622416,KXBTCD-26SEP241230-T84250,KXBTCD-26SEP241230,-1,0.23,0.665018,204.75,0.03,-0.85628,3,3,0.23,1.2397,0.122681,0,21.7603,13.2785,12.3422,10.3787,5.72416
True,1790252796250000000,1790252796294809065,KXBTCD-26SEP241230-T84250,KXBTCD-26SEP241230,-1,0.21,3.65449,203.75,0.03,-16.5125,10,10,0.21,1.1613,0.0848255,0,19.8387,8.93463,7.49116,9.94174,-1.70914
True,1790252797750000000,1790252797801588218,KXBTCD-26SEP241230-T84000,KXBTCD-26SEP241230,1,0.91,1.86994,202.25,0.13,12.2814,10,10,0.91,0.5733,0.968859,1,8.4267,4.68347,5.60946,5.49047,8.00788
True,1790252799000000000,1790252799038107254,KXBTCD-26SEP241230-T84250,KXBTCD-26SEP241230,-1,0.18,1.22921,201,0.88,-22.5483,2,2,0.18,1.0332,0.0815472,0,16.9668,8.07578,6.53161,8.75029,-8.42975
True,1790252800250000000,1790252800288751288,KXBTCD-26SEP241230-T84000,KXBTCD-26SEP241230,1,0.91,0.844709,199.75,0.03,10.0325,10,10,0.91,0.5733,0.964224,1,8.4267,5.6623,5.62875,4.77916,7.6841
True,1790252804250000000,1790252804281487455,KXBTCD-26SEP241230-T84000,KXBTCD-26SEP241230,1,0.94,0.0201824,195.75,1.23,5.75289,1,1,0.94,0.3948,0.973071,1,5.6052,2.80721,2.47827,2.85835,4.93911
True,1790252804750000000,1790252804795930624,KXBTCD-26SEP241230-T84250,KXBTCD-26SEP241230,-1,0.22,1.05528,195.25,0.13,6.96844,8,8,0.22,1.2012,0.110899,0,20.7988,11.1199,12.565,10.8612,3.26652
True,1790252805500000000,1790252805546036176,KXBTCD-26SEP241230-T84250,KXBTCD-26SEP241230,-1,0.21,1.43384,194.5,0.68,-4.79391,3,3,0.21,1.1613,0.10046,0,19.8387,10.1837,10.9626,7.66827,6.16627
True,1790252807250000000,1790252807317013393,KXBTCD-26SEP241230-T84250,KXBTCD-26SEP241230,-1,0.19,0.0640455,192.75,0.53,-3.51295,10,10,0.19,1.0773,0.0963304,0,17.9227,8.85223,9.49061,-1.84297,2.14247
True,1790252807750000000,1790252807877829667,KXBTCD-26SEP241230-T84000,KXBTCD-26SEP241230,1,0.93,0.371069,192.25,0.53,-3.5773,10,0,,,0.970635,1,,,,,
True,1790252808250000000,1790252808288229621,KXBTCD-26SEP241230-T84250,KXBTCD-26SEP241230,-1,0.19,0.82962,191.75,0.43,2.18898,10,10,0.19,1.0773,0.0907137,0,17.9227,8.56274,9.86329,-1.80677,-0.362496
True,1790252809500000000,1790252809554052628,KXBTCD-26SEP241230-T84000,KXBTCD-26SEP241230,1,0.93,0.183551,190.5,0.98,-3.04254,3,3,0.93,0.4557,0.969821,1,6.5443,3.32832,3.42449,4.88015,5.92699
True,1790252809750000000,1790252809782562983,KXBTCD-26SEP241230-T84250,KXBTCD-26SEP241230,-1,0.18,1.05397,190.25,1.23,-0.320047,10,10,0.18,1.0332,0.0823434,0,16.9668,8.57527,7.02904,-0.600485,3.59643
True,1790252810750000000,1790252810780974765,KXBTCD-26SEP241230-T84250,KXBTCD-26SEP241230,-1,0.18,0.816506,189.25,0.03,0.755999,10,10,0.18,1.0332,0.0839195,0,16.9668,8.70765,2.96345,1.59798,5.81737
True,1790252811750000000,1790252811840849692,KXBTCD-26SEP241230-T84000,KXBTCD-26SEP241230,1,0.92,0.325095,188.25,0.23,1.22055,2,2,0.92,0.5152,0.966345,1,7.4848,4.6186,5.77834,5.3001,6.94836
True,1790252812500000000,1790252812563437056,KXBTCD-26SEP241230-T84000,KXBTCD-26SEP241230,1,0.93,0.0144266,187.5,0.58,1.37704,10,4,0.93,0.4557,0.969118,1,6.5443,3.37443,4.9849,4.82961,6.08031
True,1790252813750000000,1790252813802740990,KXBTCD-26SEP241230-T84000,KXBTCD-26SEP241230,1,0.93,0.777928,186.25,1.83,-1.90774,10,9,0.93,0.4557,0.972429,1,6.5443,3.82932,4.99635,4.87861,6.0581
True,1790252814250000000,1790252814311843792,KXBTCD-26SEP241230-T84000,KXBTCD-26SEP241230,1,0.93,0.810474,185.75,2.33,-0.53719,10,0,,,0.97253,1,,,,,
True,1790252814750000000,1790252814797196228,KXBTCD-26SEP241230-T84000,KXBTCD-26SEP241230,1,0.93,0.875065,185.25,2.83,15.5663,10,10,0.93,0.4557,0.972848,1,6.5443,4.54992,4.9888,4.51658,6.02922
True,1790252819500000000,1790252819534905700,KXBTCD-26SEP241230-T84250,KXBTCD-26SEP241230,-1,0.27,0.0835759,180.5,0.38,-5.69491,10,10,0.27,1.3797,0.162298,0,25.6203,8.55499,11.4933,16.4056,17.3654
True,1790252820250000000,1790252820276756906,KXBTCD-26SEP241230-T84250,KXBTCD-26SEP241230,-1,0.29,0.728069,179.75,0.03,2.6666,10,10,0.29,1.4413,0.17561,0,27.5587,13.0976,13.6953,14.7746,19.9505
True,1790252821250000000,1790252821286444433,KXBTCD-26SEP241230-T84250,KXBTCD-26SEP241230,-1,0.27,1.90809,178.75,0.13,-8.84523,10,10,0.27,1.3797,0.144617,0,25.6203,12.7607,12.9382,9.94643,19.984
True,1790252824500000000,1790252824619660440,KXBTCD-26SEP241230-T84250,KXBTCD-26SEP241230,-1,0.25,0.328206,175.5,0.08,-8.23064,10,10,0.25,1.3125,0.141278,0,23.6875,9.87533,14.4744,3.06502,15.9446
True,1790252827000000000,1790252827042666373,KXBTCD-26SEP241230-T84250,KXBTCD-26SEP241230,-1,0.23,1.30122,173,0.48,0.248521,5,5,0.23,1.2397,0.115829,0,21.7603,9.38385,-0.653807,5.44234,11.6963
True,1790252827250000000,1790252827282970041,KXBTCD-26SEP241230-T84000,KXBTCD-26SEP241230,1,0.96,0.247899,172.75,0.03,1.49125,10,10,0.96,0.2688,0.981694,1,3.7312,1.50335,2.59293,2.54855,3.24025
True,1790252827500000000,1790252827548397917,KXBTCD-26SEP241230-T84250,KXBTCD-26SEP241230,-1,0.22,0.120872,172.5,0.08,-5.21741,3,3,0.22,1.2012,0.117755,0,20.7988,10.7947,-1.38996,1.72861,12.2765
True,1790252828000000000,1790252828020137860,KXBTCD-26SEP241230-T84250,KXBTCD-26SEP241230,-1,0.23,0.354463,172,0.18,-8.16731,2,2,0.23,1.2397,0.123774,0,21.7603,12.1933,-4.09233,-0.426779,13.8628
True,1790252830000000000,1790252830035478923,KXBTCD-26SEP241230-T84000,KXBTCD-26SEP241230,1,0.95,1.29671,170,0.08,18.7222,10,10,0.95,0.3325,0.982188,1,4.6675,3.20649,3.71411,3.21343,4.10715
True,1790252832750000000,1790252832791017101,KXBTCD-26SEP241230-T84000,KXBTCD-26SEP241230,1,0.98,0.112359,167.25,0.93,8.24261,10,10,0.98,0.1372,0.990236,1,1.8628,0.798909,0.872658,0.369398,1.25274
True,1790252834250000000,1790252834278095359,KXBTCD-26SEP241230-T84250,KXBTCD-26SEP241230,-1,0.33,1.39937,165.75,0.23,-8.53109,10,10,0.33,1.5477,0.211396,0,31.4523,5.09697,17.901,21.5525,27.762
True,1790252836500000000,1790252836564266871,KXBTCD-26SEP241230-T84250,KXBTCD-26SEP241230,-1,0.33,1.66398,163.5,0.08,-19.2916,3,3,0.33,1.5477,0.208254,0,31.4523,12.3825,17.9105,14.4887,27.8496
True,1790252838750000000,1790252838781739599,KXBTCD-26SEP241230-T84250,KXBTCD-26SEP241230,-1,0.28,1.54192,161.25,0.13,-18.4321,10,10,0.28,1.4112,0.157348,0,26.5888,13.3928,13.0638,4.97826,23.6114
True,1790252841750000000,1790252841781626365,KXBTCD-26SEP241230-T84250,KXBTCD-26SEP241230,-1,0.21,0.101753,158.25,0.33,-5.32045,7,7,0.21,1.1613,0.110027,0,19.8387,8.34641,1.3366,2.92798,15.6828
True,1790252842250000000,1790252842304372226,KXBTCD-26SEP241230-T84250,KXBTCD-26SEP241230,-1,0.2,0.304336,157.75,0.43,-8.51841,10,10,0.2,1.12,0.101105,0,18.88,4.26162,-2.66728,4.70731,15.4494
True,1790252842750000000,1790252842835960261,KXBTCD-26SEP241230-T84250,KXBTCD-26SEP241230,-1,0.23,1.41705,157.25,0.23,8.14172,4,4,0.23,1.2397,0.114929,0,21.7603,8.23646,-1.2425,9.02857,17.7379
True,1790252843250000000,1790252843319814944,KXBTCD-26SEP241230-T84000,KXBTCD-26SEP241230,1,0.97,0.640943,156.75,0.13,14.8178,10,10,0.97,0.2037,0.987761,1,2.7963,1.17416,1.96733,1.61219,2.3308
True,1790252844250000000,1790252844323750253,KXBTCD-26SEP241230-T84250,KXBTCD-26SEP241230,-1,0.22,2.50124,155.75,0.23,-16.3181,1,1,0.22,1.2012,0.0990031,0,20.7988,6.84596,-0.443192,9.65109,17.6203
True,1790252846000000000,1790252846055258592,KXBTCD-26SEP241230-T84000,KXBTCD-26SEP241230,1,0.98,0.138456,154,0.08,5.93418,10,10,0.98,0.1372,0.990426,1,1.8628,0.933324,0.966107,1.16774,1.46487
True,1790252850250000000,1790252850294987303,KXBTCD-26SEP241230-T84250,KXBTCD-26SEP241230,-1,0.29,0.0246905,149.75,0.13,-9.67512,5,5,0.29,1.4413,0.183148,0,27.5587,7.99243,11.5223,10.6214,26.667
True,1790252852250000000,1790252852336547241,KXBTCD-26SEP241230-T84250,KXBTCD-26SEP241230,-1,0.26,1.25336,147.75,0.63,-14.8861,10,10,0.263,1.35667,0.141738,0,24.9433,13.6675,-7.60836,14.1344,24.2343
True,1790252854750000000,1790252854820287442,KXBTCD-26SEP241230-T84000,KXBTCD-26SEP241230,1,0.98,0.0620581,145.25,0.13,9.10613,10,10,0.98,0.1372,0.989972,1,1.8628,1.10135,1.22753,1.21393,1.24631
True,1790252858250000000,1790252858282297767,KXBTCD-26SEP241230-T84250,KXBTCD-26SEP241230,-1,0.36,0.483974,141.75,0.03,-18.2193,2,2,0.36,1.6128,0.258973,0,34.3872,9.35363,19.4225,16.1019,33.5004
True,1790252863500000000,1790252863542576646,KXBTCD-26SEP241230-T84250,KXBTCD-26SEP241230,-1,0.25,0.156046,136.5,1.08,16.0447,10,10,0.25,1.3125,0.142849,0,23.6875,5.98688,6.34838,5.26112,22.33
True,1790252865250000000,1790252865315720197,KXBTCD-26SEP241230-T84250,KXBTCD-26SEP241230,-1,0.27,1.24169,134.75,0.03,-8.88383,10,10,0.27,1.3797,0.150956,0,25.6203,12.0646,14.7888,7.94132,24.2187
True,1790252869500000000,1790252869560431468,KXBTCD-26SEP241230-T84250,KXBTCD-26SEP241230,-1,0.27,0.655315,130.5,0.38,-8.63503,10,10,0.27,1.3797,0.156545,0,25.6203,13.8175,6.99518,17.3658,25.2072
True,1790252873500000000,1790252873603336305,KXBTCD-26SEP241230-T84250,KXBTCD-26SEP241230,-1,0.32,2.8235,126.5,0.08,-3.85207,10,0,,,0.184272,0,,,,,
True,1790252874500000000,1790252874535806552,KXBTCD-26SEP241230-T84250,KXBTCD-26SEP241230,-1,0.3,0.692522,125.5,0.08,-1.5827,10,10,0.3,1.47,0.186263,0,28.53,13.6566,20.2751,20.7871,28.3697
True,1790252879000000000,1790252879037705086,KXBTCD-26SEP241230-T84250,KXBTCD-26SEP241230,-1,0.18,2.17453,121,0.08,-7.87451,5,5,0.19,1.0773,0.0742627,0,17.9227,8.74315,11.1543,9.92124,17.8057
True,1790252880250000000,1790252880307710044,KXBTCD-26SEP241230-T84250,KXBTCD-26SEP241230,-1,0.16,0.0214181,119.75,0.63,2.00894,10,10,0.16,0.9408,0.076082,0,15.0592,9.42292,6.96755,8.94604,14.9487
True,1790252880750000000,1790252880792358526,KXBTCD-26SEP241230-T84250,KXBTCD-26SEP241230,-1,0.16,0.239986,119.25,1.13,-8.13398,10,10,0.16,0.9408,0.0744982,0,15.0592,9.74429,7.09656,8.83116,14.9672
True,1790252882500000000,1790252882536875017,KXBTCD-26SEP241230-T84250,KXBTCD-26SEP241230,-1,0.15,1.18911,117.5,0.38,11.5101,10,10,0.15,0.8925,0.0628975,0,14.1075,5.46734,5.58523,8.58044,14.0485
True,1790252883750000000,1790252883824070552,KXBTCD-26SEP241230-T84250,KXBTCD-26SEP241230,-1,0.16,0.184788,116.25,0.23,-1.80278,8,8,0.16,0.9408,0.0748131,0,15.0592,8.30286,7.88924,11.1049,15.022
True,1790252886250000000,1790252886269080558,KXBTCD-26SEP241230-T84250,KXBTCD-26SEP241230,-1,0.18,1.59203,113.75,0.03,6.62153,10,10,0.18,1.0332,0.0782149,0,16.9668,8.4506,11.2385,13.1451,16.9498
True,1790252887750000000,1790252887813358961,KXBTCD-26SEP241230-T84250,KXBTCD-26SEP241230,-1,0.2,3.95744,112.25,0.03,-7.54629,10,10,0.2,1.12,0.0750651,0,18.88,11.71,14.2374,15.0678,18.8621
True,1790252889250000000,1790252889351391126,KXBTCD-26SEP241230-T84250,KXBTCD-26SEP241230,-1,0.17,3.59745,110.75,0.13,-8.19936,10,10,0.17,0.9877,0.0599835,0,16.0123,9.89914,12.322,12.9717,15.9967
True,1790252892750000000,1790252892798914921,KXBTCD-26SEP241230-T84250,KXBTCD-26SEP241230,-1,0.13,2.27159,107.25,0.03,-3.91132,10,10,0.13,0.7917,0.0464259,0,12.2083,8.25399,8.39605,8.18593,12.1988
True,1790252897000000000,1790252897043345933,KXBTCD-26SEP241230-T84250,KXBTCD-26SEP241230,-1,0.08,0.267197,103,0.98,-1.74529,10,10,0.08,0.5152,0.0333963,0,7.4848,4.14574,3.52499,5.77463,7.47907
True,1790252897750000000,1790252897802708284,KXBTCD-26SEP241230-T84250,KXBTCD-26SEP241230,-1,0.09,0.183527,102.25,0.23,1.68009,2,2,0.09,0.5733,0.0381225,0,8.4267,5.44928,4.40433,6.64162,8.42128
True,1790252902000000000,1790252902025059266,KXBTCD-26SEP241230-T84250,KXBTCD-26SEP241230,-1,0.1,0.784712,98,0.18,8.38671,10,0,,,0.0395981,0,,,,,
True,1790252903000000000,1790252903037660218,KXBTCD-26SEP241230-T84250,KXBTCD-26SEP241230,-1,0.09,0.358816,97,0.28,0.0265991,10,10,0.09,0.5733,0.0371632,0,8.4267,4.75632,6.9158,7.62971,8.4244
True,1790252906250000000,1790252906325866553,KXBTCD-26SEP241230-T84250,KXBTCD-26SEP241230,-1,0.1,1.50677,93.75,0.03,-7.34579,3,0,,,0.0363928,0,,,,,
True,1790252907500000000,1790252907544082172,KXBTCD-26SEP241230-T84250,KXBTCD-26SEP241230,-1,0.08,4.39789,92.5,0.08,-5.93887,10,0,,,0.0164624,0,,,,,
True,1790252908250000000,1790252908306515519,KXBTCD-26SEP241230-T84250,KXBTCD-26SEP241230,-1,0.03,0.806395,91.75,0.13,-8.91821,10,10,0.03,0.2037,0.0110356,0,2.7963,1.5923,1.88599,1.90949,2.79551
True,1790252910250000000,1790252910276628096,KXBTCD-26SEP241230-T84250,KXBTCD-26SEP241230,-1,0.02,0.22698,89.75,0.03,-17.4122,2,2,0.02,0.1372,0.0089168,0,1.8628,1.10987,1.01181,0.571933,1.86233
True,1790252913750000000,1790252913803211987,KXBTCD-26SEP241230-T84000,KXBTCD-26SEP241230,1,0.98,0.369758,86.25,0.03,-3.15633,10,10,0.98,0.1372,0.991984,1,1.8628,1.24631,1.32736,1.60641,0.993876
True,1790252922250000000,1790252922302869652,KXBTCD-26SEP241230-T84250,KXBTCD-26SEP241230,-1,0.04,1.03387,77.75,0.23,-8.88862,10,10,0.04,0.2688,0.0148551,0,3.7312,2.43704,2.92113,3.56086,3.73118
True,1790252924500000000,1790252924530101689,KXBTCD-26SEP241230-T84250,KXBTCD-26SEP241230,-1,0.03,0.104935,75.5,0.78,8.57962,10,10,0.03,0.2037,0.0147471,0,2.7963,1.35429,2.38318,2.63602,2.79629
True,1790252925000000000,1790252925040772581,KXBTCD-26SEP241230-T84250,KXBTCD-26SEP241230,-1,0.03,0.320608,75,1.28,-2.37982,10,10,0.03,0.2037,0.0136876,0,2.7963,1.51061,2.47386,2.63603,2.79629
True,1790252926750000000,1790252926794923499,KXBTCD-26SEP241230-T84250,KXBTCD-26SEP241230,-1,0.02,0.115269,73.25,0.73,-10.2648,10,10,0.02,0.1372,0.0093714,0,1.8628,1.20395,1.68692,1.73514,1.86279
True,1790252947000000000,1790252947022836818,KXBTCD-26SEP241230-T84000,KXBTCD-26SEP241230,1,0.86,4.13959,53,0.08,4.01813,10,10,0.86,0.8428,0.960726,1,13.1572,11.175,11.0342,12.1619,13.1572
True,1790252953250000000,1790252953283869545,KXBTCD-26SEP241230-T84000,KXBTCD-26SEP241230,1,0.97,0.971951,46.75,0.03,23.8832,10,10,0.97,0.2037,0.990655,1,2.7963,2.37918,2.08582,2.39597,2.7963
True,1790253088750000000,1790253088809427591,KXBTCD-26SEP241245-T84000,KXBTCD-26SEP241245,-1,0.54,0.723221,811.25,0.23,-24.1165,10,10,0.54,1.7388,0.513075,1,-47.7388,2.01398,5.37066,8.35588,10.0348
True,1790253090000000000,1790253090046675668,KXBTCD-26SEP241245-T84000,KXBTCD-26SEP241245,-1,0.52,0.378249,810,0.58,-4.45363,1,1,0.52,1.7472,0.498111,1,-49.7472,0.343021,6.41285,8.84874,9.24104
True,1790253102000000000,1790253102052851265,KXBTCD-26SEP241245-T84000,KXBTCD-26SEP241245,1,0.44,1.30047,798,0.18,5.84414,10,10,0.44,1.7248,0.474703,1,54.2752,1.11748,-0.318035,0.794575,-10.6075
True,1790253240750000000,1790253240771644818,KXBTCD-26SEP241245-T84000,KXBTCD-26SEP241245,1,0.49,0.0177158,659.25,2.13,17.4433,10,10,0.49,1.7493,0.511561,1,49.2507,1.22365,0.680785,-0.159028,4.22429
True,1790253241250000000,1790253241307767996,KXBTCD-26SEP241245-T84000,KXBTCD-26SEP241245,1,0.49,0.240426,658.75,2.63,4.28601,4,0,,,0.514916,1,,,,,
True,1790253251000000000,1790253251061983877,KXBTCD-26SEP241245-T84000,KXBTCD-26SEP241245,1,0.49,0.169391,649,0.78,17.0341,4,4,0.49,1.7493,0.513849,1,49.2507,3.25915,-1.26419,2.15639,9.78737
True,1790253252000000000,1790253252042147271,KXBTCD-26SEP241245-T84000,KXBTCD-26SEP241245,1,0.51,0.00459602,648,0.48,13.4596,10,5,0.51,1.7493,0.541453,1,47.2507,2.88819,-1.47775,0.000478328,9.22458
True,1790253256250000000,1790253256285537084,KXBTCD-26SEP241245-T84000,KXBTCD-26SEP241245,-1,0.52,0.504322,643.75,0.23,-7.94472,10,10,0.52,1.7472,0.496208,1,-49.7472,-1.24723,-2.78106,-7.37848,-9.47777
True,1790253323250000000,1790253323296097923,KXBTCD-26SEP241245-T84000,KXBTCD-26SEP241245,-1,0.53,1.48537,576.75,0.03,-19.0689,10,10,0.53,1.7437,0.49654,1,-48.7437,1.40112,2.67134,11.0719,9.47378
True,1790253324000000000,1790253324040342509,KXBTCD-26SEP241245-T84000,KXBTCD-26SEP241245,-1,0.52,0.483627,576,0.48,-2.74826,10,10,0.52,1.7472,0.496513,1,-49.7472,-1.0048,2.23691,10.0198,9.2653
True,1790253401250000000,1790253401331506211,KXBTCD-26SEP241245-T84000,KXBTCD-26SEP241245,1,0.46,0.442965,498.75,0.03,14.4372,10,10,0.45,1.7325,0.484541,1,53.2675,2.55182,0.556935,-3.06222,-12.3128
True,1790253401750000000,1790253401816243549,KXBTCD-26SEP241245-T84000,KXBTCD-26SEP241245,1,0.46,0.779691,498.25,0.33,4.78676,10,10,0.46,1.7388,0.487404,1,52.2612,2.29017,0.740723,-4.12939,-12.6636
True,1790253403250000000,1790253403332863562,KXBTCD-26SEP241245-T84000,KXBTCD-26SEP241245,1,0.5,0.274636,496.75,0.73,11.4413,10,10,0.5,1.75,0.530727,1,48.25,-0.849648,-6.85603,-6.23064,-17.8072
True,1790253406250000000,1790253406313341893,KXBTCD-26SEP241245-T84000,KXBTCD-26SEP241245,-1,0.51,1.03585,493.75,0.03,-12.3223,4,4,0.51,1.7493,0.472896,1,-50.7493,3.71692,5.58033,2.68313,20.9997
True,1790253423500000000,1790253423593797501,KXBTCD-26SEP241245-T84000,KXBTCD-26SEP241245,1,0.45,2.20033,476.5,0.18,23.5401,10,0,,,0.490927,1,,,,,
True,1790253467250000000,1790253467266506078,KXBTCD-26SEP241245-T84000,KXBTCD-26SEP241245,-1,0.34,0.429432,432.75,0.23,-11.6541,10,10,0.34,1.5708,0.244129,1,-67.5708,9.96898,8.90227,9.16848,-13.3212
True,1790253528500000000,1790253528524006593,KXBTCD-26SEP241245-T84000,KXBTCD-26SEP241245,1,0.47,2.94541,371.5,0.18,19.1694,2,0,,,0.525891,1,,,,,
True,1790253530500000000,1790253530564766601,KXBTCD-26SEP241245-T84000,KXBTCD-26SEP241245,-1,0.52,1.04064,369.5,0.08,-26.0037,9,7,0.52,1.7472,0.487916,1,-49.7472,-2.85503,-4.19338,-0.745315,-9.37464
True,1790253532000000000,1790253532031531249,KXBTCD-26SEP241245-T84000,KXBTCD-26SEP241245,1,0.5,1.04783,368,0.18,6.20557,10,10,0.5,1.75,0.542857,1,48.25,-1.31556,1.88482,-5.68513,11.6958
True,1790253533250000000,1790253533275574814,KXBTCD-26SEP241245-T84000,KXBTCD-26SEP241245,-1,0.52,0.377103,366.75,0.03,-0.460978,10,10,0.52,1.7472,0.498093,1,-49.7472,-4.14103,1.17291,8.32824,-6.29259
True,1790253534750000000,1790253534799074063,KXBTCD-26SEP241245-T84000,KXBTCD-26SEP241245,1,0.52,0.307761,365.25,0.93,12.9212,10,10,0.52,1.7472,0.561997,1,46.2528,-0.40907,-5.6989,-11.441,3.88876
True,1790253542250000000,1790253542279726586,KXBTCD-26SEP241245-T84000,KXBTCD-26SEP241245,-1,0.49,0.531049,357.75,0.03,-19.5568,10,10,0.49,1.7493,0.44976,1,-52.7493,5.32616,6.17152,8.60808,-16.8668
True,1790253542750000000,1790253542817316990,KXBTCD-26SEP241245-T84000,KXBTCD-26SEP241245,-1,0.48,0.0887449,357.25,0.03,-13.1775,10,10,0.48,1.7472,0.441289,1,-53.7472,5.41709,5.73033,6.63439,-17.6018
True,1790253559250000000,1790253559288196592,KXBTCD-26SEP241245-T84000,KXBTCD-26SEP241245,1,0.51,0.398066,340.75,0.23,22.1535,10,10,0.51,1.7493,0.54828,1,47.2507,-0.779304,-10.9392,-13.6196,11.1044
True,1790253562250000000,1790253562289656697,KXBTCD-26SEP241245-T84000,KXBTCD-26SEP241245,-1,0.49,0.0306124,337.75,0.83,-21.8157,10,10,0.49,1.7493,0.457324,1,-52.7493,2.88353,7.1831,2.61343,-18.6029
True,1790253563000000000,1790253563037770316,KXBTCD-26SEP241245-T84000,KXBTCD-26SEP241245,-1,0.49,0.957639,337,0.18,-7.91736,10,0,,,0.443148,1,,,,,
True,1790253575750000000,1790253575831057099,KXBTCD-26SEP241245-T84000,KXBTCD-26SEP241245,1,0.47,0.654539,324.25,0.23,22.8256,9,0,,,0.494883,1,,,,,
True,1790253577250000000,1790253577280649971,KXBTCD-26SEP241245-T84000,KXBTCD-26SEP241245,1,0.51,0.410803,322.75,0.43,5.1524,9,9,0.51,1.7493,0.548547,1,47.2507,4.72195,5.21555,10.6945,22.8087
True,1790253593250000000,1790253593295812326,KXBTCD-26SEP241245-T84000,KXBTCD-26SEP241245,-1,0.6,0.640396,306.75,0.23,-19.1734,10,10,0.6,1.68,0.565453,1,-41.68,4.45852,1.12308,-3.35789,4.27362
True,1790253605000000000,1790253605031272376,KXBTCD-26SEP241245-T84000,KXBTCD-26SEP241245,-1,0.54,0.202654,295,0.08,-11.2031,10,10,0.54,1.7388,0.517508,1,-47.7388,-1.42557,-2.44609,-5.4903,15.6606
True,1790253606250000000,1790253606288425923,KXBTCD-26SEP241245-T84000,KXBTCD-26SEP241245,-1,0.52,1.92472,293.75,0.13,-10.4814,10,10,0.52,1.7472,0.474176,1,-49.7472,-3.04645,-8.28083,-10.1875,16.3503
True,1790253609750000000,1790253609776445035,KXBTCD-26SEP241245-T84000,KXBTCD-26SEP241245,1,0.49,1.48605,290.25,0.23,22.2534,10,10,0.49,1.7493,0.534553,1,49.2507,7.57317,7.34316,13.6341,-22.2752
True,1790253635000000000,1790253635040322499,KXBTCD-26SEP241245-T84000,KXBTCD-26SEP241245,1,0.65,0.0835133,265,0.28,29.1896,5,0,,,0.74333,1,,,,,
True,1790253654250000000,1790253654285655900,KXBTCD-26SEP241245-T84000,KXBTCD-26SEP241245,-1,0.53,1.55304,245.75,0.23,-3.95696,10,10,0.53,1.7437,0.495347,1,-48.7437,-4.90404,-2.41848,14.9711,-21.1096
True,1790253655250000000,1790253655280435749,KXBTCD-26SEP241245-T84000,KXBTCD-26SEP241245,1,0.52,0.195667,244.75,0.03,11.5714,10,10,0.52,1.7472,0.561602,1,46.2528,2.00487,-8.45989,-16.2604,23.3153
True,1790253658000000000,1790253658063194196,KXBTCD-26SEP241245-T84000,KXBTCD-26SEP241245,-1,0.54,1.37654,242,0.58,8.89765,10,0,,,0.507524,1,,,,,
True,1790253659750000000,1790253659780919994,KXBTCD-26SEP241245-T84000,KXBTCD-26SEP241245,-1,0.51,0.0669156,240.25,0.03,-19.7251,10,10,0.51,1.7493,0.487176,1,-50.7493,2.24623,13.3829,20.7767,-32.9736
True,1790253660250000000,1790253660295381659,KXBTCD-26SEP241245-T84000,KXBTCD-26SEP241245,-1,0.5,1.25657,239.75,0.03,-19.4195,10,10,0.5,1.75,0.452874,1,-51.75,2.12025,10.7634,22.5898,-31.0172
True,1790253687500000000,1790253687520994706,KXBTCD-26SEP241245-T84000,KXBTCD-26SEP241245,1,0.39,1.75336,212.5,0.08,26.8236,1,0,,,0.435371,1,,,,,
True,1790253690500000000,1790253690533979040,KXBTCD-26SEP241245-T84000,KXBTCD-26SEP241245,1,0.49,0.0249146,209.5,0.38,11.7735,6,6,0.49,1.7493,0.512289,1,49.2507,1.12848,12.6839,14.1968,0.937265
True,1790253693250000000,1790253693290171857,KXBTCD-26SEP241245-T84000,KXBTCD-26SEP241245,1,0.53,0.708658,206.75,0.03,3.25972,10,10,0.53,1.7437,0.585941,1,45.2563,3.76096,13.8978,15.9924,-6.98395
True,1790253696250000000,1790253696331581417,KXBTCD-26SEP241245-T84000,KXBTCD-26SEP241245,1,0.58,1.37156,203.75,0.03,13.365,10,10,0.58,1.7052,0.670572,1,40.2948,3.22333,3.60342,10.6311,-10.7159
True,1790253698250000000,1790253698306461048,KXBTCD-26SEP241245-T84000,KXBTCD-26SEP241245,1,0.6,0.497633,201.75,0.03,8.03391,10,10,0.6,1.68,0.68641,1,38.32,5.64176,9.05626,5.94124,-1.80898
True,1790253712000000000,1790253712065053211,KXBTCD-26SEP241245-T84000,KXBTCD-26SEP241245,1,0.64,0.0404917,188,0.08,7.04193,10,10,0.64,1.6128,0.734909,1,34.3872,5.61175,10.3953,12.4261,11.2423
True,1790253728500000000,1790253728545787441,KXBTCD-26SEP241245-T84000,KXBTCD-26SEP241245,-1,0.61,3.74224,171.5,0.08,-25.3736,10,10,0.61,1.6653,0.547632,1,-40.6653,12.859,7.68241,-13.1307,-13.824
True,1790253732250000000,1790253732318010361,KXBTCD-26SEP241245-T84000,KXBTCD-26SEP241245,-1,0.49,0.176376,167.75,0.23,-9.72954,10,10,0.49,1.7493,0.45318,1,-52.7493,-6.55175,-22.2486,-10.7517,-19.2053
True,1790253733250000000,1790253733321542049,KXBTCD-26SEP241245-T84000,KXBTCD-26SEP241245,1,0.5,0.624027,166.75,0.03,17.0399,10,10,0.5,1.75,0.538022,1,48.25,7.98955,20.7691,6.12581,26.5997
True,1790253734000000000,1790253734015542894,KXBTCD-26SEP241245-T84000,KXBTCD-26SEP241245,1,0.51,0.243222,166,0.08,9.18133,10,10,0.51,1.7493,0.547929,1,47.2507,13.7644,17.782,0.457454,21.4151
True,1790253735000000000,1790253735045197531,KXBTCD-26SEP241245-T84000,KXBTCD-26SEP241245,1,0.54,4.86616,165,0.08,18.3245,4,0,,,0.665135,1,,,,,
True,1790253742250000000,1790253742289174014,KXBTCD-26SEP241245-T84000,KXBTCD-26SEP241245,-1,0.64,3.01453,157.75,0.03,-4.03208,10,10,0.64,1.6128,0.580019,1,-37.6128,4.51163,17.4575,1.87536,-19.9313
True,1790253744250000000,1790253744304267420,KXBTCD-26SEP241245-T84000,KXBTCD-26SEP241245,-1,0.53,1.23743,155.75,0.03,-7.87053,10,10,0.53,1.7437,0.500161,1,-48.7437,6.42877,5.96175,1.74791,-31.8166
True,1790253746000000000,1790253746093491093,KXBTCD-26SEP241245-T84000,KXBTCD-26SEP241245,-1,0.49,1.15714,154,0.38,-1.07061,10,0,,,0.437545,1,,,,,
True,1790253750250000000,1790253750325871980,KXBTCD-26SEP241245-T84000,KXBTCD-26SEP241245,1,0.49,0.607014,149.75,0.13,12.0921,10,0,,,0.521741,1,,,,,
True,1790253751250000000,1790253751285603389,KXBTCD-26SEP241245-T84000,KXBTCD-26SEP241245,1,0.49,1.18022,148.75,0.03,2.65843,10,10,0.49,1.7493,0.530912,1,49.2507,9.76251,-1.75993,17.1129,44.3664
True,1790253752250000000,1790253752271559277,KXBTCD-26SEP241245-T84000,KXBTCD-26SEP241245,1,0.54,0.895333,147.75,0.03,12.0178,10,10,0.54,1.7388,0.605115,1,44.2612,-7.97901,-1.64611,9.28853,40.3546
True,1790253753000000000,1790253753054045650,KXBTCD-26SEP241245-T84000,KXBTCD-26SEP241245,-1,0.53,0.66391,147,0.18,-22.9233,10,7,0.53,1.7437,0.505041,1,-48.7437,5.82976,-12.067,-9.54129,-45.399
True,1790253754000000000,1790253754038795097,KXBTCD-26SEP241245-T84000,KXBTCD-26SEP241245,-1,0.51,3.07504,146,0.08,-4.49518,7,7,0.51,1.7493,0.438845,1,-50.7493,3.44516,-15.3378,-16.5879,-48.1287
True,1790253756750000000,1790253756824791007,KXBTCD-26SEP241245-T84000,KXBTCD-26SEP241245,1,0.47,1.13355,143.25,0.13,4.91428,10,0,,,0.498956,1,,,,,
True,1790253758500000000,1790253758533998248,KXBTCD-26SEP241245-T84000,KXBTCD-26SEP241245,1,0.53,2.90386,141.5,0.08,4.98122,10,10,0.53,1.7437,0.620743,1,45.2563,11.2345,8.73768,17.2618,43.292
True,1790253767250000000,1790253767294940165,KXBTCD-26SEP241245-T84000,KXBTCD-26SEP241245,1,0.67,1.11503,132.75,0.13,16.3272,10,10,0.67,1.5477,0.785271,1,31.4523,3.53653,9.15233,12.143,30.133
True,1790253793000000000,1790253793034256202,KXBTCD-26SEP241245-T84000,KXBTCD-26SEP241245,1,0.65,0.101535,107,0.18,22.8688,10,0,,,0.749405,1,,,,,
True,1790253796500000000,1790253796555305737,KXBTCD-26SEP241245-T84000,KXBTCD-26SEP241245,-1,0.64,0.557717,103.5,0.28,-3.60676,10,0,,,0.6013,1,,,,,
True,1790253797500000000,1790253797522029877,KXBTCD-26SEP241245-T84000,KXBTCD-26SEP241245,1,0.57,2.31853,102.5,0.08,8.31024,10,0,,,0.671602,1,,,,,
True,1790253798000000000,1790253798018523235,KXBTCD-26SEP241245-T84000,KXBTCD-26SEP241245,1,0.59,0.560896,102,0.18,6.25303,10,10,0.59,1.6933,0.675022,1,39.3067,9.26152,23.739,33.141,39.2974
True,1790253801250000000,1790253801281282802,KXBTCD-26SEP241245-T84000,KXBTCD-26SEP241245,1,0.69,3.16802,98.75,0.13,17.279,10,10,0.69,1.4973,0.83002,1,29.5027,11.8212,21.5702,24.6184,29.4975
True,1790253801750000000,1790253801821757396,KXBTCD-26SEP241245-T84000,KXBTCD-26SEP241245,1,0.7,1.06694,98.25,0.03,12.7489,10,10,0.7,1.47,0.818456,1,28.53,9.68406,21.0457,23.7918,28.5248
True,1790253805750000000,1790253805796742796,KXBTCD-26SEP241245-T84000,KXBTCD-26SEP241245,1,0.82,0.382482,94.25,0.03,18.0652,10,10,0.82,1.0332,0.914207,1,16.9668,9.48252,11.8945,13.8526,16.9642
True,1790253808500000000,1790253808538522793,KXBTCD-26SEP241245-T84000,KXBTCD-26SEP241245,1,0.88,1.04535,91.5,0.08,10.3412,7,0,,,0.952323,1,,,,,
True,1790253855500000000,1790253855536153091,KXBTCD-26SEP241245-T84250,KXBTCD-26SEP241245,1,0.03,0.265881,44.5,0.08,7.85577,10,10,0.03,0.2037,0.0513251,0,-3.2037,0.357685,4.42989,2.39881,-3.2037
True,1790253860750000000,1790253860822116884,KXBTCD-26SEP241245-T84250,KXBTCD-26SEP241245,-1,0.13,0.816096,39.25,0.13,-12.4501,10,10,0.13,0.7917,0.050392,0,12.2083,6.8474,7.17214,-6.41904,12.2083
True,1790253869250000000,1790253869290333346,KXBTCD-26SEP241245-T84250,KXBTCD-26SEP241245,1,0.18,11.2561,30.75,0.03,12.0818,10,10,0.18,1.0332,0.328255,0,-19.0332,3.46113,13.6993,6.6785,-19.0332
True,1790253871250000000,1790253871292348408,KXBTCD-26SEP241245-T84250,KXBTCD-26SEP241245,-1,0.23,0.418853,28.75,0.03,-10.8239,7,7,0.23,1.2397,0.116047,0,21.7603,13.8642,-34.2376,16.3511,21.7603
True,1790253872000000000,1790253872049561137,KXBTCD-26SEP241245-T84250,KXBTCD-26SEP241245,-1,0.21,0.763724,28,0.38,-6.97598,10,10,0.24,1.2768,0.0957265,0,22.7232,3.47167,-50.8572,9.98443,22.7232
True,1790253873250000000,1790253873322627626,KXBTCD-26SEP241245-T84250,KXBTCD-26SEP241245,1,0.13,13.7806,26.75,0.03,21.7761,10,0,,,0.303395,0,,,,,
True,1790253875250000000,1790253875277817922,KXBTCD-26SEP241245-T84250,KXBTCD-26SEP241245,1,0.39,9.04094,24.75,0.03,12.0365,10,10,0.39,1.6653,0.497476,0,-40.6653,15.3326,-34.3793,-31.5502,-40.6653
True,1790253876250000000,1790253876299096108,KXBTCD-26SEP241245-T84250,KXBTCD-26SEP241245,1,0.4,11.8499,23.75,0.03,1.09808,10,10,0.4,1.68,0.559012,0,-41.68,19.9022,-36.2708,-17.9445,-41.68
True,1790253879000000000,1790253879081533609,KXBTCD-26SEP241245-T84250,KXBTCD-26SEP241245,-1,0.73,22.154,21,0.08,-18.8566,10,10,0.73,1.3797,0.490852,0,71.6203,62.5049,44.7287,68.7525,71.6203
True,1790253879750000000,1790253879790848488,KXBTCD-26SEP241245-T84250,KXBTCD-26SEP241245,-1,0.61,35.7958,20.25,0.03,-22.8127,10,10,0.61,1.6653,0.130215,0,59.3347,52.2861,50.6253,54.266,59.3347
True,1790253883750000000,1790253883787353021,KXBTCD-26SEP241245-T84250,KXBTCD-26SEP241245,1,0.08,1.73327,16.25,0.03,12.4048,10,10,0.08,0.5152,0.130193,0,-8.5152,0.194202,-4.60412,-8.38252,-8.5152
True,1790253885250000000,1790253885289865367,KXBTCD-26SEP241245-T84250,KXBTCD-26SEP241245,-1,0.23,2.15979,14.75,0.03,-6.04319,10,10,0.23,1.2397,0.0958704,0,21.7603,-1.97517,20.3467,21.7383,21.7603
True,1790253886250000000,1790253886286200202,KXBTCD-26SEP241245-T84250,KXBTCD-26SEP241245,1,0.18,2.30009,13.75,0.13,6.30742,10,10,0.18,1.0332,0.243296,0,-19.0332,-8.2159,-18.1935,-19.0256,-19.0332
True,1790253888000000000,1790253888077773045,KXBTCD-26SEP241245-T84250,KXBTCD-26SEP241245,-1,0.14,3.35009,12,0.08,-8.04453,4,0,,,0.0348626,0,,,,,
True,1790254016250000000,1790254016293399452,KXBTCD-26SEP241300-T84500,KXBTCD-26SEP241300,1,0.49,0.173329,783.75,1.03,13.5427,10,10,0.49,1.7493,0.513891,0,-50.7493,2.2799,4.26106,-0.872049,-0.365031
True,1790254026000000000,1790254026096569268,KXBTCD-26SEP241300-T84500,KXBTCD-26SEP241300,-1,0.53,0.832212,774,0.18,-14.2053,10,0,,,0.503605,0,,,,,
True,1790254028250000000,1790254028304708459,KXBTCD-26SEP241300-T85000,KXBTCD-26SEP241300,1,0.03,0.0335509,771.75,0.43,14.5702,10,10,0.03,0.2037,0.0501015,0,-3.2037,1.51401,1.51934,0.788503,0.839736
True,1790254035250000000,1790254035309275684,KXBTCD-26SEP241300-T84500,KXBTCD-26SEP241300,-1,0.51,0.104126,764.75,0.93,-13.7478,10,10,0.51,1.7493,0.487148,0,49.2507,0.334476,-1.34155,-2.3336,-7.69
True,1790254063250000000,1790254063294174962,KXBTCD-26SEP241300-T84500,KXBTCD-26SEP241300,1,0.46,0.633701,736.75,0.43,2.95094,10,10,0.46,1.7388,0.486163,0,-47.7388,0.420888,3.29929,2.86926,22.9884
True,1790254071000000000,1790254071039828774,KXBTCD-26SEP241300-T84500,KXBTCD-26SEP241300,-1,0.52,0.0320384,729,0.38,-3.90587,10,10,0.52,1.7472,0.501877,0,50.2528,0.164838,-1.98768,0.357935,-18.4158
True,1790254372750000000,1790254372811149630,KXBTCD-26SEP241300-T84500,KXBTCD-26SEP241300,-1,0.69,1.03555,427.25,0.03,-22.7338,5,5,0.69,1.4973,0.641566,0,67.5027,1.59695,-6.03334,2.70193,17.5706
True,1790254430250000000,1790254430281714140,KXBTCD-26SEP241300-T84500,KXBTCD-26SEP241300,-1,0.56,1.65221,369.75,0.13,-11.9204,10,10,0.56,1.7248,0.522307,0,54.2752,2.41059,3.54,2.0801,20.3612
True,1790254434500000000,1790254434548811475,KXBTCD-26SEP241300-T84500,KXBTCD-26SEP241300,-1,0.5,1.00941,365.5,0.08,-9.78907,10,0,,,0.457727,0,,,,,
True,1790254435500000000,1790254435553729483,KXBTCD-26SEP241300-T84500,KXBTCD-26SEP241300,1,0.48,0.589665,364.5,0.08,8.26416,10,10,0.48,1.7472,0.50517,0,-49.7472,1.80928,4.38045,6.75373,-20.5766
True,1790254456000000000,1790254456062381628,KXBTCD-26SEP241300-T84500,KXBTCD-26SEP241300,1,0.56,0.497802,344,0.08,7.70707,10,10,0.56,1.7248,0.624468,0,-57.7248,-1.86008,-8.42178,-3.86375,-36.4621
True,1790254461500000000,1790254461545690718,KXBTCD-26SEP241300-T84500,KXBTCD-26SEP241300,-1,0.5,1.46554,338.5,0.08,-13.1226,10,0,,,0.450662,0,,,,,
True,1790254467500000000,1790254467537581957,KXBTCD-26SEP241300-T84500,KXBTCD-26SEP241300,-1,0.51,0.937306,332.5,0.08,-7.97348,10,10,0.51,1.7493,0.474063,0,49.2507,-0.286225,0.829072,6.85306,29.1666
True,1790254468000000000,1790254468059692209,KXBTCD-26SEP241300-T84500,KXBTCD-26SEP241300,-1,0.5,0.546264,332,0.28,-5.78461,10,0,,,0.464696,0,,,,,
True,1790254476250000000,1790254476291109267,KXBTCD-26SEP241300-T84500,KXBTCD-26SEP241300,-1,0.46,0.417632,323.75,0.03,-27.4836,10,10,0.46,1.7388,0.406046,0,44.2612,1.14408,-0.307471,8.17757,35.9221
True,1790254486250000000,1790254486281695906,KXBTCD-26SEP241300-T84500,KXBTCD-26SEP241300,-1,0.43,0.495893,313.75,0.13,-33.8359,10,10,0.43,1.7157,0.36084,0,41.2843,3.49864,10.1619,14.0209,34.3567
True,1790254553000000000,1790254553109040067,KXBTCD-26SEP241300-T84250,KXBTCD-26SEP241300,-1,0.57,0.259607,247,0.18,-11.6454,10,10,0.57,1.7157,0.542777,0,55.2843,2.31075,0.640471,18.1482,38.4497
True,1790254555000000000,1790254555050686150,KXBTCD-26SEP241300-T84250,KXBTCD-26SEP241300,-1,0.52,0.660383,245,0.18,-8.80876,10,10,0.52,1.7472,0.493604,0,50.2528,-2.21754,5.0044,18.5634,37.6437
True,1790254559000000000,1790254559045509384,KXBTCD-26SEP241300-T84250,KXBTCD-26SEP241300,-1,0.52,0.476183,241,0.08,-20.7117,10,10,0.54,1.7388,0.49649,0,52.2612,6.27741,21.0957,15.1836,36.7805
True,1790254560000000000,1790254560030519734,KXBTCD-26SEP241300-T84250,KXBTCD-26SEP241300,-1,0.5,0.809117,240,0.08,-8.69476,2,0,,,0.459839,0,,,,,
True,1790254562750000000,1790254562808925380,KXBTCD-26SEP241300-T84250,KXBTCD-26SEP241300,-1,0.46,0.337595,237.25,0.23,-13.7597,10,10,0.46,1.7388,0.405307,0,44.2612,13.0418,12.03,9.24498,33.1794
True,1790254651500000000,1790254651535717205,KXBTCD-26SEP241300-T84000,KXBTCD-26SEP241300,1,0.66,1.91498,148.5,0.08,18.6363,10,8,0.66,1.5708,0.783255,1,32.4292,12.1176,10.7814,23.0253,30.7985
