spot,state,k_fixed,var_time_s,sd_avg_usd,sd_remaining_usd,z,strike,tail_model,p_yes,delta_btc,hedge_notional_usd,gamma_per_usd,delta_change_per_1sd_btc,hedge_notional_per_100_usd,vol_label,sigma_ann
84541,T-60m,0,3560.5,291.6,291.6,-2,83958,gauss,0.97725,0.00018516,15.653,-1.2699e-06,-0.00037031,1565.3,current blend (32% ann.),0.32472
84541,T-60m,0,3560.5,291.6,291.6,-2,83958,student_t(4.39),0.97578,0.00012377,10.464,-7.1609e-07,-0.00020881,1046.4,current blend (32% ann.),0.32472
84541,T-60m,0,3560.5,291.6,291.6,-1,84249,gauss,0.84134,0.00082981,70.153,-2.8457e-06,-0.00082981,7015.3,current blend (32% ann.),0.32472
84541,T-60m,0,3560.5,291.6,291.6,-1,84249,student_t(4.39),0.87956,0.0006832,57.758,-3.7249e-06,-0.0010862,5775.8,current blend (32% ann.),0.32472
84541,T-60m,0,3560.5,291.6,291.6,-0.5,84395,gauss,0.69146,0.0012074,102.07,-2.0702e-06,-0.00060368,10207,current blend (32% ann.),0.32472
84541,T-60m,0,3560.5,291.6,291.6,-0.5,84395,student_t(4.39),0.73397,0.0013402,113.3,-4.6913e-06,-0.001368,11330,current blend (32% ann.),0.32472
84541,T-60m,0,3560.5,291.6,291.6,0,84541,gauss,0.5,0.0013681,115.66,0,0,11566,current blend (32% ann.),0.32472
84541,T-60m,0,3560.5,291.6,291.6,0,84541,student_t(4.39),0.5,0.0017523,148.14,0,0,14814,current blend (32% ann.),0.32472
84541,T-60m,0,3560.5,291.6,291.6,0.5,84686,gauss,0.30854,0.0012074,102.07,2.0702e-06,0.00060368,10207,current blend (32% ann.),0.32472
84541,T-60m,0,3560.5,291.6,291.6,0.5,84686,student_t(4.39),0.26603,0.0013402,113.3,4.6913e-06,0.001368,11330,current blend (32% ann.),0.32472
84541,T-60m,0,3560.5,291.6,291.6,1,84832,gauss,0.15866,0.00082981,70.153,2.8457e-06,0.00082981,7015.3,current blend (32% ann.),0.32472
84541,T-60m,0,3560.5,291.6,291.6,1,84832,student_t(4.39),0.12044,0.0006832,57.758,3.7249e-06,0.0010862,5775.8,current blend (32% ann.),0.32472
84541,T-60m,0,3560.5,291.6,291.6,2,85124,gauss,0.02275,0.00018516,15.653,1.2699e-06,0.00037031,1565.3,current blend (32% ann.),0.32472
84541,T-60m,0,3560.5,291.6,291.6,2,85124,student_t(4.39),0.024221,0.00012377,10.464,7.1609e-07,0.00020881,1046.4,current blend (32% ann.),0.32472
84541,T-30m,0,1760.5,205.04,205.04,-2,84131,gauss,0.97725,0.00026331,22.261,-2.5684e-06,-0.00052663,2226.1,current blend (32% ann.),0.32472
84541,T-30m,0,1760.5,205.04,205.04,-2,84131,student_t(4.39),0.97578,0.00017602,14.881,-1.4482e-06,-0.00029695,1488.1,current blend (32% ann.),0.32472
84541,T-30m,0,1760.5,205.04,205.04,-1,84336,gauss,0.84134,0.0011801,99.766,-5.7553e-06,-0.0011801,9976.6,current blend (32% ann.),0.32472
84541,T-30m,0,1760.5,205.04,205.04,-1,84336,student_t(4.39),0.87956,0.00097159,82.139,-7.5334e-06,-0.0015447,8213.9,current blend (32% ann.),0.32472
84541,T-30m,0,1760.5,205.04,205.04,-0.5,84438,gauss,0.69146,0.001717,145.16,-4.1869e-06,-0.00085851,14516,current blend (32% ann.),0.32472
84541,T-30m,0,1760.5,205.04,205.04,-0.5,84438,student_t(4.39),0.73397,0.001906,161.13,-9.4878e-06,-0.0019454,16113,current blend (32% ann.),0.32472
84541,T-30m,0,1760.5,205.04,205.04,0,84541,gauss,0.5,0.0019456,164.49,0,0,16449,current blend (32% ann.),0.32472
84541,T-30m,0,1760.5,205.04,205.04,0,84541,student_t(4.39),0.5,0.002492,210.67,0,0,21067,current blend (32% ann.),0.32472
84541,T-30m,0,1760.5,205.04,205.04,0.5,84643,gauss,0.30854,0.001717,145.16,4.1869e-06,0.00085851,14516,current blend (32% ann.),0.32472
84541,T-30m,0,1760.5,205.04,205.04,0.5,84643,student_t(4.39),0.26603,0.001906,161.13,9.4878e-06,0.0019454,16113,current blend (32% ann.),0.32472
84541,T-30m,0,1760.5,205.04,205.04,1,84746,gauss,0.15866,0.0011801,99.766,5.7553e-06,0.0011801,9976.6,current blend (32% ann.),0.32472
84541,T-30m,0,1760.5,205.04,205.04,1,84746,student_t(4.39),0.12044,0.00097159,82.139,7.5334e-06,0.0015447,8213.9,current blend (32% ann.),0.32472
84541,T-30m,0,1760.5,205.04,205.04,2,84951,gauss,0.02275,0.00026331,22.261,2.5684e-06,0.00052663,2226.1,current blend (32% ann.),0.32472
84541,T-30m,0,1760.5,205.04,205.04,2,84951,student_t(4.39),0.024221,0.00017602,14.881,1.4482e-06,0.00029695,1488.1,current blend (32% ann.),0.32472
84541,T-15m,0,860.5,143.35,143.35,-2,84254,gauss,0.97725,0.00037663,31.841,-5.2546e-06,-0.00075326,3184.1,current blend (32% ann.),0.32472
84541,T-15m,0,860.5,143.35,143.35,-2,84254,student_t(4.39),0.97578,0.00025177,21.285,-2.963e-06,-0.00042475,2128.5,current blend (32% ann.),0.32472
84541,T-15m,0,860.5,143.35,143.35,-1,84397,gauss,0.84134,0.0016879,142.7,-1.1775e-05,-0.0016879,14270,current blend (32% ann.),0.32472
84541,T-15m,0,860.5,143.35,143.35,-1,84397,student_t(4.39),0.87956,0.0013897,117.49,-1.5413e-05,-0.0022094,11749,current blend (32% ann.),0.32472
84541,T-15m,0,860.5,143.35,143.35,-0.5,84469,gauss,0.69146,0.0024559,207.63,-8.5661e-06,-0.001228,20763,current blend (32% ann.),0.32472
84541,T-15m,0,860.5,143.35,143.35,-0.5,84469,student_t(4.39),0.73397,0.0027262,230.48,-1.9411e-05,-0.0027826,23048,current blend (32% ann.),0.32472
84541,T-15m,0,860.5,143.35,143.35,0,84541,gauss,0.5,0.0027829,235.27,0,0,23527,current blend (32% ann.),0.32472
84541,T-15m,0,860.5,143.35,143.35,0,84541,student_t(4.39),0.5,0.0035644,301.33,0,0,30133,current blend (32% ann.),0.32472
84541,T-15m,0,860.5,143.35,143.35,0.5,84612,gauss,0.30854,0.0024559,207.63,8.5661e-06,0.001228,20763,current blend (32% ann.),0.32472
84541,T-15m,0,860.5,143.35,143.35,0.5,84612,student_t(4.39),0.26603,0.0027262,230.48,1.9411e-05,0.0027826,23048,current blend (32% ann.),0.32472
84541,T-15m,0,860.5,143.35,143.35,1,84684,gauss,0.15866,0.0016879,142.7,1.1775e-05,0.0016879,14270,current blend (32% ann.),0.32472
84541,T-15m,0,860.5,143.35,143.35,1,84684,student_t(4.39),0.12044,0.0013897,117.49,1.5413e-05,0.0022094,11749,current blend (32% ann.),0.32472
84541,T-15m,0,860.5,143.35,143.35,2,84827,gauss,0.02275,0.00037663,31.841,5.2546e-06,0.00075326,3184.1,current blend (32% ann.),0.32472
84541,T-15m,0,860.5,143.35,143.35,2,84827,student_t(4.39),0.024221,0.00025177,21.285,2.963e-06,0.00042475,2128.5,current blend (32% ann.),0.32472
84541,T-10m,0,560.5,115.7,115.7,-2,84309,gauss,0.97725,0.00046666,39.452,-8.067e-06,-0.00093332,3945.2,current blend (32% ann.),0.32472
84541,T-10m,0,560.5,115.7,115.7,-2,84309,student_t(4.39),0.97578,0.00031196,26.373,-4.5488e-06,-0.00052628,2637.3,current blend (32% ann.),0.32472
84541,T-10m,0,560.5,115.7,115.7,-1,84425,gauss,0.84134,0.0020914,176.81,-1.8077e-05,-0.0020914,17681,current blend (32% ann.),0.32472
84541,T-10m,0,560.5,115.7,115.7,-1,84425,student_t(4.39),0.87956,0.0017219,145.57,-2.3662e-05,-0.0027376,14557,current blend (32% ann.),0.32472
84541,T-10m,0,560.5,115.7,115.7,-0.5,84483,gauss,0.69146,0.003043,257.26,-1.3151e-05,-0.0015215,25726,current blend (32% ann.),0.32472
84541,T-10m,0,560.5,115.7,115.7,-0.5,84483,student_t(4.39),0.73397,0.0033779,285.57,-2.9801e-05,-0.0034478,28557,current blend (32% ann.),0.32472
84541,T-10m,0,560.5,115.7,115.7,0,84541,gauss,0.5,0.0034482,291.51,0,0,29151,current blend (32% ann.),0.32472
84541,T-10m,0,560.5,115.7,115.7,0,84541,student_t(4.39),0.5,0.0044164,373.37,0,0,37337,current blend (32% ann.),0.32472
84541,T-10m,0,560.5,115.7,115.7,0.5,84599,gauss,0.30854,0.003043,257.26,1.3151e-05,0.0015215,25726,current blend (32% ann.),0.32472
84541,T-10m,0,560.5,115.7,115.7,0.5,84599,student_t(4.39),0.26603,0.0033779,285.57,2.9801e-05,0.0034478,28557,current blend (32% ann.),0.32472
84541,T-10m,0,560.5,115.7,115.7,1,84656,gauss,0.15866,0.0020914,176.81,1.8077e-05,0.0020914,17681,current blend (32% ann.),0.32472
84541,T-10m,0,560.5,115.7,115.7,1,84656,student_t(4.39),0.12044,0.0017219,145.57,2.3662e-05,0.0027376,14557,current blend (32% ann.),0.32472
84541,T-10m,0,560.5,115.7,115.7,2,84772,gauss,0.02275,0.00046666,39.452,8.067e-06,0.00093332,3945.2,current blend (32% ann.),0.32472
84541,T-10m,0,560.5,115.7,115.7,2,84772,student_t(4.39),0.024221,0.00031196,26.373,4.5488e-06,0.00052628,2637.3,current blend (32% ann.),0.32472
84541,T-5m,0,260.5,78.874,78.874,-2,84383,gauss,0.97725,0.00068452,57.87,-1.7357e-05,-0.001369,5787,current blend (32% ann.),0.32472
84541,T-5m,0,260.5,78.874,78.874,-2,84383,student_t(4.39),0.97578,0.00045759,38.685,-9.7874e-06,-0.00077197,3868.5,current blend (32% ann.),0.32472
84541,T-5m,0,260.5,78.874,78.874,-1,84462,gauss,0.84134,0.0030678,259.35,-3.8895e-05,-0.0030678,25935,current blend (32% ann.),0.32472
84541,T-5m,0,260.5,78.874,78.874,-1,84462,student_t(4.39),0.87956,0.0025258,213.53,-5.0911e-05,-0.0040156,21353,current blend (32% ann.),0.32472
84541,T-5m,0,260.5,78.874,78.874,-0.5,84501,gauss,0.69146,0.0044636,377.36,-2.8296e-05,-0.0022318,37736,current blend (32% ann.),0.32472
84541,T-5m,0,260.5,78.874,78.874,-0.5,84501,student_t(4.39),0.73397,0.0049548,418.89,-6.412e-05,-0.0050574,41889,current blend (32% ann.),0.32472
84541,T-5m,0,260.5,78.874,78.874,0,84541,gauss,0.5,0.0050579,427.6,0,0,42760,current blend (32% ann.),0.32472
84541,T-5m,0,260.5,78.874,78.874,0,84541,student_t(4.39),0.5,0.0064782,547.67,0,0,54767,current blend (32% ann.),0.32472
84541,T-5m,0,260.5,78.874,78.874,0.5,84580,gauss,0.30854,0.0044636,377.36,2.8296e-05,0.0022318,37736,current blend (32% ann.),0.32472
84541,T-5m,0,260.5,78.874,78.874,0.5,84580,student_t(4.39),0.26603,0.0049548,418.89,6.412e-05,0.0050574,41889,current blend (32% ann.),0.32472
84541,T-5m,0,260.5,78.874,78.874,1,84620,gauss,0.15866,0.0030678,259.35,3.8895e-05,0.0030678,25935,current blend (32% ann.),0.32472
84541,T-5m,0,260.5,78.874,78.874,1,84620,student_t(4.39),0.12044,0.0025258,213.53,5.0911e-05,0.0040156,21353,current blend (32% ann.),0.32472
84541,T-5m,0,260.5,78.874,78.874,2,84698,gauss,0.02275,0.00068452,57.87,1.7357e-05,0.001369,5787,current blend (32% ann.),0.32472
84541,T-5m,0,260.5,78.874,78.874,2,84698,student_t(4.39),0.024221,0.00045759,38.685,9.7874e-06,0.00077197,3868.5,current blend (32% ann.),0.32472
84541,T-2m,0,80.503,43.847,43.847,-2,84453,gauss,0.97725,0.0012314,104.1,-5.6167e-05,-0.0024627,10410,current blend (32% ann.),0.32472
84541,T-2m,0,80.503,43.847,43.847,-2,84453,student_t(4.39),0.97578,0.00082314,69.589,-3.1671e-05,-0.0013887,6958.9,current blend (32% ann.),0.32472
84541,T-2m,0,80.503,43.847,43.847,-1,84497,gauss,0.84134,0.0055186,466.55,-0.00012586,-0.0055186,46655,current blend (32% ann.),0.32472
84541,T-2m,0,80.503,43.847,43.847,-1,84497,student_t(4.39),0.87956,0.0045436,384.12,-0.00016475,-0.0072236,38412,current blend (32% ann.),0.32472
84541,T-2m,0,80.503,43.847,43.847,-0.5,84519,gauss,0.69146,0.0080295,678.82,-9.1564e-05,-0.0040147,67882,current blend (32% ann.),0.32472
84541,T-2m,0,80.503,43.847,43.847,-0.5,84519,student_t(4.39),0.73397,0.0089131,753.52,-0.00020749,-0.0090976,75352,current blend (32% ann.),0.32472
84541,T-2m,0,80.503,43.847,43.847,0,84541,gauss,0.5,0.0090986,769.2,0,0,76920,current blend (32% ann.),0.32472
84541,T-2m,0,80.503,43.847,43.847,0,84541,student_t(4.39),0.5,0.011653,985.19,0,0,98519,current blend (32% ann.),0.32472
84541,T-2m,0,80.503,43.847,43.847,0.5,84563,gauss,0.30854,0.0080295,678.82,9.1564e-05,0.0040147,67882,current blend (32% ann.),0.32472
84541,T-2m,0,80.503,43.847,43.847,0.5,84563,student_t(4.39),0.26603,0.0089131,753.52,0.00020749,0.0090976,75352,current blend (32% ann.),0.32472
84541,T-2m,0,80.503,43.847,43.847,1,84585,gauss,0.15866,0.0055186,466.55,0.00012586,0.0055186,46655,current blend (32% ann.),0.32472
84541,T-2m,0,80.503,43.847,43.847,1,84585,student_t(4.39),0.12044,0.0045436,384.12,0.00016475,0.0072236,38412,current blend (32% ann.),0.32472
84541,T-2m,0,80.503,43.847,43.847,2,84628,gauss,0.02275,0.0012314,104.1,5.6167e-05,0.0024627,10410,current blend (32% ann.),0.32472
84541,T-2m,0,80.503,43.847,43.847,2,84628,student_t(4.39),0.024221,0.00082314,69.589,3.1671e-05,0.0013887,6958.9,current blend (32% ann.),0.32472
84541,T-1.5m,0,50.503,34.729,34.729,-2,84471,gauss,0.97725,0.0015547,131.43,-8.9532e-05,-0.0031093,13143,current blend (32% ann.),0.32472
84541,T-1.5m,0,50.503,34.729,34.729,-2,84471,student_t(4.39),0.97578,0.0010393,87.86,-5.0485e-05,-0.0017533,8786,current blend (32% ann.),0.32472
84541,T-1.5m,0,50.503,34.729,34.729,-1,84506,gauss,0.84134,0.0069675,589.04,-0.00020063,-0.0069675,58904,current blend (32% ann.),0.32472
84541,T-1.5m,0,50.503,34.729,34.729,-1,84506,student_t(4.39),0.87956,0.0057365,484.96,-0.00026261,-0.0091201,48496,current blend (32% ann.),0.32472
84541,T-1.5m,0,50.503,34.729,34.729,-0.5,84523,gauss,0.69146,0.010138,857.04,-0.00014595,-0.0050688,85704,current blend (32% ann.),0.32472
84541,T-1.5m,0,50.503,34.729,34.729,-0.5,84523,student_t(4.39),0.73397,0.011253,951.36,-0.00033074,-0.011486,95136,current blend (32% ann.),0.32472
84541,T-1.5m,0,50.503,34.729,34.729,0,84541,gauss,0.5,0.011487,971.16,0,0,97116,current blend (32% ann.),0.32472
84541,T-1.5m,0,50.503,34.729,34.729,0,84541,student_t(4.39),0.5,0.014713,1243.8,0,0,1.2438e+05,current blend (32% ann.),0.32472
84541,T-1.5m,0,50.503,34.729,34.729,0.5,84558,gauss,0.30854,0.010138,857.04,0.00014595,0.0050688,85704,current blend (32% ann.),0.32472
84541,T-1.5m,0,50.503,34.729,34.729,0.5,84558,student_t(4.39),0.26603,0.011253,951.36,0.00033074,0.011486,95136,current blend (32% ann.),0.32472
84541,T-1.5m,0,50.503,34.729,34.729,1,84575,gauss,0.15866,0.0069675,589.04,0.00020063,0.0069675,58904,current blend (32% ann.),0.32472
84541,T-1.5m,0,50.503,34.729,34.729,1,84575,student_t(4.39),0.12044,0.0057365,484.96,0.00026261,0.0091201,48496,current blend (32% ann.),0.32472
84541,T-1.5m,0,50.503,34.729,34.729,2,84610,gauss,0.02275,0.0015547,131.43,8.9532e-05,0.0031093,13143,current blend (32% ann.),0.32472
84541,T-1.5m,0,50.503,34.729,34.729,2,84610,student_t(4.39),0.024221,0.0010393,87.86,5.0485e-05,0.0017533,8786,current blend (32% ann.),0.32472
84541,window k=0,0,20.003,21.856,21.856,-2,84497,gauss,0.97725,0.0024703,208.84,-0.00022605,-0.0049406,20884,current blend (32% ann.),0.32472
84541,window k=0,0,20.003,21.856,21.856,-2,84497,student_t(4.39),0.97578,0.0016513,139.61,-0.00012746,-0.0027859,13961,current blend (32% ann.),0.32472
84541,window k=0,0,20.003,21.856,21.856,-1,84519,gauss,0.84134,0.011071,935.95,-0.00050654,-0.011071,93595,current blend (32% ann.),0.32472
84541,window k=0,0,20.003,21.856,21.856,-1,84519,student_t(4.39),0.87956,0.009115,770.59,-0.00066304,-0.014491,77059,current blend (32% ann.),0.32472
84541,window k=0,0,20.003,21.856,21.856,-0.5,84530,gauss,0.69146,0.016108,1361.8,-0.00036851,-0.0080541,1.3618e+05,current blend (32% ann.),0.32472
84541,window k=0,0,20.003,21.856,21.856,-0.5,84530,student_t(4.39),0.73397,0.017881,1511.7,-0.00083505,-0.018251,1.5117e+05,current blend (32% ann.),0.32472
84541,window k=0,0,20.003,21.856,21.856,0,84541,gauss,0.5,0.018253,1543.1,0,0,1.5431e+05,current blend (32% ann.),0.32472
84541,window k=0,0,20.003,21.856,21.856,0,84541,student_t(4.39),0.5,0.023378,1976.4,0,0,1.9764e+05,current blend (32% ann.),0.32472
84541,window k=0,0,20.003,21.856,21.856,0.5,84552,gauss,0.30854,0.016108,1361.8,0.00036851,0.0080541,1.3618e+05,current blend (32% ann.),0.32472
84541,window k=0,0,20.003,21.856,21.856,0.5,84552,student_t(4.39),0.26603,0.017881,1511.7,0.00083505,0.018251,1.5117e+05,current blend (32% ann.),0.32472
84541,window k=0,0,20.003,21.856,21.856,1,84563,gauss,0.15866,0.011071,935.95,0.00050654,0.011071,93595,current blend (32% ann.),0.32472
84541,window k=0,0,20.003,21.856,21.856,1,84563,student_t(4.39),0.12044,0.009115,770.59,0.00066304,0.014491,77059,current blend (32% ann.),0.32472
84541,window k=0,0,20.003,21.856,21.856,2,84584,gauss,0.02275,0.0024703,208.84,0.00022605,0.0049406,20884,current blend (32% ann.),0.32472
84541,window k=0,0,20.003,21.856,21.856,2,84584,student_t(4.39),0.024221,0.0016513,139.61,0.00012746,0.0027859,13961,current blend (32% ann.),0.32472
84541,window k=15,15,15.004,14.197,18.929,-2,84512,gauss,0.97725,0.0028523,241.13,-0.00030137,-0.0057046,24113,current blend (32% ann.),0.32472
84541,window k=15,15,15.004,14.197,18.929,-2,84512,student_t(4.39),0.97578,0.0019067,161.19,-0.00016993,-0.0032167,16119,current blend (32% ann.),0.32472
84541,window k=15,15,15.004,14.197,18.929,-1,84527,gauss,0.84134,0.012783,1080.7,-0.00067531,-0.012783,1.0807e+05,current blend (32% ann.),0.32472
84541,window k=15,15,15.004,14.197,18.929,-1,84527,student_t(4.39),0.87956,0.010525,889.75,-0.00088395,-0.016732,88975,current blend (32% ann.),0.32472
84541,window k=15,15,15.004,14.197,18.929,-0.5,84534,gauss,0.69146,0.018599,1572.4,-0.00049129,-0.0092996,1.5724e+05,current blend (32% ann.),0.32472
84541,window k=15,15,15.004,14.197,18.929,-0.5,84534,student_t(4.39),0.73397,0.020646,1745.4,-0.0011133,-0.021073,1.7454e+05,current blend (32% ann.),0.32472
84541,window k=15,15,15.004,14.197,18.929,0,84541,gauss,0.5,0.021076,1781.8,0,0,1.7818e+05,current blend (32% ann.),0.32472
84541,window k=15,15,15.004,14.197,18.929,0,84541,student_t(4.39),0.5,0.026994,2282.1,0,0,2.2821e+05,current blend (32% ann.),0.32472
84541,window k=15,15,15.004,14.197,18.929,0.5,84548,gauss,0.30854,0.018599,1572.4,0.00049129,0.0092996,1.5724e+05,current blend (32% ann.),0.32472
84541,window k=15,15,15.004,14.197,18.929,0.5,84548,student_t(4.39),0.26603,0.020646,1745.4,0.0011133,0.021073,1.7454e+05,current blend (32% ann.),0.32472
84541,window k=15,15,15.004,14.197,18.929,1,84555,gauss,0.15866,0.012783,1080.7,0.00067531,0.012783,1.0807e+05,current blend (32% ann.),0.32472
84541,window k=15,15,15.004,14.197,18.929,1,84555,student_t(4.39),0.12044,0.010525,889.75,0.00088395,0.016732,88975,current blend (32% ann.),0.32472
84541,window k=15,15,15.004,14.197,18.929,2,84569,gauss,0.02275,0.0028523,241.13,0.00030137,0.0057046,24113,current blend (32% ann.),0.32472
84541,window k=15,15,15.004,14.197,18.929,2,84569,student_t(4.39),0.024221,0.0019067,161.19,0.00016993,0.0032167,16119,current blend (32% ann.),0.32472
84541,window k=30,30,10.006,7.7289,15.458,-2,84525,gauss,0.97725,0.0034928,295.28,-0.00045191,-0.0069856,29528,current blend (32% ann.),0.32472
84541,window k=30,30,10.006,7.7289,15.458,-2,84525,student_t(4.39),0.97578,0.0023349,197.39,-0.00025482,-0.003939,19739,current blend (32% ann.),0.32472
84541,window k=30,30,10.006,7.7289,15.458,-1,84533,gauss,0.84134,0.015654,1323.4,-0.0010127,-0.015654,1.3234e+05,current blend (32% ann.),0.32472
84541,window k=30,30,10.006,7.7289,15.458,-1,84533,student_t(4.39),0.87956,0.012888,1089.5,-0.0013255,-0.02049,1.0895e+05,current blend (32% ann.),0.32472
84541,window k=30,30,10.006,7.7289,15.458,-0.5,84537,gauss,0.69146,0.022776,1925.5,-0.0007367,-0.011388,1.9255e+05,current blend (32% ann.),0.32472
84541,window k=30,30,10.006,7.7289,15.458,-0.5,84537,student_t(4.39),0.73397,0.025282,2137.4,-0.0016694,-0.025805,2.1374e+05,current blend (32% ann.),0.32472
84541,window k=30,30,10.006,7.7289,15.458,0,84541,gauss,0.5,0.025808,2181.9,0,0,2.1819e+05,current blend (32% ann.),0.32472
84541,window k=30,30,10.006,7.7289,15.458,0,84541,student_t(4.39),0.5,0.033055,2794.5,0,0,2.7945e+05,current blend (32% ann.),0.32472
84541,window k=30,30,10.006,7.7289,15.458,0.5,84545,gauss,0.30854,0.022776,1925.5,0.0007367,0.011388,1.9255e+05,current blend (32% ann.),0.32472
84541,window k=30,30,10.006,7.7289,15.458,0.5,84545,student_t(4.39),0.26603,0.025282,2137.4,0.0016694,0.025805,2.1374e+05,current blend (32% ann.),0.32472
84541,window k=30,30,10.006,7.7289,15.458,1,84548,gauss,0.15866,0.015654,1323.4,0.0010127,0.015654,1.3234e+05,current blend (32% ann.),0.32472
84541,window k=30,30,10.006,7.7289,15.458,1,84548,student_t(4.39),0.12044,0.012888,1089.5,0.0013255,0.02049,1.0895e+05,current blend (32% ann.),0.32472
84541,window k=30,30,10.006,7.7289,15.458,2,84556,gauss,0.02275,0.0034928,295.28,0.00045191,0.0069856,29528,current blend (32% ann.),0.32472
84541,window k=30,30,10.006,7.7289,15.458,2,84556,student_t(4.39),0.024221,0.0023349,197.39,0.00025482,0.003939,19739,current blend (32% ann.),0.32472
84541,window k=45,45,5.0111,2.7349,10.939,-2,84535,gauss,0.97725,0.0049354,417.24,-0.00090231,-0.0098708,41724,current blend (32% ann.),0.32472
84541,window k=45,45,5.0111,2.7349,10.939,-2,84535,student_t(4.39),0.97578,0.0032992,278.92,-0.0005088,-0.005566,27892,current blend (32% ann.),0.32472
84541,window k=45,45,5.0111,2.7349,10.939,-1,84538,gauss,0.84134,0.022119,1870,-0.0020219,-0.022119,1.87e+05,current blend (32% ann.),0.32472
84541,window k=45,45,5.0111,2.7349,10.939,-1,84538,student_t(4.39),0.87956,0.018211,1539.6,-0.0026466,-0.028953,1.5396e+05,current blend (32% ann.),0.32472
84541,window k=45,45,5.0111,2.7349,10.939,-0.5,84539,gauss,0.69146,0.032183,2720.8,-0.001471,-0.016092,2.7208e+05,current blend (32% ann.),0.32472
84541,window k=45,45,5.0111,2.7349,10.939,-0.5,84539,student_t(4.39),0.73397,0.035725,3020.2,-0.0033333,-0.036464,3.0202e+05,current blend (32% ann.),0.32472
84541,window k=45,45,5.0111,2.7349,10.939,0,84541,gauss,0.5,0.036468,3083,0,0,3.083e+05,current blend (32% ann.),0.32472
84541,window k=45,45,5.0111,2.7349,10.939,0,84541,student_t(4.39),0.5,0.046708,3948.7,0,0,3.9487e+05,current blend (32% ann.),0.32472
84541,window k=45,45,5.0111,2.7349,10.939,0.5,84542,gauss,0.30854,0.032183,2720.8,0.001471,0.016092,2.7208e+05,current blend (32% ann.),0.32472
84541,window k=45,45,5.0111,2.7349,10.939,0.5,84542,student_t(4.39),0.26603,0.035725,3020.2,0.0033333,0.036464,3.0202e+05,current blend (32% ann.),0.32472
84541,window k=45,45,5.0111,2.7349,10.939,1,84543,gauss,0.15866,0.022119,1870,0.0020219,0.022119,1.87e+05,current blend (32% ann.),0.32472
84541,window k=45,45,5.0111,2.7349,10.939,1,84543,student_t(4.39),0.12044,0.018211,1539.6,0.0026466,0.028953,1.5396e+05,current blend (32% ann.),0.32472
84541,window k=45,45,5.0111,2.7349,10.939,2,84546,gauss,0.02275,0.0049354,417.24,0.00090231,0.0098708,41724,current blend (32% ann.),0.32472
84541,window k=45,45,5.0111,2.7349,10.939,2,84546,student_t(4.39),0.024221,0.0032992,278.92,0.0005088,0.005566,27892,current blend (32% ann.),0.32472
84541,window k=55,55,1.7,0.53097,6.3717,-2,84540,gauss,0.97725,0.0084736,716.36,-0.0026598,-0.016947,71636,current blend (32% ann.),0.32472
84541,window k=55,55,1.7,0.53097,6.3717,-2,84540,student_t(4.39),0.97578,0.0056644,478.88,-0.0014998,-0.0095562,47888,current blend (32% ann.),0.32472
84541,window k=55,55,1.7,0.53097,6.3717,-1,84540,gauss,0.84134,0.037976,3210.5,-0.0059601,-0.037976,3.2105e+05,current blend (32% ann.),0.32472
84541,window k=55,55,1.7,0.53097,6.3717,-1,84540,student_t(4.39),0.87956,0.031266,2643.3,-0.0078015,-0.049709,2.6433e+05,current blend (32% ann.),0.32472
84541,window k=55,55,1.7,0.53097,6.3717,-0.5,84540,gauss,0.69146,0.055255,4671.3,-0.004336,-0.027627,4.6713e+05,current blend (32% ann.),0.32472
84541,window k=55,55,1.7,0.53097,6.3717,-0.5,84540,student_t(4.39),0.73397,0.061335,5185.3,-0.0098255,-0.062605,5.1853e+05,current blend (32% ann.),0.32472
84541,window k=55,55,1.7,0.53097,6.3717,0,84541,gauss,0.5,0.062612,5293.2,0,0,5.2932e+05,current blend (32% ann.),0.32472
84541,window k=55,55,1.7,0.53097,6.3717,0,84541,student_t(4.39),0.5,0.080193,6779.5,0,0,6.7795e+05,current blend (32% ann.),0.32472
84541,window k=55,55,1.7,0.53097,6.3717,0.5,84541,gauss,0.30854,0.055255,4671.3,0.004336,0.027627,4.6713e+05,current blend (32% ann.),0.32472
84541,window k=55,55,1.7,0.53097,6.3717,0.5,84541,student_t(4.39),0.26603,0.061335,5185.3,0.0098255,0.062605,5.1853e+05,current blend (32% ann.),0.32472
84541,window k=55,55,1.7,0.53097,6.3717,1,84541,gauss,0.15866,0.037976,3210.5,0.0059601,0.037976,3.2105e+05,current blend (32% ann.),0.32472
84541,window k=55,55,1.7,0.53097,6.3717,1,84541,student_t(4.39),0.12044,0.031266,2643.3,0.0078015,0.049709,2.6433e+05,current blend (32% ann.),0.32472
84541,window k=55,55,1.7,0.53097,6.3717,2,84542,gauss,0.02275,0.0084736,716.36,0.0026598,0.016947,71636,current blend (32% ann.),0.32472
84541,window k=55,55,1.7,0.53097,6.3717,2,84542,student_t(4.39),0.024221,0.0056644,478.88,0.0014998,0.0095562,47888,current blend (32% ann.),0.32472
84541,window k=59,59,0.5,0.057592,3.4555,-2,84541,gauss,0.97725,0.015625,1320.9,-0.0090432,-0.031249,1.3209e+05,current blend (32% ann.),0.32472
84541,window k=59,59,0.5,0.057592,3.4555,-2,84541,student_t(4.39),0.97578,0.010445,883,-0.0050993,-0.017621,88300,current blend (32% ann.),0.32472
84541,window k=59,59,0.5,0.057592,3.4555,-1,84541,gauss,0.84134,0.070024,5919.9,-0.020264,-0.070024,5.9199e+05,current blend (32% ann.),0.32472
84541,window k=59,59,0.5,0.057592,3.4555,-1,84541,student_t(4.39),0.87956,0.057652,4874,-0.026525,-0.091658,4.874e+05,current blend (32% ann.),0.32472
84541,window k=59,59,0.5,0.057592,3.4555,-0.5,84541,gauss,0.69146,0.10188,8613.4,-0.014742,-0.050942,8.6134e+05,current blend (32% ann.),0.32472
84541,window k=59,59,0.5,0.057592,3.4555,-0.5,84541,student_t(4.39),0.73397,0.1131,9561.3,-0.033407,-0.11544,9.5613e+05,current blend (32% ann.),0.32472
84541,window k=59,59,0.5,0.057592,3.4555,0,84541,gauss,0.5,0.11545,9760.3,1.8291e-12,6.3204e-12,9.7603e+05,current blend (32% ann.),0.32472
84541,window k=59,59,0.5,0.057592,3.4555,0,84541,student_t(4.39),0.5,0.14787,12501,5.2824e-12,1.8253e-11,1.2501e+06,current blend (32% ann.),0.32472
84541,window k=59,59,0.5,0.057592,3.4555,0.5,84541,gauss,0.30854,0.10188,8613.4,0.014742,0.050942,8.6134e+05,current blend (32% ann.),0.32472
84541,window k=59,59,0.5,0.057592,3.4555,0.5,84541,student_t(4.39),0.26603,0.1131,9561.3,0.033407,0.11544,9.5613e+05,current blend (32% ann.),0.32472
84541,window k=59,59,0.5,0.057592,3.4555,1,84541,gauss,0.15866,0.070024,5919.9,0.020264,0.070024,5.9199e+05,current blend (32% ann.),0.32472
84541,window k=59,59,0.5,0.057592,3.4555,1,84541,student_t(4.39),0.12044,0.057652,4874,0.026525,0.091658,4.874e+05,current blend (32% ann.),0.32472
84541,window k=59,59,0.5,0.057592,3.4555,2,84541,gauss,0.02275,0.015625,1320.9,0.0090432,0.031249,1.3209e+05,current blend (32% ann.),0.32472
84541,window k=59,59,0.5,0.057592,3.4555,2,84541,student_t(4.39),0.024221,0.010445,883,0.0050993,0.017621,88300,current blend (32% ann.),0.32472
84541,T-60m,0,3560.5,314.3,314.3,-2,83912,gauss,0.97725,0.00017178,14.523,-1.0931e-06,-0.00034357,1452.3,35% ann.,0.35
84541,T-60m,0,3560.5,314.3,314.3,-1,84226,gauss,0.84134,0.00076988,65.087,-2.4496e-06,-0.00076988,6508.7,35% ann.,0.35
84541,T-60m,0,3560.5,314.3,314.3,-0.5,84384,gauss,0.69146,0.0011202,94.7,-1.782e-06,-0.00056009,9470,35% ann.,0.35
84541,T-60m,0,3560.5,314.3,314.3,0,84541,gauss,0.5,0.0012693,107.31,0,0,10731,35% ann.,0.35
84541,T-60m,0,3560.5,314.3,314.3,0.5,84698,gauss,0.30854,0.0011202,94.7,1.782e-06,0.00056009,9470,35% ann.,0.35
84541,T-60m,0,3560.5,314.3,314.3,1,84855,gauss,0.15866,0.00076988,65.087,2.4496e-06,0.00076988,6508.7,35% ann.,0.35
84541,T-60m,0,3560.5,314.3,314.3,2,85169,gauss,0.02275,0.00017178,14.523,1.0931e-06,0.00034357,1452.3,35% ann.,0.35
84541,T-30m,0,1760.5,221,221,-2,84099,gauss,0.97725,0.0002443,20.653,-2.2108e-06,-0.0004886,2065.3,35% ann.,0.35
84541,T-30m,0,1760.5,221,221,-1,84320,gauss,0.84134,0.0010949,92.561,-4.9541e-06,-0.0010949,9256.1,35% ann.,0.35
84541,T-30m,0,1760.5,221,221,-0.5,84430,gauss,0.69146,0.001593,134.68,-3.6041e-06,-0.00079651,13468,35% ann.,0.35
84541,T-30m,0,1760.5,221,221,0,84541,gauss,0.5,0.0018051,152.61,0,0,15261,35% ann.,0.35
84541,T-30m,0,1760.5,221,221,0.5,84651,gauss,0.30854,0.001593,134.68,3.6041e-06,0.00079651,13468,35% ann.,0.35
84541,T-30m,0,1760.5,221,221,1,84762,gauss,0.15866,0.0010949,92.561,4.9541e-06,0.0010949,9256.1,35% ann.,0.35
84541,T-30m,0,1760.5,221,221,2,84983,gauss,0.02275,0.0002443,20.653,2.2108e-06,0.0004886,2065.3,35% ann.,0.35
84541,T-15m,0,860.5,154.51,154.51,-2,84232,gauss,0.97725,0.00034943,29.541,-4.5231e-06,-0.00069886,2954.1,35% ann.,0.35
84541,T-15m,0,860.5,154.51,154.51,-1,84386,gauss,0.84134,0.001566,132.39,-1.0136e-05,-0.001566,13239,35% ann.,0.35
84541,T-15m,0,860.5,154.51,154.51,-0.5,84463,gauss,0.69146,0.0022786,192.63,-7.3736e-06,-0.0011393,19263,35% ann.,0.35
84541,T-15m,0,860.5,154.51,154.51,0,84541,gauss,0.5,0.002582,218.28,0,0,21828,35% ann.,0.35
84541,T-15m,0,860.5,154.51,154.51,0.5,84618,gauss,0.30854,0.0022786,192.63,7.3736e-06,0.0011393,19263,35% ann.,0.35
84541,T-15m,0,860.5,154.51,154.51,1,84695,gauss,0.15866,0.001566,132.39,1.0136e-05,0.001566,13239,35% ann.,0.35
84541,T-15m,0,860.5,154.51,154.51,2,84850,gauss,0.02275,0.00034943,29.541,4.5231e-06,0.00069886,2954.1,35% ann.,0.35
84541,T-10m,0,560.5,124.7,124.7,-2,84291,gauss,0.97725,0.00043296,36.603,-6.944e-06,-0.00086593,3660.3,35% ann.,0.35
84541,T-10m,0,560.5,124.7,124.7,-1,84416,gauss,0.84134,0.0019404,164.04,-1.556e-05,-0.0019404,16404,35% ann.,0.35
84541,T-10m,0,560.5,124.7,124.7,-0.5,84478,gauss,0.69146,0.0028233,238.68,-1.132e-05,-0.0014116,23868,35% ann.,0.35
84541,T-10m,0,560.5,124.7,124.7,0,84541,gauss,0.5,0.0031992,270.46,0,0,27046,35% ann.,0.35
84541,T-10m,0,560.5,124.7,124.7,0.5,84603,gauss,0.30854,0.0028233,238.68,1.132e-05,0.0014116,23868,35% ann.,0.35
84541,T-10m,0,560.5,124.7,124.7,1,84665,gauss,0.15866,0.0019404,164.04,1.556e-05,0.0019404,16404,35% ann.,0.35
84541,T-10m,0,560.5,124.7,124.7,2,84790,gauss,0.02275,0.00043296,36.603,6.944e-06,0.00086593,3660.3,35% ann.,0.35
84541,T-5m,0,260.5,85.014,85.014,-2,84371,gauss,0.97725,0.00063509,53.691,-1.4941e-05,-0.0012702,5369.1,35% ann.,0.35
84541,T-5m,0,260.5,85.014,85.014,-1,84456,gauss,0.84134,0.0028463,240.62,-3.348e-05,-0.0028463,24062,35% ann.,0.35
84541,T-5m,0,260.5,85.014,85.014,-0.5,84498,gauss,0.69146,0.0041413,350.11,-2.4357e-05,-0.0020706,35011,35% ann.,0.35
84541,T-5m,0,260.5,85.014,85.014,0,84541,gauss,0.5,0.0046927,396.72,0,0,39672,35% ann.,0.35
84541,T-5m,0,260.5,85.014,85.014,0.5,84583,gauss,0.30854,0.0041413,350.11,2.4357e-05,0.0020706,35011,35% ann.,0.35
84541,T-5m,0,260.5,85.014,85.014,1,84626,gauss,0.15866,0.0028463,240.62,3.348e-05,0.0028463,24062,35% ann.,0.35
84541,T-5m,0,260.5,85.014,85.014,2,84711,gauss,0.02275,0.00063509,53.691,1.4941e-05,0.0012702,5369.1,35% ann.,0.35
84541,T-2m,0,80.503,47.259,47.259,-2,84446,gauss,0.97725,0.0011424,96.583,-4.8348e-05,-0.0022849,9658.3,35% ann.,0.35
84541,T-2m,0,80.503,47.259,47.259,-1,84493,gauss,0.84134,0.0051201,432.85,-0.00010834,-0.0051201,43285,35% ann.,0.35
84541,T-2m,0,80.503,47.259,47.259,-0.5,84517,gauss,0.69146,0.0074497,629.8,-7.8817e-05,-0.0037248,62980,35% ann.,0.35
84541,T-2m,0,80.503,47.259,47.259,0,84541,gauss,0.5,0.0084416,713.66,0,0,71366,35% ann.,0.35
84541,T-2m,0,80.503,47.259,47.259,0.5,84564,gauss,0.30854,0.0074497,629.8,7.8817e-05,0.0037248,62980,35% ann.,0.35
84541,T-2m,0,80.503,47.259,47.259,1,84588,gauss,0.15866,0.0051201,432.85,0.00010834,0.0051201,43285,35% ann.,0.35
84541,T-2m,0,80.503,47.259,47.259,2,84635,gauss,0.02275,0.0011424,96.583,4.8348e-05,0.0022849,9658.3,35% ann.,0.35
84541,T-1.5m,0,50.503,37.432,37.432,-2,84466,gauss,0.97725,0.0014424,121.94,-7.7068e-05,-0.0028848,12194,35% ann.,0.35
84541,T-1.5m,0,50.503,37.432,37.432,-1,84503,gauss,0.84134,0.0064643,546.5,-0.0001727,-0.0064643,54650,35% ann.,0.35
84541,T-1.5m,0,50.503,37.432,37.432,-0.5,84522,gauss,0.69146,0.0094055,795.15,-0.00012564,-0.0047028,79515,35% ann.,0.35
84541,T-1.5m,0,50.503,37.432,37.432,0,84541,gauss,0.5,0.010658,901.02,0,0,90102,35% ann.,0.35
84541,T-1.5m,0,50.503,37.432,37.432,0.5,84559,gauss,0.30854,0.0094055,795.15,0.00012564,0.0047028,79515,35% ann.,0.35
84541,T-1.5m,0,50.503,37.432,37.432,1,84578,gauss,0.15866,0.0064643,546.5,0.0001727,0.0064643,54650,35% ann.,0.35
84541,T-1.5m,0,50.503,37.432,37.432,2,84616,gauss,0.02275,0.0014424,121.94,7.7068e-05,0.0028848,12194,35% ann.,0.35
84541,window k=0,0,20.003,23.557,23.557,-2,84494,gauss,0.97725,0.0022919,193.76,-0.00019458,-0.0045838,19376,35% ann.,0.35
84541,window k=0,0,20.003,23.557,23.557,-1,84517,gauss,0.84134,0.010272,868.36,-0.00043602,-0.010272,86836,35% ann.,0.35
84541,window k=0,0,20.003,23.557,23.557,-0.5,84529,gauss,0.69146,0.014945,1263.5,-0.0003172,-0.0074725,1.2635e+05,35% ann.,0.35
84541,window k=0,0,20.003,23.557,23.557,0,84541,gauss,0.5,0.016935,1431.7,0,0,1.4317e+05,35% ann.,0.35
84541,window k=0,0,20.003,23.557,23.557,0.5,84552,gauss,0.30854,0.014945,1263.5,0.0003172,0.0074725,1.2635e+05,35% ann.,0.35
84541,window k=0,0,20.003,23.557,23.557,1,84564,gauss,0.15866,0.010272,868.36,0.00043602,0.010272,86836,35% ann.,0.35
84541,window k=0,0,20.003,23.557,23.557,2,84588,gauss,0.02275,0.0022919,193.76,0.00019458,0.0045838,19376,35% ann.,0.35
84541,window k=15,15,15.004,15.302,20.402,-2,84510,gauss,0.97725,0.0026463,223.72,-0.00025941,-0.0052926,22372,35% ann.,0.35
84541,window k=15,15,15.004,15.302,20.402,-1,84525,gauss,0.84134,0.01186,1002.6,-0.0005813,-0.01186,1.0026e+05,35% ann.,0.35
84541,window k=15,15,15.004,15.302,20.402,-0.5,84533,gauss,0.69146,0.017256,1458.8,-0.00042289,-0.008628,1.4588e+05,35% ann.,0.35
84541,window k=15,15,15.004,15.302,20.402,0,84541,gauss,0.5,0.019554,1653.1,0,0,1.6531e+05,35% ann.,0.35
84541,window k=15,15,15.004,15.302,20.402,0.5,84548,gauss,0.30854,0.017256,1458.8,0.00042289,0.008628,1.4588e+05,35% ann.,0.35
84541,window k=15,15,15.004,15.302,20.402,1,84556,gauss,0.15866,0.01186,1002.6,0.0005813,0.01186,1.0026e+05,35% ann.,0.35
84541,window k=15,15,15.004,15.302,20.402,2,84571,gauss,0.02275,0.0026463,223.72,0.00025941,0.0052926,22372,35% ann.,0.35
84541,window k=30,30,10.006,8.3305,16.661,-2,84524,gauss,0.97725,0.0032405,273.96,-0.000389,-0.0064811,27396,35% ann.,0.35
84541,window k=30,30,10.006,8.3305,16.661,-1,84532,gauss,0.84134,0.014523,1227.8,-0.00087168,-0.014523,1.2278e+05,35% ann.,0.35
84541,window k=30,30,10.006,8.3305,16.661,-0.5,84537,gauss,0.69146,0.021131,1786.4,-0.00063414,-0.010566,1.7864e+05,35% ann.,0.35
84541,window k=30,30,10.006,8.3305,16.661,0,84541,gauss,0.5,0.023945,2024.3,0,0,2.0243e+05,35% ann.,0.35
84541,window k=30,30,10.006,8.3305,16.661,0.5,84545,gauss,0.30854,0.021131,1786.4,0.00063414,0.010566,1.7864e+05,35% ann.,0.35
84541,window k=30,30,10.006,8.3305,16.661,1,84549,gauss,0.15866,0.014523,1227.8,0.00087168,0.014523,1.2278e+05,35% ann.,0.35
84541,window k=30,30,10.006,8.3305,16.661,2,84557,gauss,0.02275,0.0032405,273.96,0.000389,0.0064811,27396,35% ann.,0.35
84541,window k=45,45,5.0111,2.9477,11.791,-2,84535,gauss,0.97725,0.004579,387.11,-0.0007767,-0.009158,38711,35% ann.,0.35
84541,window k=45,45,5.0111,2.9477,11.791,-1,84538,gauss,0.84134,0.020522,1734.9,-0.0017405,-0.020522,1.7349e+05,35% ann.,0.35
84541,window k=45,45,5.0111,2.9477,11.791,-0.5,84539,gauss,0.69146,0.029859,2524.3,-0.0012662,-0.014929,2.5243e+05,35% ann.,0.35
84541,window k=45,45,5.0111,2.9477,11.791,0,84541,gauss,0.5,0.033835,2860.4,0,0,2.8604e+05,35% ann.,0.35
84541,window k=45,45,5.0111,2.9477,11.791,0.5,84542,gauss,0.30854,0.029859,2524.3,0.0012662,0.014929,2.5243e+05,35% ann.,0.35
84541,window k=45,45,5.0111,2.9477,11.791,1,84544,gauss,0.15866,0.020522,1734.9,0.0017405,0.020522,1.7349e+05,35% ann.,0.35
84541,window k=45,45,5.0111,2.9477,11.791,2,84547,gauss,0.02275,0.004579,387.11,0.0007767,0.009158,38711,35% ann.,0.35
84541,window k=55,55,1.7,0.5723,6.8676,-2,84540,gauss,0.97725,0.0078617,664.63,-0.0022895,-0.015723,66463,35% ann.,0.35
84541,window k=55,55,1.7,0.5723,6.8676,-1,84540,gauss,0.84134,0.035234,2978.7,-0.0051304,-0.035234,2.9787e+05,35% ann.,0.35
84541,window k=55,55,1.7,0.5723,6.8676,-0.5,84540,gauss,0.69146,0.051265,4333.9,-0.0037323,-0.025632,4.3339e+05,35% ann.,0.35
84541,window k=55,55,1.7,0.5723,6.8676,0,84541,gauss,0.5,0.05809,4911,0,0,4.911e+05,35% ann.,0.35
84541,window k=55,55,1.7,0.5723,6.8676,0.5,84541,gauss,0.30854,0.051265,4333.9,0.0037323,0.025632,4.3339e+05,35% ann.,0.35
84541,window k=55,55,1.7,0.5723,6.8676,1,84541,gauss,0.15866,0.035234,2978.7,0.0051304,0.035234,2.9787e+05,35% ann.,0.35
84541,window k=55,55,1.7,0.5723,6.8676,2,84542,gauss,0.02275,0.0078617,664.63,0.0022895,0.015723,66463,35% ann.,0.35
84541,window k=59,59,0.5,0.062075,3.7245,-2,84541,gauss,0.97725,0.014496,1225.5,-0.0077843,-0.028992,1.2255e+05,35% ann.,0.35
84541,window k=59,59,0.5,0.062075,3.7245,-1,84541,gauss,0.84134,0.064967,5492.4,-0.017443,-0.064967,5.4924e+05,35% ann.,0.35
84541,window k=59,59,0.5,0.062075,3.7245,-0.5,84541,gauss,0.69146,0.094527,7991.4,-0.01269,-0.047264,7.9914e+05,35% ann.,0.35
84541,window k=59,59,0.5,0.062075,3.7245,0,84541,gauss,0.5,0.10711,9055.4,1.4607e-12,5.4405e-12,9.0554e+05,35% ann.,0.35
84541,window k=59,59,0.5,0.062075,3.7245,0.5,84541,gauss,0.30854,0.094527,7991.4,0.01269,0.047264,7.9914e+05,35% ann.,0.35
84541,window k=59,59,0.5,0.062075,3.7245,1,84541,gauss,0.15866,0.064967,5492.4,0.017443,0.064967,5.4924e+05,35% ann.,0.35
84541,window k=59,59,0.5,0.062075,3.7245,2,84541,gauss,0.02275,0.014496,1225.5,0.0077843,0.028992,1.2255e+05,35% ann.,0.35
84541,T-60m,0,3560.5,538.79,538.79,-2,83463,gauss,0.97725,0.00010021,8.4716,-3.7197e-07,-0.00020042,847.16,60% ann.,0.6
84541,T-60m,0,3560.5,538.79,538.79,-1,84002,gauss,0.84134,0.0004491,37.967,-8.3353e-07,-0.0004491,3796.7,60% ann.,0.6
84541,T-60m,0,3560.5,538.79,538.79,-0.5,84271,gauss,0.69146,0.00065344,55.242,-6.0639e-07,-0.00032672,5524.2,60% ann.,0.6
84541,T-60m,0,3560.5,538.79,538.79,0,84541,gauss,0.5,0.00074044,62.597,0,0,6259.7,60% ann.,0.6
84541,T-60m,0,3560.5,538.79,538.79,0.5,84810,gauss,0.30854,0.00065344,55.242,6.0639e-07,0.00032672,5524.2,60% ann.,0.6
84541,T-60m,0,3560.5,538.79,538.79,1,85079,gauss,0.15866,0.0004491,37.967,8.3353e-07,0.0004491,3796.7,60% ann.,0.6
84541,T-60m,0,3560.5,538.79,538.79,2,85618,gauss,0.02275,0.00010021,8.4716,3.7197e-07,0.00020042,847.16,60% ann.,0.6
84541,T-30m,0,1760.5,378.86,378.86,-2,83783,gauss,0.97725,0.00014251,12.048,-7.5229e-07,-0.00028501,1204.8,60% ann.,0.6
84541,T-30m,0,1760.5,378.86,378.86,-1,84162,gauss,0.84134,0.00063867,53.994,-1.6858e-06,-0.00063867,5399.4,60% ann.,0.6
84541,T-30m,0,1760.5,378.86,378.86,-0.5,84351,gauss,0.69146,0.00092927,78.561,-1.2264e-06,-0.00046463,7856.1,60% ann.,0.6
84541,T-30m,0,1760.5,378.86,378.86,0,84541,gauss,0.5,0.001053,89.021,0,0,8902.1,60% ann.,0.6
84541,T-30m,0,1760.5,378.86,378.86,0.5,84730,gauss,0.30854,0.00092927,78.561,1.2264e-06,0.00046463,7856.1,60% ann.,0.6
84541,T-30m,0,1760.5,378.86,378.86,1,84920,gauss,0.15866,0.00063867,53.994,1.6858e-06,0.00063867,5399.4,60% ann.,0.6
84541,T-30m,0,1760.5,378.86,378.86,2,85298,gauss,0.02275,0.00014251,12.048,7.5229e-07,0.00028501,1204.8,60% ann.,0.6
84541,T-15m,0,860.5,264.88,264.88,-2,84011,gauss,0.97725,0.00020384,17.232,-1.5391e-06,-0.00040767,1723.2,60% ann.,0.6
84541,T-15m,0,860.5,264.88,264.88,-1,84276,gauss,0.84134,0.00091353,77.23,-3.4489e-06,-0.00091353,7723,60% ann.,0.6
84541,T-15m,0,860.5,264.88,264.88,-0.5,84408,gauss,0.69146,0.0013292,112.37,-2.5091e-06,-0.00066459,11237,60% ann.,0.6
84541,T-15m,0,860.5,264.88,264.88,0,84541,gauss,0.5,0.0015062,127.33,0,0,12733,60% ann.,0.6
84541,T-15m,0,860.5,264.88,264.88,0.5,84673,gauss,0.30854,0.0013292,112.37,2.5091e-06,0.00066459,11237,60% ann.,0.6
84541,T-15m,0,860.5,264.88,264.88,1,84806,gauss,0.15866,0.00091353,77.23,3.4489e-06,0.00091353,7723,60% ann.,0.6
84541,T-15m,0,860.5,264.88,264.88,2,85070,gauss,0.02275,0.00020384,17.232,1.5391e-06,0.00040767,1723.2,60% ann.,0.6
84541,T-10m,0,560.5,213.77,213.77,-2,84113,gauss,0.97725,0.00025256,21.352,-2.3629e-06,-0.00050512,2135.2,60% ann.,0.6
84541,T-10m,0,560.5,213.77,213.77,-1,84327,gauss,0.84134,0.0011319,95.692,-5.2949e-06,-0.0011319,9569.2,60% ann.,0.6
84541,T-10m,0,560.5,213.77,213.77,-0.5,84434,gauss,0.69146,0.0016469,139.23,-3.852e-06,-0.00082345,13923,60% ann.,0.6
84541,T-10m,0,560.5,213.77,213.77,0,84541,gauss,0.5,0.0018662,157.77,0,0,15777,60% ann.,0.6
84541,T-10m,0,560.5,213.77,213.77,0.5,84648,gauss,0.30854,0.0016469,139.23,3.852e-06,0.00082345,13923,60% ann.,0.6
84541,T-10m,0,560.5,213.77,213.77,1,84754,gauss,0.15866,0.0011319,95.692,5.2949e-06,0.0011319,9569.2,60% ann.,0.6
84541,T-10m,0,560.5,213.77,213.77,2,84968,gauss,0.02275,0.00025256,21.352,2.3629e-06,0.00050512,2135.2,60% ann.,0.6
84541,T-5m,0,260.5,145.74,145.74,-2,84249,gauss,0.97725,0.00037047,31.32,-5.084e-06,-0.00074093,3132,60% ann.,0.6
84541,T-5m,0,260.5,145.74,145.74,-1,84395,gauss,0.84134,0.0016603,140.36,-1.1393e-05,-0.0016603,14036,60% ann.,0.6
84541,T-5m,0,260.5,145.74,145.74,-0.5,84468,gauss,0.69146,0.0024157,204.23,-8.288e-06,-0.0012079,20423,60% ann.,0.6
84541,T-5m,0,260.5,145.74,145.74,0,84541,gauss,0.5,0.0027374,231.42,0,0,23142,60% ann.,0.6
84541,T-5m,0,260.5,145.74,145.74,0.5,84614,gauss,0.30854,0.0024157,204.23,8.288e-06,0.0012079,20423,60% ann.,0.6
84541,T-5m,0,260.5,145.74,145.74,1,84686,gauss,0.15866,0.0016603,140.36,1.1393e-05,0.0016603,14036,60% ann.,0.6
84541,T-5m,0,260.5,145.74,145.74,2,84832,gauss,0.02275,0.00037047,31.32,5.084e-06,0.00074093,3132,60% ann.,0.6
84541,T-2m,0,80.503,81.016,81.016,-2,84379,gauss,0.97725,0.00066642,56.34,-1.6452e-05,-0.0013328,5634,60% ann.,0.6
84541,T-2m,0,80.503,81.016,81.016,-1,84460,gauss,0.84134,0.0029867,252.5,-3.6866e-05,-0.0029867,25250,60% ann.,0.6
84541,T-2m,0,80.503,81.016,81.016,-0.5,84500,gauss,0.69146,0.0043456,367.38,-2.682e-05,-0.0021728,36738,60% ann.,0.6
84541,T-2m,0,80.503,81.016,81.016,0,84541,gauss,0.5,0.0049242,416.3,0,0,41630,60% ann.,0.6
84541,T-2m,0,80.503,81.016,81.016,0.5,84581,gauss,0.30854,0.0043456,367.38,2.682e-05,0.0021728,36738,60% ann.,0.6
84541,T-2m,0,80.503,81.016,81.016,1,84622,gauss,0.15866,0.0029867,252.5,3.6866e-05,0.0029867,25250,60% ann.,0.6
84541,T-2m,0,80.503,81.016,81.016,2,84703,gauss,0.02275,0.00066642,56.34,1.6452e-05,0.0013328,5634,60% ann.,0.6
84541,T-1.5m,0,50.503,64.169,64.169,-2,84412,gauss,0.97725,0.00084139,71.132,-2.6224e-05,-0.0016828,7113.2,60% ann.,0.6
84541,T-1.5m,0,50.503,64.169,64.169,-1,84477,gauss,0.84134,0.0037709,318.79,-5.8765e-05,-0.0037709,31879,60% ann.,0.6
84541,T-1.5m,0,50.503,64.169,64.169,-0.5,84509,gauss,0.69146,0.0054866,463.84,-4.2751e-05,-0.0027433,46384,60% ann.,0.6
84541,T-1.5m,0,50.503,64.169,64.169,0,84541,gauss,0.5,0.0062171,525.6,0,0,52560,60% ann.,0.6
84541,T-1.5m,0,50.503,64.169,64.169,0.5,84573,gauss,0.30854,0.0054866,463.84,4.2751e-05,0.0027433,46384,60% ann.,0.6
84541,T-1.5m,0,50.503,64.169,64.169,1,84605,gauss,0.15866,0.0037709,318.79,5.8765e-05,0.0037709,31879,60% ann.,0.6
84541,T-1.5m,0,50.503,64.169,64.169,2,84669,gauss,0.02275,0.00084139,71.132,2.6224e-05,0.0016828,7113.2,60% ann.,0.6
84541,window k=0,0,20.003,40.384,40.384,-2,84460,gauss,0.97725,0.0013369,113.03,-6.6211e-05,-0.0026739,11303,60% ann.,0.6
84541,window k=0,0,20.003,40.384,40.384,-1,84500,gauss,0.84134,0.0059917,506.55,-0.00014837,-0.0059917,50655,60% ann.,0.6
84541,window k=0,0,20.003,40.384,40.384,-0.5,84521,gauss,0.69146,0.0087179,737.02,-0.00010794,-0.004359,73702,60% ann.,0.6
84541,window k=0,0,20.003,40.384,40.384,0,84541,gauss,0.5,0.0098787,835.15,0,0,83515,60% ann.,0.6
84541,window k=0,0,20.003,40.384,40.384,0.5,84561,gauss,0.30854,0.0087179,737.02,0.00010794,0.004359,73702,60% ann.,0.6
84541,window k=0,0,20.003,40.384,40.384,1,84581,gauss,0.15866,0.0059917,506.55,0.00014837,0.0059917,50655,60% ann.,0.6
84541,window k=0,0,20.003,40.384,40.384,2,84621,gauss,0.02275,0.0013369,113.03,6.6211e-05,0.0026739,11303,60% ann.,0.6
84541,window k=15,15,15.004,26.232,34.976,-2,84488,gauss,0.97725,0.0015437,130.5,-8.8272e-05,-0.0030874,13050,60% ann.,0.6
84541,window k=15,15,15.004,26.232,34.976,-1,84514,gauss,0.84134,0.0069183,584.88,-0.0001978,-0.0069183,58488,60% ann.,0.6
84541,window k=15,15,15.004,26.232,34.976,-0.5,84528,gauss,0.69146,0.010066,850.99,-0.0001439,-0.005033,85099,60% ann.,0.6
84541,window k=15,15,15.004,26.232,34.976,0,84541,gauss,0.5,0.011406,964.3,0,0,96430,60% ann.,0.6
84541,window k=15,15,15.004,26.232,34.976,0.5,84554,gauss,0.30854,0.010066,850.99,0.0001439,0.005033,85099,60% ann.,0.6
84541,window k=15,15,15.004,26.232,34.976,1,84567,gauss,0.15866,0.0069183,584.88,0.0001978,0.0069183,58488,60% ann.,0.6
84541,window k=15,15,15.004,26.232,34.976,2,84593,gauss,0.02275,0.0015437,130.5,8.8272e-05,0.0030874,13050,60% ann.,0.6
84541,window k=30,30,10.006,14.281,28.562,-2,84512,gauss,0.97725,0.0018903,159.81,-0.00013237,-0.0037806,15981,60% ann.,0.6
84541,window k=30,30,10.006,14.281,28.562,-1,84526,gauss,0.84134,0.0084718,716.21,-0.00029661,-0.0084718,71621,60% ann.,0.6
84541,window k=30,30,10.006,14.281,28.562,-0.5,84534,gauss,0.69146,0.012326,1042.1,-0.00021579,-0.0061632,1.0421e+05,60% ann.,0.6
84541,window k=30,30,10.006,14.281,28.562,0,84541,gauss,0.5,0.013968,1180.8,0,0,1.1808e+05,60% ann.,0.6
84541,window k=30,30,10.006,14.281,28.562,0.5,84548,gauss,0.30854,0.012326,1042.1,0.00021579,0.0061632,1.0421e+05,60% ann.,0.6
84541,window k=30,30,10.006,14.281,28.562,1,84555,gauss,0.15866,0.0084718,716.21,0.00029661,0.0084718,71621,60% ann.,0.6
84541,window k=30,30,10.006,14.281,28.562,2,84569,gauss,0.02275,0.0018903,159.81,0.00013237,0.0037806,15981,60% ann.,0.6
84541,window k=45,45,5.0111,5.0533,20.213,-2,84531,gauss,0.97725,0.0026711,225.82,-0.00026429,-0.0053422,22582,60% ann.,0.6
84541,window k=45,45,5.0111,5.0533,20.213,-1,84536,gauss,0.84134,0.011971,1012,-0.00059224,-0.011971,1.012e+05,60% ann.,0.6
84541,window k=45,45,5.0111,5.0533,20.213,-0.5,84538,gauss,0.69146,0.017418,1472.5,-0.00043085,-0.0087089,1.4725e+05,60% ann.,0.6
84541,window k=45,45,5.0111,5.0533,20.213,0,84541,gauss,0.5,0.019737,1668.6,0,0,1.6686e+05,60% ann.,0.6
84541,window k=45,45,5.0111,5.0533,20.213,0.5,84543,gauss,0.30854,0.017418,1472.5,0.00043085,0.0087089,1.4725e+05,60% ann.,0.6
84541,window k=45,45,5.0111,5.0533,20.213,1,84546,gauss,0.15866,0.011971,1012,0.00059224,0.011971,1.012e+05,60% ann.,0.6
84541,window k=45,45,5.0111,5.0533,20.213,2,84551,gauss,0.02275,0.0026711,225.82,0.00026429,0.0053422,22582,60% ann.,0.6
84541,window k=55,55,1.7,0.98109,11.773,-2,84539,gauss,0.97725,0.004586,387.7,-0.00077906,-0.0091719,38770,60% ann.,0.6
84541,window k=55,55,1.7,0.98109,11.773,-1,84540,gauss,0.84134,0.020553,1737.6,-0.0017458,-0.020553,1.7376e+05,60% ann.,0.6
84541,window k=55,55,1.7,0.98109,11.773,-0.5,84540,gauss,0.69146,0.029904,2528.1,-0.00127,-0.014952,2.5281e+05,60% ann.,0.6
84541,window k=55,55,1.7,0.98109,11.773,0,84541,gauss,0.5,0.033886,2864.7,0,0,2.8647e+05,60% ann.,0.6
84541,window k=55,55,1.7,0.98109,11.773,0.5,84541,gauss,0.30854,0.029904,2528.1,0.00127,0.014952,2.5281e+05,60% ann.,0.6
84541,window k=55,55,1.7,0.98109,11.773,1,84542,gauss,0.15866,0.020553,1737.6,0.0017458,0.020553,1.7376e+05,60% ann.,0.6
84541,window k=55,55,1.7,0.98109,11.773,2,84543,gauss,0.02275,0.004586,387.7,0.00077906,0.0091719,38770,60% ann.,0.6
84541,window k=59,59,0.5,0.10641,6.3848,-2,84540,gauss,0.97725,0.0084561,714.89,-0.0026488,-0.016912,71489,60% ann.,0.6
84541,window k=59,59,0.5,0.10641,6.3848,-1,84541,gauss,0.84134,0.037898,3203.9,-0.0059356,-0.037898,3.2039e+05,60% ann.,0.6
84541,window k=59,59,0.5,0.10641,6.3848,-0.5,84541,gauss,0.69146,0.055141,4661.6,-0.0043181,-0.02757,4.6616e+05,60% ann.,0.6
84541,window k=59,59,0.5,0.10641,6.3848,0,84541,gauss,0.5,0.062483,5282.3,2.8995e-13,1.8513e-12,5.2823e+05,60% ann.,0.6
84541,window k=59,59,0.5,0.10641,6.3848,0.5,84541,gauss,0.30854,0.055141,4661.6,0.0043181,0.02757,4.6616e+05,60% ann.,0.6
84541,window k=59,59,0.5,0.10641,6.3848,1,84541,gauss,0.15866,0.037898,3203.9,0.0059356,0.037898,3.2039e+05,60% ann.,0.6
84541,window k=59,59,0.5,0.10641,6.3848,2,84541,gauss,0.02275,0.0084561,714.89,0.0026488,0.016912,71489,60% ann.,0.6
