period,model,param,tau_min,mean,min,max
test,EMP-blend,rms_u,2,1,1,1
test,EMP-blend,rms_u,3,1,1,1
test,EMP-blend,rms_u,5,1,1,1
test,EMP-blend,rms_u,10,1,1,1
test,EMP-blend,rms_u,15,1,1,1
test,EMP-blend,rms_u,20,1,1,1
test,EMP-blend,rms_u,30,1,1,1
test,EMP-blend,rms_u,45,1,1,1
test,EMP-blend,rms_u,60,1,1,1
test,MIX-blend,c,2,1,1,1
test,MIX-blend,c,3,0.9988,0.9882,1
test,MIX-blend,c,5,0.9993,0.9855,1
test,MIX-blend,c,10,0.9994,0.9881,1
test,MIX-blend,c,15,0.9965,0.9739,1
test,MIX-blend,c,20,0.9972,0.9725,1
test,MIX-blend,c,30,0.9983,0.979,1
test,MIX-blend,c,45,0.9966,0.9794,1
test,MIX-blend,c,60,0.9978,0.984,1
test,MIX-blend,cv,2,0.4609,0.4043,0.512
test,MIX-blend,cv,3,0.4299,0.3792,0.5005
test,MIX-blend,cv,5,0.3969,0.3655,0.4563
test,MIX-blend,cv,10,0.3763,0.3382,0.4308
test,MIX-blend,cv,15,0.3726,0.3272,0.4386
test,MIX-blend,cv,20,0.4075,0.372,0.4527
test,MIX-blend,cv,30,0.3816,0.3429,0.4281
test,MIX-blend,cv,45,0.4136,0.3842,0.4457
test,MIX-blend,cv,60,0.4223,0.3858,0.463
test,T-blend,c,2,1.003,1,1.025
test,T-blend,c,3,1.002,1,1.015
test,T-blend,c,5,0.999,0.9904,1.002
test,T-blend,c,10,0.9992,0.99,1
test,T-blend,c,15,0.993,0.9751,1
test,T-blend,c,20,0.9984,0.989,1
test,T-blend,c,30,0.9965,0.987,1
test,T-blend,c,45,0.9963,0.9819,1
test,T-blend,c,60,0.9977,0.9874,1.008
test,T-blend,nu,2,4.446,3.843,5.13
test,T-blend,nu,3,4.787,3.973,5.471
test,T-blend,nu,5,5.209,4.363,5.801
test,T-blend,nu,10,5.53,4.647,6.381
test,T-blend,nu,15,5.556,4.678,6.451
test,T-blend,nu,20,4.944,4.303,5.552
test,T-blend,nu,30,5.366,4.539,6.198
test,T-blend,nu,45,4.81,4.348,5.35
test,T-blend,nu,60,4.69,4.179,5.319
test,T-raw-2h,c,2,0.8795,0.8334,0.9065
test,T-raw-2h,c,3,0.8802,0.8511,0.8976
test,T-raw-2h,c,5,0.9042,0.8711,0.9237
test,T-raw-2h,c,10,0.9654,0.937,0.9878
test,T-raw-2h,c,15,0.9849,0.9745,0.9958
test,T-raw-2h,c,20,1.008,0.9951,1.02
test,T-raw-2h,c,30,1.086,1.068,1.104
test,T-raw-2h,c,45,1.096,1.082,1.11
test,T-raw-2h,c,60,1.12,1.109,1.143
test,T-raw-2h,nu,2,3.509,3.175,3.843
test,T-raw-2h,nu,3,3.768,3.255,4.133
test,T-raw-2h,nu,5,3.998,3.444,4.378
test,T-raw-2h,nu,10,4.215,3.621,4.711
test,T-raw-2h,nu,15,4.212,3.689,4.714
test,T-raw-2h,nu,20,3.749,3.47,4.044
test,T-raw-2h,nu,30,3.708,3.405,4.008
test,T-raw-2h,nu,45,3.646,3.465,3.885
test,T-raw-2h,nu,60,3.609,3.278,3.921
test,blend,w_10m,2,0.5463,0.473,0.6438
test,blend,w_10m,3,0.5598,0.4755,0.6422
test,blend,w_10m,5,0.5525,0.3722,0.6763
test,blend,w_10m,10,0.4631,0.313,0.6401
test,blend,w_10m,15,0.395,0.262,0.5293
test,blend,w_10m,20,0.2794,0.1015,0.4663
test,blend,w_10m,30,0.501,0.4459,0.5713
test,blend,w_10m,45,0.3084,0.1885,0.3918
test,blend,w_10m,60,0.2219,0.1042,0.3469
test,blend,w_1d,2,0.09789,0.04492,0.158
test,blend,w_1d,3,0.08178,0.01411,0.1642
test,blend,w_1d,5,0.1177,0.08495,0.1971
test,blend,w_1d,10,0.1068,0.08236,0.1411
test,blend,w_1d,15,0.1908,0.1251,0.3257
test,blend,w_1d,20,0.2296,0.1508,0.3252
test,blend,w_1d,30,0.2435,0.2081,0.2863
test,blend,w_1d,45,0.3024,0.2168,0.3556
test,blend,w_1d,60,0.3454,0.2776,0.402
test,blend,w_2h,2,0.08129,0,0.2007
test,blend,w_2h,3,0.08043,0,0.1789
test,blend,w_2h,5,0.1192,0,0.167
test,blend,w_2h,10,0.2867,0.152,0.3725
test,blend,w_2h,15,0.2403,0.02716,0.3566
test,blend,w_2h,20,0.161,0,0.2798
test,blend,w_2h,30,0.3123,0.2513,0.3849
test,blend,w_2h,45,0.3732,0.2548,0.4556
test,blend,w_2h,60,0.3752,0.1992,0.4978
test,blend,w_30m,2,0,0,0
test,blend,w_30m,3,0,0,0
test,blend,w_30m,5,0.01494,0,0.1531
test,blend,w_30m,10,0.06775,0,0.2014
test,blend,w_30m,15,0.1239,0,0.3274
test,blend,w_30m,20,0.2607,0.002644,0.5335
test,blend,w_30m,30,0.01484,0,0.06899
test,blend,w_30m,45,0.01744,0,0.1267
test,blend,w_30m,60,0.06608,0,0.2615
test,blend,w_6h,2,0.0316,0,0.1302
test,blend,w_6h,3,0.05754,0,0.1864
test,blend,w_6h,5,0.01598,0,0.07207
test,blend,w_6h,10,0.003816,0,0.05735
test,blend,w_6h,15,0.000621,0,0.0123
test,blend,w_6h,20,0.002021,0,0.04244
test,blend,w_6h,30,0.003785,0,0.04134
test,blend,w_6h,45,0.03721,0,0.2069
test,blend,w_6h,60,0.04829,0,0.2625
test,blend_raw,w_10m,2,0.5859,0.4988,0.6955
test,blend_raw,w_10m,3,0.6213,0.5278,0.7183
test,blend_raw,w_10m,5,0.6288,0.4466,0.7727
test,blend_raw,w_10m,10,0.5925,0.4126,0.8199
test,blend_raw,w_10m,15,0.6446,0.5282,0.768
test,blend_raw,w_10m,20,0.5456,0.4222,0.6969
test,blend_raw,w_10m,30,0.6649,0.495,0.7719
test,blend_raw,w_10m,45,0.3318,0.1132,0.5435
test,blend_raw,w_10m,60,0.46,0.2436,0.674
test,blend_raw,w_1d,2,0.03169,0.02064,0.04222
test,blend_raw,w_1d,3,0.0261,0.007448,0.04087
test,blend_raw,w_1d,5,0.03635,0.02214,0.05094
test,blend_raw,w_1d,10,0.04037,0.006629,0.0508
test,blend_raw,w_1d,15,0.07907,0.03442,0.1403
test,blend_raw,w_1d,20,0.08231,0.05467,0.1296
test,blend_raw,w_1d,30,0.1001,0.04914,0.1568
test,blend_raw,w_1d,45,0.1234,0.04797,0.2029
test,blend_raw,w_1d,60,0.1356,0.07939,0.2261
test,blend_raw,w_2h,2,0.1261,0.08533,0.1908
test,blend_raw,w_2h,3,0.1166,0.06846,0.1761
test,blend_raw,w_2h,5,0.09524,0.02077,0.1638
test,blend_raw,w_2h,10,0.1134,0.007555,0.2155
test,blend_raw,w_2h,15,0.1136,0,0.2179
test,blend_raw,w_2h,20,0.09087,0,0.2217
test,blend_raw,w_2h,30,0.07561,0,0.1975
test,blend_raw,w_2h,45,0.1423,0,0.3028
test,blend_raw,w_2h,60,0.2779,0.1409,0.4441
test,blend_raw,w_30m,2,0,0,0
test,blend_raw,w_30m,3,0.009278,0,0.07299
test,blend_raw,w_30m,5,0.06384,0,0.2282
test,blend_raw,w_30m,10,0.1769,0,0.4174
test,blend_raw,w_30m,15,0.1206,0,0.2648
test,blend_raw,w_30m,20,0.23,0,0.4442
test,blend_raw,w_30m,30,0.3406,0.1865,0.5577
test,blend_raw,w_30m,45,0.5461,0.2935,0.7803
test,blend_raw,w_30m,60,0.3456,0.05373,0.6033
test,blend_raw,w_6h,2,0,0,0
test,blend_raw,w_6h,3,0.003373,0,0.0388
test,blend_raw,w_6h,5,0,0,0
test,blend_raw,w_6h,10,0.008031,0,0.07492
test,blend_raw,w_6h,15,0.001332,0,0.02172
test,blend_raw,w_6h,20,0.0004772,0,0.01002
test,blend_raw,w_6h,30,0,0,0
test,blend_raw,w_6h,45,0.005816,0,0.05064
test,blend_raw,w_6h,60,0,0,0
validation,EMP-blend,rms_u,2,1,1,1
validation,EMP-blend,rms_u,3,1,1,1
validation,EMP-blend,rms_u,5,1,1,1
validation,EMP-blend,rms_u,10,1,1,1
validation,EMP-blend,rms_u,15,1,1,1
validation,EMP-blend,rms_u,20,1,1,1
validation,EMP-blend,rms_u,30,1,1,1
validation,EMP-blend,rms_u,45,1,1,1
validation,EMP-blend,rms_u,60,1,1,1
validation,MIX-blend,c,2,0.9998,0.9976,1
validation,MIX-blend,c,3,0.9996,0.9953,1
validation,MIX-blend,c,5,0.9966,0.9726,1
validation,MIX-blend,c,10,0.9979,0.9746,1
validation,MIX-blend,c,15,1,1,1
validation,MIX-blend,c,20,0.9858,0.9498,1
validation,MIX-blend,c,30,0.997,0.9639,1
validation,MIX-blend,c,45,0.9856,0.9363,1
validation,MIX-blend,c,60,0.9731,0.9185,1
validation,MIX-blend,cv,2,0.4566,0.4322,0.5138
validation,MIX-blend,cv,3,0.426,0.3898,0.5051
validation,MIX-blend,cv,5,0.4223,0.3788,0.4838
validation,MIX-blend,cv,10,0.4291,0.3983,0.4542
validation,MIX-blend,cv,15,0.4419,0.408,0.4895
validation,MIX-blend,cv,20,0.4857,0.4328,0.5375
validation,MIX-blend,cv,30,0.4693,0.4191,0.537
validation,MIX-blend,cv,45,0.5009,0.4449,0.5828
validation,MIX-blend,cv,60,0.5214,0.4697,0.5959
validation,T-blend,c,2,1.008,1,1.017
validation,T-blend,c,3,1,0.9956,1.003
validation,T-blend,c,5,0.9959,0.9865,1
validation,T-blend,c,10,0.9932,0.9797,1
validation,T-blend,c,15,0.9835,0.9605,1
validation,T-blend,c,20,0.994,0.9771,1
validation,T-blend,c,30,0.9946,0.982,1
validation,T-blend,c,45,0.996,0.9833,1
validation,T-blend,c,60,0.9976,0.9791,1.006
validation,T-blend,nu,2,4.406,3.896,4.701
validation,T-blend,nu,3,4.845,3.915,5.356
validation,T-blend,nu,5,4.799,4.001,5.373
validation,T-blend,nu,10,4.616,4.251,4.993
validation,T-blend,nu,15,4.524,3.83,5.062
validation,T-blend,nu,20,3.957,3.45,4.452
validation,T-blend,nu,30,4.162,3.534,4.772
validation,T-blend,nu,45,3.792,3.246,4.364
validation,T-blend,nu,60,3.55,3.083,4.102
validation,T-raw-2h,c,2,0.8973,0.8817,0.9257
validation,T-raw-2h,c,3,0.9003,0.8826,0.9426
validation,T-raw-2h,c,5,0.9339,0.9151,0.9719
validation,T-raw-2h,c,10,0.979,0.9676,0.9972
validation,T-raw-2h,c,15,0.9902,0.9711,1.022
validation,T-raw-2h,c,20,1.037,1.004,1.104
validation,T-raw-2h,c,30,1.096,1.064,1.176
validation,T-raw-2h,c,45,1.134,1.085,1.216
validation,T-raw-2h,c,60,1.178,1.141,1.268
validation,T-raw-2h,nu,2,3.458,3.155,3.648
validation,T-raw-2h,nu,3,3.733,3.222,4.064
validation,T-raw-2h,nu,5,3.844,3.398,4.101
validation,T-raw-2h,nu,10,3.791,3.491,4.003
validation,T-raw-2h,nu,15,3.829,3.398,4.062
validation,T-raw-2h,nu,20,3.327,2.936,3.592
validation,T-raw-2h,nu,30,3.36,2.925,3.653
validation,T-raw-2h,nu,45,3.211,2.849,3.538
validation,T-raw-2h,nu,60,2.991,2.693,3.247
validation,blend,w_10m,2,0.5892,0.5373,0.6596
validation,blend,w_10m,3,0.5908,0.5536,0.6303
validation,blend,w_10m,5,0.6122,0.5526,0.694
validation,blend,w_10m,10,0.6211,0.5133,0.6926
validation,blend,w_10m,15,0.4966,0.3634,0.6231
validation,blend,w_10m,20,0.4609,0.2807,0.5731
validation,blend,w_10m,30,0.5082,0.4127,0.5949
validation,blend,w_10m,45,0.5498,0.3993,0.6416
validation,blend,w_10m,60,0.3199,0.2127,0.3969
validation,blend,w_1d,2,0.0567,0.03481,0.07866
validation,blend,w_1d,3,0.08183,0.06415,0.1216
validation,blend,w_1d,5,0.1155,0.08808,0.1726
validation,blend,w_1d,10,0.1421,0.1047,0.1899
validation,blend,w_1d,15,0.2061,0.1732,0.2485
validation,blend,w_1d,20,0.2118,0.07078,0.3018
validation,blend,w_1d,30,0.2532,0.1165,0.3317
validation,blend,w_1d,45,0.2514,0.0898,0.4745
validation,blend,w_1d,60,0.3999,0.2918,0.5692
validation,blend,w_2h,2,0.1121,0,0.1614
validation,blend,w_2h,3,0.1022,0,0.1647
validation,blend,w_2h,5,0.09914,0.03564,0.1458
validation,blend,w_2h,10,0.148,0,0.2643
validation,blend,w_2h,15,0.1487,0.04716,0.2926
validation,blend,w_2h,20,0.1847,0.1143,0.3766
validation,blend,w_2h,30,0.07132,0,0.2523
validation,blend,w_2h,45,0.1268,0,0.273
validation,blend,w_2h,60,0.1514,0.03078,0.3981
validation,blend,w_30m,2,0,0,0
validation,blend,w_30m,3,0.0106,0,0.06618
validation,blend,w_30m,5,0.03519,0,0.1588
validation,blend,w_30m,10,0.05187,0,0.2564
validation,blend,w_30m,15,0.1351,0,0.3472
validation,blend,w_30m,20,0.1024,0,0.306
validation,blend,w_30m,30,0.1141,0,0.2437
validation,blend,w_30m,45,0,0,0
validation,blend,w_30m,60,0.02108,0,0.1636
validation,blend,w_6h,2,0.02509,0,0.1013
validation,blend,w_6h,3,0.01628,0,0.07965
validation,blend,w_6h,5,0.01647,0,0.06163
validation,blend,w_6h,10,0,0,0
validation,blend,w_6h,15,0,0,0
validation,blend,w_6h,20,0.01985,0,0.1442
validation,blend,w_6h,30,0.1203,0,0.312
validation,blend,w_6h,45,0.1958,0,0.3465
validation,blend,w_6h,60,0.1949,0,0.3384
validation,blend_raw,w_10m,2,0.6479,0.6073,0.713
validation,blend_raw,w_10m,3,0.6555,0.6218,0.6963
validation,blend_raw,w_10m,5,0.7104,0.6545,0.778
validation,blend_raw,w_10m,10,0.7437,0.6574,0.8138
validation,blend_raw,w_10m,15,0.7454,0.6226,0.8459
validation,blend_raw,w_10m,20,0.6782,0.489,0.845
validation,blend_raw,w_10m,30,0.5536,0.3827,0.6584
validation,blend_raw,w_10m,45,0.7684,0.4379,0.9411
validation,blend_raw,w_10m,60,0.7522,0.4863,1.086
validation,blend_raw,w_1d,2,0.01565,0.005078,0.02679
validation,blend_raw,w_1d,3,0.02445,0.0144,0.03742
validation,blend_raw,w_1d,5,0.05083,0.03627,0.07121
validation,blend_raw,w_1d,10,0.02467,0.01017,0.05052
validation,blend_raw,w_1d,15,0.03306,0.01193,0.05267
validation,blend_raw,w_1d,20,0.05667,0.006008,0.1072
validation,blend_raw,w_1d,30,0.07532,0.008992,0.1267
validation,blend_raw,w_1d,45,0.04205,0,0.07842
validation,blend_raw,w_1d,60,0.04607,0.006852,0.1053
validation,blend_raw,w_2h,2,0.128,0.1051,0.1584
validation,blend_raw,w_2h,3,0.1215,0.07204,0.1563
validation,blend_raw,w_2h,5,0.09952,0.07034,0.1397
validation,blend_raw,w_2h,10,0.1265,0.06984,0.1754
validation,blend_raw,w_2h,15,0.1698,0.01238,0.2868
validation,blend_raw,w_2h,20,0.1897,0.05075,0.3279
validation,blend_raw,w_2h,30,0.05593,0,0.1996
validation,blend_raw,w_2h,45,0.3926,0.1824,0.5337
validation,blend_raw,w_2h,60,0.3026,0.1388,0.4242
validation,blend_raw,w_30m,2,0,0,0
validation,blend_raw,w_30m,3,0.01002,0,0.06765
validation,blend_raw,w_30m,5,0.03428,0,0.1382
validation,blend_raw,w_30m,10,0.09384,0.009647,0.25
validation,blend_raw,w_30m,15,0.1306,0,0.3603
validation,blend_raw,w_30m,20,0.1403,0,0.3609
validation,blend_raw,w_30m,30,0.4322,0.3144,0.5623
validation,blend_raw,w_30m,45,0.08413,0,0.415
validation,blend_raw,w_30m,60,0.2884,0,0.781
validation,blend_raw,w_6h,2,0.004467,0,0.02682
validation,blend_raw,w_6h,3,0.005068,0,0.03185
validation,blend_raw,w_6h,5,0,0,0
validation,blend_raw,w_6h,10,0.02226,0,0.06589
validation,blend_raw,w_6h,15,0.007256,0,0.03664
validation,blend_raw,w_6h,20,0.0008642,0,0.01037
validation,blend_raw,w_6h,30,0.07145,0,0.1841
validation,blend_raw,w_6h,45,0.009367,0,0.03833
validation,blend_raw,w_6h,60,0.03086,0,0.09067
