period,day_type,hour_et,factor
validation,weekday,0,0.789
validation,weekday,1,0.78705
validation,weekday,2,0.84904
validation,weekday,3,0.92113
validation,weekday,4,0.95042
validation,weekday,5,0.91807
validation,weekday,6,0.89417
validation,weekday,7,0.94105
validation,weekday,8,1.1696
validation,weekday,9,1.4999
validation,weekday,10,1.6368
validation,weekday,11,1.4136
validation,weekday,12,1.307
validation,weekday,13,1.1994
validation,weekday,14,1.2425
validation,weekday,15,1.2702
validation,weekday,16,1.137
validation,weekday,17,1.0514
validation,weekday,18,0.8858
validation,weekday,19,0.87997
validation,weekday,20,0.98849
validation,weekday,21,1.0205
validation,weekday,22,0.93037
validation,weekday,23,0.79351
validation,weekend,0,0.54325
validation,weekend,1,0.53902
validation,weekend,2,0.48801
validation,weekend,3,0.55947
validation,weekend,4,0.5134
validation,weekend,5,0.53456
validation,weekend,6,0.56197
validation,weekend,7,0.5981
validation,weekend,8,0.60781
validation,weekend,9,0.73255
validation,weekend,10,0.75074
validation,weekend,11,0.74096
validation,weekend,12,0.73771
validation,weekend,13,0.77825
validation,weekend,14,0.74395
validation,weekend,15,0.74011
validation,weekend,16,0.88021
validation,weekend,17,0.89875
validation,weekend,18,0.93916
validation,weekend,19,0.90884
validation,weekend,20,0.99491
validation,weekend,21,0.99147
validation,weekend,22,0.84264
validation,weekend,23,0.78447
validation,weekday_utc,0,1.0861
validation,weekday_utc,1,1.1239
validation,weekday_utc,2,1.0324
validation,weekday_utc,3,0.90316
validation,weekday_utc,4,0.79906
validation,weekday_utc,5,0.78392
validation,weekday_utc,6,0.82906
validation,weekday_utc,7,0.87843
validation,weekday_utc,8,0.94965
validation,weekday_utc,9,0.93063
validation,weekday_utc,10,0.88148
validation,weekday_utc,11,0.88363
validation,weekday_utc,12,1.1514
validation,weekday_utc,13,1.3665
validation,weekday_utc,14,1.6152
validation,weekday_utc,15,1.4867
validation,weekday_utc,16,1.3347
validation,weekday_utc,17,1.2443
validation,weekday_utc,18,1.226
validation,weekday_utc,19,1.239
validation,weekday_utc,20,1.1972
validation,weekday_utc,21,1.0869
validation,weekday_utc,22,0.95106
validation,weekday_utc,23,0.85696
validation,weekend_utc,0,0.72348
validation,weekend_utc,1,0.71875
validation,weekend_utc,2,0.62614
validation,weekend_utc,3,0.58037
validation,weekend_utc,4,0.5611
validation,weekend_utc,5,0.55255
validation,weekend_utc,6,0.50171
validation,weekend_utc,7,0.55146
validation,weekend_utc,8,0.51312
validation,weekend_utc,9,0.5333
validation,weekend_utc,10,0.56
validation,weekend_utc,11,0.56372
validation,weekend_utc,12,0.6113
validation,weekend_utc,13,0.67191
validation,weekend_utc,14,0.77883
validation,weekend_utc,15,0.74061
validation,weekend_utc,16,0.75603
validation,weekend_utc,17,0.78513
validation,weekend_utc,18,0.72271
validation,weekend_utc,19,0.73189
validation,weekend_utc,20,0.8726
validation,weekend_utc,21,0.8432
validation,weekend_utc,22,0.96053
validation,weekend_utc,23,0.87463
test,weekday,0,0.82655
test,weekday,1,0.82852
test,weekday,2,0.83705
test,weekday,3,0.87846
test,weekday,4,0.90664
test,weekday,5,0.82787
test,weekday,6,0.80643
test,weekday,7,0.86039
test,weekday,8,1.1212
test,weekday,9,1.6493
test,weekday,10,1.7422
test,weekday,11,1.4498
test,weekday,12,1.2837
test,weekday,13,1.2281
test,weekday,14,1.1747
test,weekday,15,1.1178
test,weekday,16,0.99893
test,weekday,17,0.98986
test,weekday,18,0.89744
test,weekday,19,0.86433
test,weekday,20,1.0081
test,weekday,21,0.98388
test,weekday,22,0.87079
test,weekday,23,0.7951
test,weekend,0,0.54152
test,weekend,1,0.5873
test,weekend,2,0.52772
test,weekend,3,0.57027
test,weekend,4,0.56848
test,weekend,5,0.57707
test,weekend,6,0.57462
test,weekend,7,0.58845
test,weekend,8,0.63265
test,weekend,9,0.76595
test,weekend,10,0.83128
test,weekend,11,0.81596
test,weekend,12,0.81058
test,weekend,13,0.76176
test,weekend,14,0.73977
test,weekend,15,0.7149
test,weekend,16,0.77448
test,weekend,17,0.94552
test,weekend,18,1.1524
test,weekend,19,1.0571
test,weekend,20,1.1392
test,weekend,21,1.0587
test,weekend,22,0.9475
test,weekend,23,0.81731
test,weekday_utc,0,1.1487
test,weekday_utc,1,1.1468
test,weekday_utc,2,1.023
test,weekday_utc,3,0.8941
test,weekday_utc,4,0.83406
test,weekday_utc,5,0.82776
test,weekday_utc,6,0.83023
test,weekday_utc,7,0.87303
test,weekday_utc,8,0.91004
test,weekday_utc,9,0.84908
test,weekday_utc,10,0.81629
test,weekday_utc,11,0.82297
test,weekday_utc,12,1.0604
test,weekday_utc,13,1.4603
test,weekday_utc,14,1.7258
test,weekday_utc,15,1.5613
test,weekday_utc,16,1.3257
test,weekday_utc,17,1.2534
test,weekday_utc,18,1.1983
test,weekday_utc,19,1.1177
test,weekday_utc,20,1.0674
test,weekday_utc,21,0.99053
test,weekday_utc,22,0.95245
test,weekday_utc,23,0.82385
test,weekend_utc,0,0.69275
test,weekend_utc,1,0.67268
test,weekend_utc,2,0.67165
test,weekend_utc,3,0.57622
test,weekend_utc,4,0.56901
test,weekend_utc,5,0.54995
test,weekend_utc,6,0.53683
test,weekend_utc,7,0.54301
test,weekend_utc,8,0.58791
test,weekend_utc,9,0.59333
test,weekend_utc,10,0.5694
test,weekend_utc,11,0.56986
test,weekend_utc,12,0.60018
test,weekend_utc,13,0.7148
test,weekend_utc,14,0.83556
test,weekend_utc,15,0.79448
test,weekend_utc,16,0.82578
test,weekend_utc,17,0.76747
test,weekend_utc,18,0.77674
test,weekend_utc,19,0.72523
test,weekend_utc,20,0.75667
test,weekend_utc,21,0.86053
test,weekend_utc,22,1.1173
test,weekend_utc,23,1.0347
