period,grid,group,level,model,n,n_days,brier,brier_lo,brier_hi,log_loss,ll_lo,ll_hi,d_ll_vs_base,d_ll_lo,d_ll_hi,d_brier_vs_base,d_brier_lo,d_brier_hi,citl,base,layout
validation,z,all,all,G-blend,1885950,366,0.079859,0.078806,0.080895,0.26523,0.26159,0.26887,0.0039519,0.0036058,0.0043162,0.00078905,0.00069373,0.00088795,0.00068878,flat|T-blend,flat
validation,z,all,all,T-blend,1885950,366,0.07907,0.077932,0.080185,0.26128,0.25752,0.26492,0,0,0,0,0,0,0.00068878,flat|T-blend,flat
validation,z,all,all,G-blend,1885950,366,0.079681,0.078629,0.08071,0.26436,0.26071,0.26786,0.003088,0.0026283,0.0035513,0.00061107,0.00050709,0.00071806,0.00068878,flat|T-blend,time_of_day/60m/UTC
validation,z,all,all,T-blend,1885950,366,0.078967,0.077829,0.080078,0.26065,0.2569,0.26431,-0.00062916,-0.00080068,-0.00045118,-0.0001024,-0.00012582,-7.7338e-05,0.00068878,flat|T-blend,time_of_day/60m/UTC
validation,z,all,all,G-blend,1885950,366,0.079521,0.078465,0.080574,0.26352,0.25986,0.26719,0.0022438,0.0017096,0.0027572,0.00045173,0.00034702,0.00056021,0.00068878,flat|T-blend,day_type/60m/UTC
validation,z,all,all,T-blend,1885950,366,0.078909,0.077769,0.080041,0.26019,0.25646,0.26387,-0.0010905,-0.0013574,-0.00083529,-0.00016066,-0.00019605,-0.00012303,0.00068878,flat|T-blend,day_type/60m/UTC
validation,z,all,all,G-blend,1885950,366,0.079566,0.07851,0.080621,0.26378,0.26012,0.26747,0.0025002,0.0019854,0.0030431,0.00049648,0.00039508,0.00060678,0.00068878,flat|T-blend,day_type/60m/ET
validation,z,all,all,T-blend,1885950,366,0.078922,0.077792,0.080049,0.2603,0.25657,0.26401,-0.00097242,-0.0012095,-0.00070075,-0.00014781,-0.00018121,-0.00010981,0.00068878,flat|T-blend,day_type/60m/ET
validation,z,all,all,G-blend,1885950,366,0.079526,0.078479,0.080585,0.26369,0.26005,0.26738,0.0024152,0.0018349,0.0030068,0.00045661,0.00034991,0.00057139,0.00068878,flat|T-blend,day_type/30m/ET
validation,z,all,all,T-blend,1885950,366,0.078886,0.077757,0.080013,0.26013,0.25638,0.26386,-0.0011448,-0.0014407,-0.00083362,-0.00018345,-0.00022367,-0.00014022,0.00068878,flat|T-blend,day_type/30m/ET
validation,z,all,all,G-blend,1885950,366,0.079515,0.078459,0.080571,0.26356,0.25992,0.26725,0.0022805,0.0017104,0.0028424,0.00044533,0.00034014,0.00055531,0.00068878,flat|T-blend,hour_of_week/60m/UTC
validation,z,all,all,T-blend,1885950,366,0.078912,0.077776,0.080043,0.26022,0.2565,0.26393,-0.0010538,-0.0013274,-0.00074151,-0.0001573,-0.00019528,-0.0001159,0.00068878,flat|T-blend,hour_of_week/60m/UTC
validation,z,all,all,G-blend,1885950,366,0.079524,0.078472,0.080576,0.26363,0.25996,0.26735,0.0023495,0.001809,0.0029349,0.00045423,0.00034775,0.00056442,0.00068878,flat|T-blend,hour_of_week/60m/ET
validation,z,all,all,T-blend,1885950,366,0.078908,0.077776,0.080028,0.26023,0.25652,0.26392,-0.0010475,-0.0013146,-0.00076156,-0.0001614,-0.0001979,-0.00012176,0.00068878,flat|T-blend,hour_of_week/60m/ET
validation,z,all,all,G-blend,1885950,366,0.079493,0.078445,0.08053,0.26359,0.25987,0.26722,0.0023087,0.0017025,0.0029656,0.0004228,0.00031207,0.00053509,0.00068878,flat|T-blend,hour_of_week/30m/ET
validation,z,all,all,T-blend,1885950,366,0.078877,0.07775,0.079984,0.26009,0.25637,0.26379,-0.0011911,-0.0015091,-0.00083007,-0.00019248,-0.00023571,-0.00014339,0.00068878,flat|T-blend,hour_of_week/30m/ET
validation,z,tau,60m,G-blend,209550,366,0.087783,0.086255,0.089351,0.29267,0.28758,0.29785,0.0064504,0.0055924,0.0073121,0.0015261,0.00131,0.001761,0.0027869,flat|T-blend,flat
validation,z,tau,45m,G-blend,209550,366,0.086414,0.084831,0.087903,0.28685,0.28193,0.29181,0.0052138,0.0045079,0.0060107,0.0012343,0.0010433,0.0014386,0.0014984,flat|T-blend,flat
validation,z,tau,30m,G-blend,209550,366,0.08472,0.083284,0.086204,0.28142,0.27671,0.28646,0.0045222,0.0037816,0.005263,0.00093211,0.00075274,0.0011083,-0.0020425,flat|T-blend,flat
validation,z,tau,20m,G-blend,209550,366,0.079909,0.078528,0.081308,0.26635,0.26136,0.2712,0.0048868,0.0040652,0.0056688,0.0010114,0.00084638,0.0011793,0.00073968,flat|T-blend,flat
validation,z,tau,15m,G-blend,209550,366,0.080332,0.078987,0.081749,0.26591,0.26108,0.27076,0.0037427,0.0030663,0.0044732,0.0006779,0.00053748,0.00082352,-0.00013839,flat|T-blend,flat
validation,z,tau,10m,G-blend,209550,366,0.079627,0.078252,0.080834,0.26339,0.25859,0.26808,0.0028891,0.0022832,0.0035111,0.00051173,0.00039647,0.00063059,0.0015128,flat|T-blend,flat
validation,z,tau,5m,G-blend,209550,366,0.075245,0.073857,0.076558,0.24895,0.24417,0.25346,0.0024584,0.0019506,0.0029884,0.00043646,0.00033367,0.00054385,0.00042472,flat|T-blend,flat
validation,z,tau,3m,G-blend,209550,366,0.072806,0.07147,0.074134,0.2413,0.23668,0.24607,0.0022788,0.0016404,0.0028828,0.00035815,0.00025908,0.00046395,0.0009592,flat|T-blend,flat
validation,z,tau,2m,G-blend,209550,366,0.071894,0.070526,0.073208,0.24021,0.23522,0.24521,0.0031249,0.0024107,0.0039069,0.00041344,0.00030876,0.00052933,0.00045812,flat|T-blend,flat
validation,z,tau,60m,T-blend,209550,366,0.086257,0.084507,0.088041,0.28622,0.28056,0.29186,0,0,0,0,0,0,0.0027869,flat|T-blend,flat
validation,z,tau,45m,T-blend,209550,366,0.08518,0.08344,0.086876,0.28163,0.27609,0.28706,0,0,0,0,0,0,0.0014984,flat|T-blend,flat
validation,z,tau,30m,T-blend,209550,366,0.083787,0.082184,0.085417,0.2769,0.27177,0.28218,0,0,0,0,0,0,-0.0020425,flat|T-blend,flat
validation,z,tau,20m,T-blend,209550,366,0.078897,0.07738,0.080442,0.26147,0.25648,0.26629,0,0,0,0,0,0,0.00073968,flat|T-blend,flat
validation,z,tau,15m,T-blend,209550,366,0.079654,0.078209,0.081189,0.26217,0.25735,0.26715,0,0,0,0,0,0,-0.00013839,flat|T-blend,flat
validation,z,tau,10m,T-blend,209550,366,0.079116,0.077651,0.08043,0.2605,0.25572,0.26502,0,0,0,0,0,0,0.0015128,flat|T-blend,flat
validation,z,tau,5m,T-blend,209550,366,0.074809,0.073329,0.076215,0.24649,0.24162,0.25116,0,0,0,0,0,0,0.00042472,flat|T-blend,flat
validation,z,tau,3m,T-blend,209550,366,0.072448,0.071052,0.073849,0.23903,0.23442,0.2437,0,0,0,0,0,0,0.0009592,flat|T-blend,flat
validation,z,tau,2m,T-blend,209550,366,0.07148,0.070028,0.072872,0.23709,0.23238,0.24185,0,0,0,0,0,0,0.00045812,flat|T-blend,flat
validation,z,tau,60m,G-blend,209550,366,0.087278,0.085683,0.088859,0.29047,0.28542,0.29578,0.0042468,0.0030212,0.0054124,0.0010209,0.00077292,0.0012767,0.0027869,flat|T-blend,time_of_day/60m/UTC
validation,z,tau,45m,G-blend,209550,366,0.086037,0.084452,0.087518,0.28488,0.27983,0.29,0.0032491,0.0023036,0.0042375,0.00085753,0.00064456,0.0011012,0.0014984,flat|T-blend,time_of_day/60m/UTC
validation,z,tau,30m,G-blend,209550,366,0.084404,0.082976,0.085863,0.27952,0.27481,0.28457,0.0026208,0.001781,0.0034631,0.00061704,0.00043089,0.00080724,-0.0020425,flat|T-blend,time_of_day/60m/UTC
validation,z,tau,20m,G-blend,209550,366,0.079779,0.078389,0.081163,0.26573,0.26076,0.27049,0.0042595,0.0034139,0.0051668,0.00088214,0.00071396,0.0010543,0.00073968,flat|T-blend,time_of_day/60m/UTC
validation,z,tau,15m,G-blend,209550,366,0.080215,0.078884,0.081634,0.26548,0.26083,0.27033,0.0033103,0.0026005,0.0041102,0.00056156,0.00042501,0.00069882,-0.00013839,flat|T-blend,time_of_day/60m/UTC
validation,z,tau,10m,G-blend,209550,366,0.079544,0.078172,0.080772,0.2631,0.25826,0.26771,0.0025976,0.0019516,0.0032615,0.00042806,0.00030592,0.00055138,0.0015128,flat|T-blend,time_of_day/60m/UTC
validation,z,tau,5m,G-blend,209550,366,0.075195,0.073811,0.076529,0.24866,0.24388,0.25334,0.0021661,0.0016056,0.0027603,0.00038624,0.00027831,0.00049164,0.00042472,flat|T-blend,time_of_day/60m/UTC
validation,z,tau,3m,G-blend,209550,366,0.072783,0.07146,0.074105,0.24114,0.23646,0.24601,0.0021188,0.0014929,0.0027577,0.00033518,0.00023156,0.00043881,0.0009592,flat|T-blend,time_of_day/60m/UTC
validation,z,tau,2m,G-blend,209550,366,0.071891,0.070518,0.073204,0.24031,0.23533,0.24527,0.0032232,0.0024482,0.0041428,0.00041099,0.00030511,0.00052946,0.00045812,flat|T-blend,time_of_day/60m/UTC
validation,z,tau,60m,T-blend,209550,366,0.085965,0.084199,0.087757,0.28455,0.27888,0.29012,-0.0016759,-0.002195,-0.0011997,-0.00029161,-0.00036837,-0.00022173,0.0027869,flat|T-blend,time_of_day/60m/UTC
validation,z,tau,45m,T-blend,209550,366,0.084919,0.083191,0.086599,0.28003,0.27456,0.28542,-0.0016002,-0.002005,-0.001207,-0.00026067,-0.00031737,-0.00020182,0.0014984,flat|T-blend,time_of_day/60m/UTC
validation,z,tau,30m,T-blend,209550,366,0.083607,0.081998,0.085224,0.27564,0.27054,0.2809,-0.001262,-0.0015972,-0.00089632,-0.00018061,-0.00023142,-0.0001302,-0.0020425,flat|T-blend,time_of_day/60m/UTC
validation,z,tau,20m,T-blend,209550,366,0.078847,0.077352,0.080372,0.26114,0.25614,0.26605,-0.00032331,-0.00056028,-9.1988e-05,-5.0703e-05,-8.7007e-05,-1.2925e-05,0.00073968,flat|T-blend,time_of_day/60m/UTC
validation,z,tau,15m,T-blend,209550,366,0.07961,0.078164,0.081159,0.26194,0.25717,0.26694,-0.00022659,-0.00045601,-1.2892e-05,-4.4351e-05,-7.5802e-05,-1.1363e-05,-0.00013839,flat|T-blend,time_of_day/60m/UTC
validation,z,tau,10m,T-blend,209550,366,0.079069,0.077609,0.080375,0.26026,0.25547,0.26476,-0.00023591,-0.00041359,-5.6671e-05,-4.6932e-05,-7.3683e-05,-1.9735e-05,0.0015128,flat|T-blend,time_of_day/60m/UTC
validation,z,tau,5m,T-blend,209550,366,0.074784,0.073293,0.076202,0.24628,0.24149,0.25088,-0.00021646,-0.00040292,-1.2729e-05,-2.4821e-05,-5.2574e-05,4.1983e-06,0.00042472,flat|T-blend,time_of_day/60m/UTC
validation,z,tau,3m,T-blend,209550,366,0.072433,0.071031,0.07383,0.2389,0.23424,0.24361,-0.00012576,-0.00028457,2.9387e-05,-1.5155e-05,-3.8304e-05,6.0109e-06,0.0009592,flat|T-blend,time_of_day/60m/UTC
validation,z,tau,2m,T-blend,209550,366,0.071474,0.070009,0.072864,0.23709,0.23232,0.24186,3.6452e-06,-0.00015631,0.00015183,-6.7573e-06,-2.9449e-05,1.3092e-05,0.00045812,flat|T-blend,time_of_day/60m/UTC
validation,z,tau,60m,G-blend,209550,366,0.086759,0.085185,0.088364,0.28779,0.28256,0.29302,0.0015726,0.0002414,0.0029263,0.00050246,0.00026066,0.00076873,0.0027869,flat|T-blend,day_type/60m/UTC
validation,z,tau,45m,G-blend,209550,366,0.085676,0.084073,0.087163,0.28312,0.27799,0.28812,0.0014886,0.00031545,0.0026735,0.00049594,0.00027708,0.00074263,0.0014984,flat|T-blend,day_type/60m/UTC
validation,z,tau,30m,G-blend,209550,366,0.084162,0.082711,0.085626,0.27806,0.27309,0.28321,0.00116,0.00023181,0.0021163,0.00037502,0.00019074,0.0005624,-0.0020425,flat|T-blend,day_type/60m/UTC
validation,z,tau,20m,G-blend,209550,366,0.07965,0.078259,0.081045,0.26492,0.25991,0.26982,0.0034528,0.0026382,0.0043766,0.00075227,0.00059145,0.00093171,0.00073968,flat|T-blend,day_type/60m/UTC
validation,z,tau,15m,G-blend,209550,366,0.080129,0.078779,0.081548,0.26502,0.26026,0.2699,0.0028492,0.0021046,0.0037243,0.00047562,0.00034209,0.00061081,-0.00013839,flat|T-blend,day_type/60m/UTC
validation,z,tau,10m,G-blend,209550,366,0.079509,0.078145,0.080731,0.26299,0.25821,0.26777,0.0024906,0.0018055,0.0032457,0.00039383,0.00027624,0.00051365,0.0015128,flat|T-blend,day_type/60m/UTC
validation,z,tau,5m,G-blend,209550,366,0.075171,0.073775,0.076504,0.24859,0.24387,0.25319,0.0020955,0.0015274,0.0027274,0.0003626,0.00025443,0.00047544,0.00042472,flat|T-blend,day_type/60m/UTC
validation,z,tau,3m,G-blend,209550,366,0.072759,0.071428,0.074085,0.24105,0.23632,0.24586,0.002025,0.0014099,0.002652,0.00031153,0.0002098,0.0004134,0.0009592,flat|T-blend,day_type/60m/UTC
validation,z,tau,2m,G-blend,209550,366,0.071877,0.070506,0.073184,0.24015,0.23516,0.24504,0.0030599,0.0022995,0.0039025,0.00039634,0.00028853,0.00051424,0.00045812,flat|T-blend,day_type/60m/UTC
validation,z,tau,60m,T-blend,209550,366,0.08578,0.084023,0.087605,0.28309,0.2774,0.28872,-0.0031344,-0.0038882,-0.0023943,-0.00047695,-0.00058673,-0.00037055,0.0027869,flat|T-blend,day_type/60m/UTC
validation,z,tau,45m,T-blend,209550,366,0.08478,0.083026,0.086459,0.27902,0.27358,0.28442,-0.0026149,-0.0032207,-0.0019774,-0.00039954,-0.00048425,-0.00030878,0.0014984,flat|T-blend,day_type/60m/UTC
validation,z,tau,30m,T-blend,209550,366,0.0835,0.081884,0.085114,0.27472,0.26959,0.27992,-0.0021821,-0.002683,-0.0016983,-0.00028767,-0.00036209,-0.00021645,-0.0020425,flat|T-blend,day_type/60m/UTC
validation,z,tau,20m,T-blend,209550,366,0.078814,0.077301,0.080344,0.26079,0.25578,0.26566,-0.00067833,-0.0010211,-0.00031744,-8.2997e-05,-0.00013756,-2.5757e-05,0.00073968,flat|T-blend,day_type/60m/UTC
validation,z,tau,15m,T-blend,209550,366,0.079592,0.078134,0.081124,0.26177,0.2569,0.26679,-0.0003969,-0.00071231,-7.164e-05,-6.1637e-05,-0.00010759,-1.1255e-05,-0.00013839,flat|T-blend,day_type/60m/UTC
validation,z,tau,10m,T-blend,209550,366,0.079064,0.077609,0.080365,0.26025,0.2555,0.26484,-0.00024934,-0.00047399,-2.0062e-05,-5.1155e-05,-8.4211e-05,-1.7002e-05,0.0015128,flat|T-blend,day_type/60m/UTC
validation,z,tau,5m,T-blend,209550,366,0.074764,0.073267,0.076187,0.24619,0.2414,0.25081,-0.00030003,-0.00053229,-8.0606e-05,-4.5116e-05,-7.8472e-05,-1.3847e-05,0.00042472,flat|T-blend,day_type/60m/UTC
validation,z,tau,3m,T-blend,209550,366,0.072419,0.07102,0.073813,0.23881,0.23414,0.2434,-0.00021307,-0.00040381,-2.2679e-05,-2.8991e-05,-5.8108e-05,-2.1299e-06,0.0009592,flat|T-blend,day_type/60m/UTC
validation,z,tau,2m,T-blend,209550,366,0.071468,0.070006,0.072857,0.23704,0.23226,0.24176,-4.5496e-05,-0.00023102,0.00012724,-1.1931e-05,-3.7689e-05,1.3697e-05,0.00045812,flat|T-blend,day_type/60m/UTC
validation,z,tau,60m,G-blend,209550,366,0.086864,0.085274,0.088468,0.28826,0.28324,0.29344,0.0020416,0.00070939,0.0033775,0.00060711,0.00035216,0.00088519,0.0027869,flat|T-blend,day_type/60m/ET
validation,z,tau,45m,G-blend,209550,366,0.085781,0.084176,0.087285,0.28373,0.27849,0.28892,0.0020976,0.0009934,0.0032081,0.00060123,0.00038332,0.00083715,0.0014984,flat|T-blend,day_type/60m/ET
validation,z,tau,30m,G-blend,209550,366,0.084198,0.082748,0.08567,0.27832,0.27335,0.28337,0.0014216,0.00047453,0.0023839,0.00041069,0.00022696,0.00059432,-0.0020425,flat|T-blend,day_type/60m/ET
validation,z,tau,20m,G-blend,209550,366,0.079704,0.07832,0.081092,0.26528,0.26029,0.27021,0.0038167,0.0029858,0.0047459,0.00080662,0.00064657,0.00098591,0.00073968,flat|T-blend,day_type/60m/ET
validation,z,tau,15m,G-blend,209550,366,0.08017,0.078816,0.081587,0.26524,0.26046,0.27019,0.0030753,0.0023688,0.0039126,0.00051591,0.00038307,0.00065178,-0.00013839,flat|T-blend,day_type/60m/ET
validation,z,tau,10m,G-blend,209550,366,0.079533,0.078156,0.080753,0.26313,0.25836,0.26785,0.0026313,0.0019441,0.0033458,0.00041735,0.00030188,0.00053801,0.0015128,flat|T-blend,day_type/60m/ET
validation,z,tau,5m,G-blend,209550,366,0.075199,0.0738,0.076524,0.24871,0.24401,0.25328,0.0022197,0.0016438,0.0028414,0.00039008,0.00028049,0.00050384,0.00042472,flat|T-blend,day_type/60m/ET
validation,z,tau,3m,G-blend,209550,366,0.072773,0.071455,0.074103,0.24114,0.2364,0.24599,0.002113,0.0014894,0.0027555,0.00032527,0.00022011,0.00043201,0.0009592,flat|T-blend,day_type/60m/ET
validation,z,tau,2m,G-blend,209550,366,0.071874,0.070504,0.073181,0.24017,0.23522,0.2451,0.0030849,0.0022862,0.0039946,0.00039403,0.00028371,0.00051253,0.00045812,flat|T-blend,day_type/60m/ET
validation,z,tau,60m,T-blend,209550,366,0.085807,0.084041,0.087625,0.2833,0.27773,0.289,-0.0029254,-0.0036785,-0.0022112,-0.00044998,-0.0005617,-0.00034327,0.0027869,flat|T-blend,day_type/60m/ET
validation,z,tau,45m,T-blend,209550,366,0.084815,0.083081,0.086505,0.27933,0.2739,0.28473,-0.0022998,-0.0028573,-0.0017185,-0.00036481,-0.00044256,-0.00028092,0.0014984,flat|T-blend,day_type/60m/ET
validation,z,tau,30m,T-blend,209550,366,0.083518,0.081895,0.085135,0.2749,0.26975,0.28002,-0.0019932,-0.002471,-0.0014997,-0.00026914,-0.00033895,-0.0002011,-0.0020425,flat|T-blend,day_type/60m/ET
validation,z,tau,20m,T-blend,209550,366,0.078835,0.07733,0.080363,0.26096,0.25593,0.26588,-0.0005047,-0.00082268,-0.00016842,-6.1991e-05,-0.0001083,-8.5605e-06,0.00073968,flat|T-blend,day_type/60m/ET
validation,z,tau,15m,T-blend,209550,366,0.079597,0.078145,0.081148,0.26182,0.25686,0.26688,-0.0003414,-0.00063951,-3.4292e-05,-5.705e-05,-9.8196e-05,-1.3844e-05,-0.00013839,flat|T-blend,day_type/60m/ET
validation,z,tau,10m,T-blend,209550,366,0.079064,0.077615,0.080371,0.26027,0.25559,0.26476,-0.00023111,-0.00046365,-6.6346e-06,-5.1557e-05,-8.5248e-05,-1.7333e-05,0.0015128,flat|T-blend,day_type/60m/ET
validation,z,tau,5m,T-blend,209550,366,0.074775,0.073284,0.076193,0.24627,0.2415,0.25093,-0.00022437,-0.00043698,-9.6025e-06,-3.331e-05,-6.3624e-05,-3.5535e-06,0.00042472,flat|T-blend,day_type/60m/ET
validation,z,tau,3m,T-blend,209550,366,0.072424,0.07102,0.073819,0.23886,0.23421,0.24347,-0.000164,-0.00035803,1.7918e-05,-2.3971e-05,-5.1369e-05,9.7447e-07,0.0009592,flat|T-blend,day_type/60m/ET
validation,z,tau,2m,T-blend,209550,366,0.071462,0.069997,0.07285,0.23702,0.23222,0.24175,-6.7796e-05,-0.00024556,0.00011363,-1.8467e-05,-4.1749e-05,6.0444e-06,0.00045812,flat|T-blend,day_type/60m/ET
validation,z,tau,60m,G-blend,209550,366,0.086899,0.085308,0.088511,0.28839,0.28331,0.29358,0.0021662,0.00081328,0.0034921,0.00064218,0.00037766,0.00092653,0.0027869,flat|T-blend,day_type/30m/ET
validation,z,tau,45m,G-blend,209550,366,0.085749,0.084153,0.087268,0.28373,0.27854,0.28894,0.0020995,0.00091007,0.0033136,0.00056906,0.00034313,0.00081483,0.0014984,flat|T-blend,day_type/30m/ET
validation,z,tau,30m,G-blend,209550,366,0.083989,0.082536,0.085424,0.27758,0.27269,0.28286,0.00068169,-0.00051617,0.0018967,0.00020139,-4.1055e-06,0.00040893,-0.0020425,flat|T-blend,day_type/30m/ET
validation,z,tau,20m,G-blend,209550,366,0.079623,0.078241,0.081009,0.26509,0.26008,0.27006,0.0036233,0.0026418,0.0046962,0.00072544,0.00056296,0.00091428,0.00073968,flat|T-blend,day_type/30m/ET
validation,z,tau,15m,G-blend,209550,366,0.080127,0.078773,0.081548,0.26519,0.26037,0.27014,0.0030243,0.002224,0.003959,0.00047293,0.00033184,0.00061601,-0.00013839,flat|T-blend,day_type/30m/ET
validation,z,tau,10m,G-blend,209550,366,0.079503,0.078132,0.080738,0.26308,0.25826,0.26793,0.0025845,0.001795,0.0034235,0.00038771,0.00026387,0.0005104,0.0015128,flat|T-blend,day_type/30m/ET
validation,z,tau,5m,G-blend,209550,366,0.075188,0.073795,0.076515,0.2487,0.24397,0.25327,0.0022034,0.0015647,0.0028844,0.00037927,0.00026737,0.00049673,0.00042472,flat|T-blend,day_type/30m/ET
validation,z,tau,3m,G-blend,209550,366,0.072771,0.071457,0.074098,0.24119,0.23646,0.24604,0.0021625,0.001495,0.002856,0.00032281,0.00021471,0.00043027,0.0009592,flat|T-blend,day_type/30m/ET
validation,z,tau,2m,G-blend,209550,366,0.071889,0.070516,0.0732,0.24028,0.23528,0.24522,0.0031912,0.0023876,0.0040782,0.00040873,0.00029942,0.0005276,0.00045812,flat|T-blend,day_type/30m/ET
validation,z,tau,60m,T-blend,209550,366,0.085839,0.084086,0.087667,0.28346,0.27788,0.2892,-0.0027613,-0.0035208,-0.0020398,-0.00041802,-0.00053324,-0.00030715,0.0027869,flat|T-blend,day_type/30m/ET
validation,z,tau,45m,T-blend,209550,366,0.08477,0.083031,0.086471,0.27915,0.27375,0.28459,-0.0024819,-0.0030814,-0.0018403,-0.00040922,-0.000498,-0.00031557,0.0014984,flat|T-blend,day_type/30m/ET
validation,z,tau,30m,T-blend,209550,366,0.083334,0.08174,0.084939,0.27392,0.26893,0.27908,-0.0029824,-0.0036715,-0.0022652,-0.00045374,-0.0005507,-0.00035328,-0.0020425,flat|T-blend,day_type/30m/ET
validation,z,tau,20m,T-blend,209550,366,0.078776,0.077293,0.080311,0.26066,0.25567,0.26564,-0.00080474,-0.0011983,-0.0003728,-0.00012157,-0.00017868,-5.1497e-05,0.00073968,flat|T-blend,day_type/30m/ET
validation,z,tau,15m,T-blend,209550,366,0.079568,0.078115,0.081092,0.26171,0.25688,0.26676,-0.0004605,-0.00081857,-7.3017e-05,-8.5995e-05,-0.00013663,-3.1954e-05,-0.00013839,flat|T-blend,day_type/30m/ET
validation,z,tau,10m,T-blend,209550,366,0.079037,0.077591,0.080337,0.26016,0.25541,0.26464,-0.00034175,-0.00061402,-4.1894e-05,-7.8315e-05,-0.00012109,-3.8539e-05,0.0015128,flat|T-blend,day_type/30m/ET
validation,z,tau,5m,T-blend,209550,366,0.074765,0.073269,0.076186,0.24622,0.24146,0.25084,-0.00026869,-0.00053498,-1.8177e-05,-4.3388e-05,-8.1849e-05,-5.3583e-06,0.00042472,flat|T-blend,day_type/30m/ET
validation,z,tau,3m,T-blend,209550,366,0.072418,0.071023,0.073807,0.23885,0.23425,0.2435,-0.00017309,-0.00040046,6.3686e-05,-2.966e-05,-6.3413e-05,-3.8841e-07,0.0009592,flat|T-blend,day_type/30m/ET
validation,z,tau,2m,T-blend,209550,366,0.071469,0.070006,0.072856,0.23706,0.23229,0.24175,-2.869e-05,-0.00025735,0.00018428,-1.1112e-05,-4.1493e-05,1.8143e-05,0.00045812,flat|T-blend,day_type/30m/ET
validation,z,tau,60m,G-blend,209550,366,0.08663,0.08505,0.088239,0.28757,0.2823,0.2928,0.0013478,-0.00017336,0.0029371,0.00037326,0.00012591,0.00063828,0.0027869,flat|T-blend,hour_of_week/60m/UTC
validation,z,tau,45m,G-blend,209550,366,0.085624,0.084003,0.087122,0.28305,0.27783,0.28835,0.0014201,0.0001497,0.0027013,0.00044436,0.00023263,0.00069712,0.0014984,flat|T-blend,hour_of_week/60m/UTC
validation,z,tau,30m,G-blend,209550,366,0.08418,0.08273,0.085672,0.27821,0.27327,0.28343,0.0013103,0.0003257,0.0023103,0.00039279,0.00020353,0.00058781,-0.0020425,flat|T-blend,hour_of_week/60m/UTC
validation,z,tau,20m,G-blend,209550,366,0.079642,0.078244,0.081043,0.26485,0.2599,0.2697,0.0033862,0.0025777,0.0042921,0.00074494,0.00058642,0.0009186,0.00073968,flat|T-blend,hour_of_week/60m/UTC
validation,z,tau,15m,G-blend,209550,366,0.080136,0.078784,0.081564,0.26505,0.26032,0.27012,0.0028869,0.0021332,0.00377,0.00048235,0.0003463,0.00062179,-0.00013839,flat|T-blend,hour_of_week/60m/UTC
validation,z,tau,10m,G-blend,209550,366,0.07953,0.078174,0.080759,0.26306,0.25828,0.26768,0.0025579,0.0018724,0.0033451,0.00041428,0.00029451,0.00053464,0.0015128,flat|T-blend,hour_of_week/60m/UTC
validation,z,tau,5m,G-blend,209550,366,0.075203,0.073813,0.07653,0.24879,0.24409,0.25337,0.0022961,0.001698,0.0029205,0.00039459,0.00028598,0.0005071,0.00042472,flat|T-blend,hour_of_week/60m/UTC
validation,z,tau,3m,G-blend,209550,366,0.072789,0.071458,0.074116,0.24118,0.23646,0.24596,0.002158,0.0015218,0.0028102,0.00034055,0.00023407,0.00044786,0.0009592,flat|T-blend,hour_of_week/60m/UTC
validation,z,tau,2m,G-blend,209550,366,0.071901,0.070532,0.073213,0.24025,0.23532,0.24515,0.0031609,0.0023532,0.0040613,0.0004209,0.00031085,0.00054228,0.00045812,flat|T-blend,hour_of_week/60m/UTC
validation,z,tau,60m,T-blend,209550,366,0.085739,0.083995,0.087538,0.28292,0.27728,0.28858,-0.0032968,-0.0041127,-0.0024395,-0.00051758,-0.00064018,-0.00039995,0.0027869,flat|T-blend,hour_of_week/60m/UTC
validation,z,tau,45m,T-blend,209550,366,0.084778,0.083007,0.086458,0.27903,0.27349,0.28443,-0.0025986,-0.0032637,-0.0018951,-0.00040155,-0.00049628,-0.0003026,0.0014984,flat|T-blend,hour_of_week/60m/UTC
validation,z,tau,30m,T-blend,209550,366,0.083509,0.081896,0.085113,0.27482,0.26969,0.28001,-0.0020767,-0.00261,-0.0015484,-0.00027887,-0.00035512,-0.0002028,-0.0020425,flat|T-blend,hour_of_week/60m/UTC
validation,z,tau,20m,T-blend,209550,366,0.078822,0.077329,0.080344,0.26081,0.25583,0.2657,-0.00065524,-0.0010283,-0.00025971,-7.5711e-05,-0.0001364,-1.3004e-05,0.00073968,flat|T-blend,hour_of_week/60m/UTC
validation,z,tau,15m,T-blend,209550,366,0.079599,0.078146,0.081117,0.26179,0.25694,0.26689,-0.00037769,-0.00073909,-7.7557e-06,-5.5164e-05,-0.00010709,-1.9803e-06,-0.00013839,flat|T-blend,hour_of_week/60m/UTC
validation,z,tau,10m,T-blend,209550,366,0.079069,0.077609,0.080365,0.26026,0.25556,0.26481,-0.00023873,-0.00049587,1.722e-05,-4.635e-05,-8.6032e-05,-7.1738e-06,0.0015128,flat|T-blend,hour_of_week/60m/UTC
validation,z,tau,5m,T-blend,209550,366,0.074781,0.073286,0.076201,0.24633,0.2416,0.25091,-0.00015883,-0.00040881,6.9321e-05,-2.7364e-05,-6.3506e-05,6.894e-06,0.00042472,flat|T-blend,hour_of_week/60m/UTC
validation,z,tau,3m,T-blend,209550,366,0.072433,0.071028,0.073835,0.23891,0.23421,0.24354,-0.00011423,-0.00032368,9.2399e-05,-1.478e-05,-4.4961e-05,1.5828e-05,0.0009592,flat|T-blend,hour_of_week/60m/UTC
validation,z,tau,2m,T-blend,209550,366,0.071482,0.070025,0.072866,0.23712,0.23237,0.24182,3.2461e-05,-0.00016274,0.0002146,1.6273e-06,-2.6503e-05,2.7447e-05,0.00045812,flat|T-blend,hour_of_week/60m/UTC
validation,z,tau,60m,G-blend,209550,366,0.086656,0.085054,0.088257,0.28762,0.28249,0.29266,0.0013999,-5.3289e-05,0.0029455,0.00039866,0.00014137,0.00066784,0.0027869,flat|T-blend,hour_of_week/60m/ET
validation,z,tau,45m,G-blend,209550,366,0.085651,0.084033,0.087157,0.28326,0.27807,0.28843,0.001628,0.00042578,0.0028923,0.00047081,0.00025834,0.00072207,0.0014984,flat|T-blend,hour_of_week/60m/ET
validation,z,tau,30m,G-blend,209550,366,0.084184,0.082736,0.085665,0.27826,0.27332,0.2834,0.0013668,0.00034877,0.0023275,0.00039608,0.00020592,0.00058785,-0.0020425,flat|T-blend,hour_of_week/60m/ET
validation,z,tau,20m,G-blend,209550,366,0.079672,0.078283,0.081075,0.26509,0.26,0.26997,0.0036244,0.0027955,0.0045274,0.00077472,0.00061761,0.00094615,0.00073968,flat|T-blend,hour_of_week/60m/ET
validation,z,tau,15m,G-blend,209550,366,0.080157,0.078805,0.081589,0.26521,0.26048,0.27026,0.0030489,0.002296,0.0039191,0.00050283,0.0003684,0.00063923,-0.00013839,flat|T-blend,hour_of_week/60m/ET
validation,z,tau,10m,G-blend,209550,366,0.079532,0.078173,0.080746,0.26316,0.25834,0.26793,0.0026644,0.0019683,0.0034614,0.00041628,0.00030056,0.00053671,0.0015128,flat|T-blend,hour_of_week/60m/ET
validation,z,tau,5m,G-blend,209550,366,0.075198,0.073808,0.076528,0.24875,0.24403,0.25331,0.0022561,0.0016644,0.002874,0.0003897,0.00028141,0.00050268,0.00042472,flat|T-blend,hour_of_week/60m/ET
validation,z,tau,3m,G-blend,209550,366,0.072782,0.071458,0.074108,0.24112,0.23644,0.24584,0.0020958,0.0014672,0.0027571,0.00033365,0.00022723,0.00043782,0.0009592,flat|T-blend,hour_of_week/60m/ET
validation,z,tau,2m,G-blend,209550,366,0.071886,0.070514,0.073189,0.24015,0.23518,0.245,0.0030612,0.0022412,0.0039296,0.00040536,0.00029342,0.00052557,0.00045812,flat|T-blend,hour_of_week/60m/ET
validation,z,tau,60m,T-blend,209550,366,0.08573,0.08399,0.087532,0.28291,0.27727,0.28851,-0.0033078,-0.0041033,-0.0024408,-0.00052664,-0.00064871,-0.00040168,0.0027869,flat|T-blend,hour_of_week/60m/ET
validation,z,tau,45m,T-blend,209550,366,0.084773,0.08303,0.086457,0.27908,0.27361,0.28458,-0.002551,-0.0031985,-0.0018575,-0.00040652,-0.0004985,-0.00030719,0.0014984,flat|T-blend,hour_of_week/60m/ET
validation,z,tau,30m,T-blend,209550,366,0.083498,0.081867,0.085105,0.27481,0.26965,0.28,-0.0020854,-0.0025865,-0.001552,-0.00028948,-0.00036769,-0.00021663,-0.0020425,flat|T-blend,hour_of_week/60m/ET
validation,z,tau,20m,T-blend,209550,366,0.07883,0.077327,0.080364,0.26088,0.25583,0.26569,-0.00058599,-0.00095944,-0.00019347,-6.6826e-05,-0.00012538,-4.978e-06,0.00073968,flat|T-blend,hour_of_week/60m/ET
validation,z,tau,15m,T-blend,209550,366,0.079602,0.078152,0.081125,0.26184,0.25691,0.26689,-0.0003302,-0.00067847,3.4011e-05,-5.2115e-05,-0.00010077,1.0814e-06,-0.00013839,flat|T-blend,hour_of_week/60m/ET
validation,z,tau,10m,T-blend,209550,366,0.079066,0.077614,0.080375,0.26032,0.25563,0.26489,-0.00017474,-0.00041599,9.9656e-05,-4.9401e-05,-8.6829e-05,-1.2343e-05,0.0015128,flat|T-blend,hour_of_week/60m/ET
validation,z,tau,5m,T-blend,209550,366,0.074773,0.07328,0.076194,0.24628,0.24157,0.25084,-0.00021113,-0.0004506,1.8733e-05,-3.5779e-05,-7.2105e-05,-3.4148e-06,0.00042472,flat|T-blend,hour_of_week/60m/ET
validation,z,tau,3m,T-blend,209550,366,0.072429,0.071026,0.073827,0.23887,0.23422,0.24347,-0.00015295,-0.00035869,3.2136e-05,-1.9378e-05,-4.7347e-05,7.6908e-06,0.0009592,flat|T-blend,hour_of_week/60m/ET
validation,z,tau,2m,T-blend,209550,366,0.071474,0.070018,0.072862,0.23706,0.23231,0.24177,-2.8593e-05,-0.00023857,0.0001659,-6.4599e-06,-3.363e-05,1.9577e-05,0.00045812,flat|T-blend,hour_of_week/60m/ET
validation,z,tau,60m,G-blend,209550,366,0.08671,0.085115,0.088318,0.28779,0.28267,0.29288,0.0015729,0.00012143,0.0030694,0.0004535,0.00019584,0.00072052,0.0027869,flat|T-blend,hour_of_week/30m/ET
validation,z,tau,45m,G-blend,209550,366,0.085632,0.08402,0.08715,0.28334,0.27806,0.28863,0.0017113,0.00043783,0.0030365,0.0004527,0.0002395,0.00070665,0.0014984,flat|T-blend,hour_of_week/30m/ET
validation,z,tau,30m,G-blend,209550,366,0.083966,0.082509,0.085427,0.27752,0.27262,0.28273,0.00062173,-0.00053231,0.0018999,0.00017902,-2.5164e-05,0.0003889,-0.0020425,flat|T-blend,hour_of_week/30m/ET
validation,z,tau,20m,G-blend,209550,366,0.079598,0.078207,0.081003,0.26498,0.25993,0.27001,0.0035149,0.0025079,0.0046415,0.00070032,0.00054025,0.00088524,0.00073968,flat|T-blend,hour_of_week/30m/ET
validation,z,tau,15m,G-blend,209550,366,0.080123,0.078769,0.081557,0.26524,0.26047,0.27022,0.0030702,0.0022367,0.0040961,0.00046894,0.00032309,0.00061316,-0.00013839,flat|T-blend,hour_of_week/30m/ET
validation,z,tau,10m,G-blend,209550,366,0.079506,0.078147,0.08074,0.26316,0.25835,0.26789,0.0026559,0.001835,0.0035722,0.00039019,0.00026963,0.00051561,0.0015128,flat|T-blend,hour_of_week/30m/ET
validation,z,tau,5m,G-blend,209550,366,0.075202,0.073822,0.076532,0.24883,0.24412,0.2534,0.0023333,0.0016771,0.003039,0.00039309,0.00027909,0.00051112,0.00042472,flat|T-blend,hour_of_week/30m/ET
validation,z,tau,3m,G-blend,209550,366,0.072785,0.071455,0.0741,0.2412,0.23654,0.24596,0.0021771,0.0015089,0.0028795,0.00033701,0.00022627,0.00044266,0.0009592,flat|T-blend,hour_of_week/30m/ET
validation,z,tau,2m,G-blend,209550,366,0.071911,0.070553,0.073218,0.24021,0.23528,0.24508,0.0031211,0.002306,0.0040198,0.00043045,0.00031535,0.00055521,0.00045812,flat|T-blend,hour_of_week/30m/ET
validation,z,tau,60m,T-blend,209550,366,0.085762,0.084024,0.087577,0.28309,0.27746,0.28876,-0.0031341,-0.0039192,-0.0022728,-0.00049468,-0.00062305,-0.00036917,0.0027869,flat|T-blend,hour_of_week/30m/ET
validation,z,tau,45m,T-blend,209550,366,0.08474,0.082997,0.086429,0.27898,0.27341,0.28442,-0.0026563,-0.0033436,-0.0019062,-0.00043964,-0.00053843,-0.00033159,0.0014984,flat|T-blend,hour_of_week/30m/ET
validation,z,tau,30m,T-blend,209550,366,0.083318,0.081737,0.084891,0.27386,0.26887,0.27914,-0.0030399,-0.003787,-0.0022998,-0.00046906,-0.0005743,-0.00035727,-0.0020425,flat|T-blend,hour_of_week/30m/ET
validation,z,tau,20m,T-blend,209550,366,0.078778,0.077285,0.080304,0.26063,0.25569,0.26556,-0.00083274,-0.001299,-0.00031156,-0.00011893,-0.0001892,-3.5857e-05,0.00073968,flat|T-blend,hour_of_week/30m/ET
validation,z,tau,15m,T-blend,209550,366,0.079575,0.078124,0.081116,0.26176,0.2569,0.26692,-0.00041069,-0.00083892,7.7254e-05,-7.8964e-05,-0.00014078,-1.2589e-05,-0.00013839,flat|T-blend,hour_of_week/30m/ET
validation,z,tau,10m,T-blend,209550,366,0.079041,0.077592,0.080349,0.26022,0.25549,0.26476,-0.00028266,-0.00062386,8.805e-05,-7.4564e-05,-0.00012404,-2.5012e-05,0.0015128,flat|T-blend,hour_of_week/30m/ET
validation,z,tau,5m,T-blend,209550,366,0.07477,0.073271,0.076205,0.24627,0.24151,0.25082,-0.00021902,-0.00051553,7.2504e-05,-3.8962e-05,-8.2092e-05,2.7309e-06,0.00042472,flat|T-blend,hour_of_week/30m/ET
validation,z,tau,3m,T-blend,209550,366,0.072423,0.071022,0.073811,0.23886,0.2342,0.24352,-0.00016306,-0.00041678,8.1364e-05,-2.4543e-05,-6.135e-05,9.8848e-06,0.0009592,flat|T-blend,hour_of_week/30m/ET
validation,z,tau,2m,T-blend,209550,366,0.071487,0.070041,0.072881,0.2371,0.23242,0.2418,1.816e-05,-0.00025762,0.00026375,6.9964e-06,-2.8518e-05,4.1992e-05,0.00045812,flat|T-blend,hour_of_week/30m/ET
test,z,all,all,G-blend,3376125,632,0.077609,0.076817,0.07834,0.25771,0.25501,0.26027,0.0032072,0.0029579,0.0034654,0.00062568,0.00056482,0.00068395,-0.0002451,flat|T-blend,flat
test,z,all,all,T-blend,3376125,632,0.076984,0.076158,0.077745,0.2545,0.25176,0.25706,0,0,0,0,0,0,-0.0002451,flat|T-blend,flat
test,z,all,all,G-blend,3376125,632,0.077435,0.076644,0.078167,0.25664,0.25396,0.25911,0.0021354,0.001773,0.0025058,0.00045154,0.00038225,0.00051831,-0.0002451,flat|T-blend,time_of_day/60m/UTC
test,z,all,all,T-blend,3376125,632,0.076878,0.076052,0.077644,0.25373,0.251,0.25622,-0.00077341,-0.0009522,-0.0005853,-0.00010578,-0.00013405,-7.8131e-05,-0.0002451,flat|T-blend,time_of_day/60m/UTC
test,z,all,all,G-blend,3376125,632,0.077338,0.076553,0.078062,0.25612,0.25339,0.25863,0.0016133,0.0012263,0.0019964,0.0003542,0.00028797,0.00042234,-0.0002451,flat|T-blend,day_type/60m/UTC
test,z,all,all,T-blend,3376125,632,0.076816,0.075985,0.077578,0.25335,0.2506,0.25589,-0.0011511,-0.0013737,-0.00092698,-0.00016744,-0.00020103,-0.00013344,-0.0002451,flat|T-blend,day_type/60m/UTC
test,z,all,all,G-blend,3376125,632,0.077346,0.076553,0.078076,0.25627,0.25357,0.25889,0.0017639,0.001353,0.002198,0.00036252,0.0002922,0.0004349,-0.0002451,flat|T-blend,day_type/60m/ET
test,z,all,all,T-blend,3376125,632,0.076818,0.075984,0.077586,0.2534,0.2507,0.25596,-0.0011006,-0.0013407,-0.00087292,-0.00016543,-0.00020041,-0.00013073,-0.0002451,flat|T-blend,day_type/60m/ET
test,z,all,all,G-blend,3376125,632,0.077306,0.07652,0.078047,0.25615,0.25345,0.25879,0.0016428,0.0011857,0.002141,0.00032289,0.00024667,0.00040018,-0.0002451,flat|T-blend,day_type/30m/ET
test,z,all,all,T-blend,3376125,632,0.076777,0.075947,0.07754,0.25318,0.25041,0.25571,-0.0013259,-0.0016029,-0.001048,-0.00020689,-0.00024815,-0.00016223,-0.0002451,flat|T-blend,day_type/30m/ET
test,z,all,all,G-blend,3376125,632,0.077304,0.076516,0.078037,0.25588,0.25315,0.25844,0.0013716,0.00096613,0.0017707,0.00032055,0.00025027,0.00039224,-0.0002451,flat|T-blend,hour_of_week/60m/UTC
test,z,all,all,T-blend,3376125,632,0.076792,0.075957,0.077561,0.25318,0.25041,0.25571,-0.0013251,-0.0015752,-0.0010696,-0.00019192,-0.00022981,-0.00015426,-0.0002451,flat|T-blend,hour_of_week/60m/UTC
test,z,all,all,G-blend,3376125,632,0.077266,0.076467,0.077994,0.25576,0.25308,0.25833,0.0012603,0.00085404,0.0016746,0.00028257,0.00021168,0.00035387,-0.0002451,flat|T-blend,hour_of_week/60m/ET
test,z,all,all,T-blend,3376125,632,0.076765,0.075936,0.077533,0.25306,0.25033,0.2556,-0.0014428,-0.0016921,-0.0011862,-0.00021843,-0.00025625,-0.00018078,-0.0002451,flat|T-blend,hour_of_week/60m/ET
test,z,all,all,G-blend,3376125,632,0.077262,0.076479,0.077995,0.25581,0.25312,0.25844,0.0013075,0.00084392,0.0017777,0.00027823,0.00020195,0.00035651,-0.0002451,flat|T-blend,hour_of_week/30m/ET
test,z,all,all,T-blend,3376125,632,0.076751,0.075927,0.077514,0.25296,0.25023,0.25552,-0.0015417,-0.0018434,-0.0012247,-0.00023297,-0.00028068,-0.0001854,-0.0002451,flat|T-blend,hour_of_week/30m/ET
test,z,tau,60m,G-blend,375125,632,0.087488,0.086368,0.08862,0.28961,0.28581,0.29327,0.0037654,0.0033074,0.0042509,0.00081938,0.00070099,0.00093855,-0.00027058,flat|T-blend,flat
test,z,tau,45m,G-blend,375125,632,0.085692,0.084651,0.086766,0.28378,0.2804,0.28725,0.0037504,0.0033113,0.0041738,0.00085729,0.00074477,0.00096984,-0.001097,flat|T-blend,flat
test,z,tau,30m,G-blend,375125,632,0.085165,0.084048,0.086292,0.28173,0.27799,0.28532,0.0034519,0.0030187,0.003864,0.00076576,0.00065412,0.00087674,-0.00075575,flat|T-blend,flat
test,z,tau,20m,G-blend,375125,632,0.079549,0.078437,0.080668,0.26371,0.2598,0.2676,0.0029871,0.0025076,0.0034784,0.00055538,0.00045905,0.00065006,0.0011929,flat|T-blend,flat
test,z,tau,15m,G-blend,375125,632,0.078831,0.077803,0.079937,0.26063,0.25705,0.26471,0.0027044,0.0022773,0.0031538,0.00048075,0.00040479,0.00055478,0.00053449,flat|T-blend,flat
test,z,tau,10m,G-blend,375125,632,0.076738,0.075777,0.077809,0.25375,0.25039,0.25746,0.0024763,0.0020612,0.0029171,0.00044196,0.00037359,0.00050389,-8.6638e-05,flat|T-blend,flat
test,z,tau,5m,G-blend,375125,632,0.070632,0.069625,0.071671,0.23496,0.23153,0.23863,0.0027741,0.0023255,0.0032663,0.00050551,0.00043525,0.00057292,-0.0020113,flat|T-blend,flat
test,z,tau,3m,G-blend,375125,632,0.067912,0.066965,0.06894,0.2278,0.22425,0.23154,0.0034862,0.0030024,0.0040156,0.00057222,0.00050642,0.00064685,0.0004092,flat|T-blend,flat
test,z,tau,2m,G-blend,375125,632,0.066477,0.065431,0.067478,0.22344,0.21969,0.22722,0.003469,0.0029453,0.0039918,0.00063286,0.00055228,0.00070932,-0.00012129,flat|T-blend,flat
test,z,tau,60m,T-blend,375125,632,0.086668,0.085459,0.087881,0.28584,0.28186,0.28971,0,0,0,0,0,0,-0.00027058,flat|T-blend,flat
test,z,tau,45m,T-blend,375125,632,0.084834,0.083702,0.086014,0.28003,0.27645,0.28369,0,0,0,0,0,0,-0.001097,flat|T-blend,flat
test,z,tau,30m,T-blend,375125,632,0.084399,0.08321,0.085619,0.27828,0.27445,0.28219,0,0,0,0,0,0,-0.00075575,flat|T-blend,flat
test,z,tau,20m,T-blend,375125,632,0.078994,0.077814,0.080171,0.26072,0.25687,0.26472,0,0,0,0,0,0,0.0011929,flat|T-blend,flat
test,z,tau,15m,T-blend,375125,632,0.07835,0.077274,0.079502,0.25793,0.25439,0.26192,0,0,0,0,0,0,0.00053449,flat|T-blend,flat
test,z,tau,10m,T-blend,375125,632,0.076296,0.075282,0.077411,0.25127,0.2481,0.2549,0,0,0,0,0,0,-8.6638e-05,flat|T-blend,flat
test,z,tau,5m,T-blend,375125,632,0.070126,0.069065,0.071218,0.23218,0.22875,0.23574,0,0,0,0,0,0,-0.0020113,flat|T-blend,flat
test,z,tau,3m,T-blend,375125,632,0.06734,0.066361,0.068419,0.22432,0.22093,0.2279,0,0,0,0,0,0,0.0004092,flat|T-blend,flat
test,z,tau,2m,T-blend,375125,632,0.065845,0.064754,0.066918,0.21997,0.21632,0.22358,0,0,0,0,0,0,-0.00012129,flat|T-blend,flat
test,z,tau,60m,G-blend,375125,632,0.087098,0.085968,0.088218,0.28755,0.28361,0.29127,0.0017075,0.00093645,0.0025128,0.00042931,0.00028693,0.00058549,-0.00027058,flat|T-blend,time_of_day/60m/UTC
test,z,tau,45m,G-blend,375125,632,0.085264,0.084219,0.086323,0.2813,0.27802,0.28475,0.0012771,0.00051825,0.0020437,0.00043026,0.00028592,0.00056717,-0.001097,flat|T-blend,time_of_day/60m/UTC
test,z,tau,30m,G-blend,375125,632,0.084681,0.083573,0.085823,0.27881,0.27523,0.28244,0.00053872,-9.1864e-05,0.0011535,0.00028168,0.00015556,0.00039659,-0.00075575,flat|T-blend,time_of_day/60m/UTC
test,z,tau,20m,G-blend,375125,632,0.079445,0.078334,0.08059,0.26287,0.25899,0.2668,0.0021464,0.0016231,0.0027097,0.00045111,0.00034749,0.0005579,0.0011929,flat|T-blend,time_of_day/60m/UTC
test,z,tau,15m,G-blend,375125,632,0.078758,0.077736,0.079869,0.26003,0.25643,0.26415,0.0021017,0.0015685,0.0026123,0.0004075,0.00031388,0.00049549,0.00053449,flat|T-blend,time_of_day/60m/UTC
test,z,tau,10m,G-blend,375125,632,0.076663,0.075701,0.077731,0.25321,0.24993,0.2569,0.0019384,0.0014812,0.0024179,0.00036705,0.00029383,0.00043676,-8.6638e-05,flat|T-blend,time_of_day/60m/UTC
test,z,tau,5m,G-blend,375125,632,0.070603,0.069585,0.071629,0.23478,0.23138,0.23847,0.0025945,0.0021144,0.0030879,0.00047723,0.00040152,0.00054721,-0.0020113,flat|T-blend,time_of_day/60m/UTC
test,z,tau,3m,G-blend,375125,632,0.067904,0.066972,0.068926,0.2277,0.2241,0.23146,0.0033829,0.0028378,0.0039494,0.00056454,0.00049209,0.0006439,0.0004092,flat|T-blend,time_of_day/60m/UTC
test,z,tau,2m,G-blend,375125,632,0.0665,0.065462,0.067497,0.2235,0.21971,0.22721,0.0035316,0.0029287,0.0041478,0.00065515,0.00056542,0.0007373,-0.00012129,flat|T-blend,time_of_day/60m/UTC
test,z,tau,60m,T-blend,375125,632,0.086384,0.085174,0.087593,0.28403,0.28003,0.28791,-0.0018158,-0.0023425,-0.0012973,-0.00028398,-0.00036923,-0.00019517,-0.00027058,flat|T-blend,time_of_day/60m/UTC
test,z,tau,45m,T-blend,375125,632,0.084591,0.083462,0.085755,0.2783,0.27486,0.28189,-0.0017217,-0.002202,-0.0012693,-0.00024295,-0.00031498,-0.00016535,-0.001097,flat|T-blend,time_of_day/60m/UTC
test,z,tau,30m,T-blend,375125,632,0.084133,0.082947,0.085341,0.27638,0.27256,0.28023,-0.0018944,-0.0023029,-0.0015037,-0.00026548,-0.00032358,-0.0002063,-0.00075575,flat|T-blend,time_of_day/60m/UTC
test,z,tau,20m,T-blend,375125,632,0.078942,0.077762,0.08013,0.26019,0.25637,0.26419,-0.00053206,-0.00078963,-0.00028923,-5.1867e-05,-8.8283e-05,-1.3973e-05,0.0011929,flat|T-blend,time_of_day/60m/UTC
test,z,tau,15m,T-blend,375125,632,0.078308,0.077239,0.07947,0.25753,0.25398,0.26148,-0.00039848,-0.00065339,-0.00016091,-4.2215e-05,-7.6716e-05,-8.2372e-06,0.00053449,flat|T-blend,time_of_day/60m/UTC
test,z,tau,10m,T-blend,375125,632,0.076251,0.075249,0.077358,0.25092,0.24774,0.25448,-0.00035404,-0.00053841,-0.00017596,-4.497e-05,-7.4314e-05,-1.7217e-05,-8.6638e-05,flat|T-blend,time_of_day/60m/UTC
test,z,tau,5m,T-blend,375125,632,0.070111,0.069059,0.071196,0.23207,0.2287,0.23563,-0.00011662,-0.00026155,2.3895e-05,-1.496e-05,-3.8635e-05,7.1371e-06,-0.0020113,flat|T-blend,time_of_day/60m/UTC
test,z,tau,3m,T-blend,375125,632,0.067335,0.066356,0.068413,0.22424,0.22087,0.22782,-7.4825e-05,-0.00023579,7.272e-05,-4.9842e-06,-2.7591e-05,1.6565e-05,0.0004092,flat|T-blend,time_of_day/60m/UTC
test,z,tau,2m,T-blend,375125,632,0.065844,0.064753,0.066917,0.21992,0.21626,0.22346,-5.2776e-05,-0.00020954,0.00010701,-5.8858e-07,-2.1869e-05,1.9806e-05,-0.00012129,flat|T-blend,time_of_day/60m/UTC
test,z,tau,60m,G-blend,375125,632,0.086808,0.085692,0.0879,0.28594,0.28222,0.28968,9.5379e-05,-0.00081943,0.0010354,0.00013955,-2.4889e-05,0.00030717,-0.00027058,flat|T-blend,day_type/60m/UTC
test,z,tau,45m,G-blend,375125,632,0.085087,0.084032,0.086146,0.2804,0.27714,0.28388,0.00037191,-0.00043517,0.0012149,0.00025263,9.9682e-05,0.00039726,-0.001097,flat|T-blend,day_type/60m/UTC
test,z,tau,30m,G-blend,375125,632,0.084539,0.08344,0.085664,0.27815,0.27457,0.28177,-0.00012805,-0.00084403,0.00060929,0.00014033,5.7074e-06,0.0002614,-0.00075575,flat|T-blend,day_type/60m/UTC
test,z,tau,20m,G-blend,375125,632,0.07937,0.07826,0.0805,0.2625,0.25868,0.26636,0.0017766,0.0011867,0.0023646,0.00037614,0.0002773,0.00048846,0.0011929,flat|T-blend,day_type/60m/UTC
test,z,tau,15m,G-blend,375125,632,0.07866,0.077643,0.079749,0.25951,0.25588,0.26364,0.0015857,0.0010642,0.0021261,0.00030959,0.00022347,0.00038922,0.00053449,flat|T-blend,day_type/60m/UTC
test,z,tau,10m,G-blend,375125,632,0.076624,0.075667,0.077695,0.25308,0.24978,0.25678,0.0018079,0.001321,0.0022969,0.00032835,0.00025451,0.00039963,-8.6638e-05,flat|T-blend,day_type/60m/UTC
test,z,tau,5m,G-blend,375125,632,0.07058,0.069559,0.071609,0.23455,0.23108,0.23828,0.0023634,0.001898,0.002873,0.00045384,0.00037691,0.00052524,-0.0020113,flat|T-blend,day_type/60m/UTC
test,z,tau,3m,G-blend,375125,632,0.067892,0.066952,0.068909,0.22756,0.22393,0.23128,0.003238,0.002729,0.0038121,0.0005517,0.00047856,0.00062644,0.0004092,flat|T-blend,day_type/60m/UTC
test,z,tau,2m,G-blend,375125,632,0.06648,0.065433,0.067477,0.22338,0.21964,0.22713,0.0034085,0.0027989,0.0040233,0.00063567,0.00054619,0.00071501,-0.00012129,flat|T-blend,day_type/60m/UTC
test,z,tau,60m,T-blend,375125,632,0.086209,0.084993,0.087389,0.28288,0.27894,0.28667,-0.0029613,-0.0035881,-0.0023102,-0.00045952,-0.00056634,-0.00035591,-0.00027058,flat|T-blend,day_type/60m/UTC
test,z,tau,45m,T-blend,375125,632,0.084478,0.08335,0.085641,0.27759,0.27413,0.28119,-0.0024384,-0.0029947,-0.0018896,-0.00035586,-0.00044185,-0.00026833,-0.001097,flat|T-blend,day_type/60m/UTC
test,z,tau,30m,T-blend,375125,632,0.084038,0.08285,0.085227,0.27581,0.27206,0.27965,-0.0024672,-0.002923,-0.0019651,-0.00036137,-0.00043246,-0.0002891,-0.00075575,flat|T-blend,day_type/60m/UTC
test,z,tau,20m,T-blend,375125,632,0.078898,0.077718,0.080081,0.25993,0.25609,0.26398,-0.00078395,-0.001089,-0.00047839,-9.5873e-05,-0.00014003,-5.3124e-05,0.0011929,flat|T-blend,day_type/60m/UTC
test,z,tau,15m,T-blend,375125,632,0.078248,0.077172,0.079402,0.25718,0.25358,0.26112,-0.00074669,-0.0010472,-0.00045036,-0.00010198,-0.0001463,-6.0096e-05,0.00053449,flat|T-blend,day_type/60m/UTC
test,z,tau,10m,T-blend,375125,632,0.076217,0.075212,0.077318,0.25077,0.24762,0.25429,-0.00050032,-0.00071395,-0.00028883,-7.8957e-05,-0.0001116,-4.5002e-05,-8.6638e-05,flat|T-blend,day_type/60m/UTC
test,z,tau,5m,T-blend,375125,632,0.070098,0.069034,0.071186,0.23193,0.22856,0.23547,-0.00025697,-0.000438,-8.2008e-05,-2.8578e-05,-5.6359e-05,-2.906e-06,-0.0020113,flat|T-blend,day_type/60m/UTC
test,z,tau,3m,T-blend,375125,632,0.067327,0.066338,0.068403,0.22418,0.22082,0.22777,-0.00013275,-0.00030813,3.3567e-05,-1.2896e-05,-3.7023e-05,1.095e-05,0.0004092,flat|T-blend,day_type/60m/UTC
test,z,tau,2m,T-blend,375125,632,0.065833,0.064744,0.066891,0.2199,0.2163,0.22346,-7.2133e-05,-0.00025328,9.1292e-05,-1.1896e-05,-3.6232e-05,1.0653e-05,-0.00012129,flat|T-blend,day_type/60m/UTC
test,z,tau,60m,G-blend,375125,632,0.086848,0.085721,0.087979,0.28623,0.28241,0.28999,0.00039127,-0.00058564,0.0013642,0.00017918,1.9846e-05,0.00034722,-0.00027058,flat|T-blend,day_type/60m/ET
test,z,tau,45m,G-blend,375125,632,0.085078,0.084025,0.086149,0.28047,0.27707,0.28402,0.0004404,-0.00039005,0.0012916,0.00024327,9.4904e-05,0.00039472,-0.001097,flat|T-blend,day_type/60m/ET
test,z,tau,30m,G-blend,375125,632,0.0845,0.083394,0.085631,0.27808,0.27444,0.28181,-0.00019178,-0.00099227,0.00062355,0.00010065,-3.6706e-05,0.00023042,-0.00075575,flat|T-blend,day_type/60m/ET
test,z,tau,20m,G-blend,375125,632,0.079373,0.078263,0.0805,0.26273,0.25888,0.26673,0.0020125,0.0013798,0.002644,0.00037976,0.00027395,0.00048967,0.0011929,flat|T-blend,day_type/60m/ET
test,z,tau,15m,G-blend,375125,632,0.078693,0.077668,0.079775,0.25978,0.25613,0.26391,0.0018473,0.0012836,0.0024332,0.0003427,0.0002547,0.00043159,0.00053449,flat|T-blend,day_type/60m/ET
test,z,tau,10m,G-blend,375125,632,0.07665,0.075699,0.077714,0.25332,0.24999,0.25707,0.0020457,0.0014894,0.0025863,0.00035386,0.00027877,0.00042417,-8.6638e-05,flat|T-blend,day_type/60m/ET
test,z,tau,5m,G-blend,375125,632,0.070593,0.06958,0.071621,0.23468,0.23122,0.23838,0.0024976,0.0020222,0.0030304,0.00046709,0.00038987,0.00054108,-0.0020113,flat|T-blend,day_type/60m/ET
test,z,tau,3m,G-blend,375125,632,0.067902,0.066954,0.068914,0.2277,0.22408,0.23144,0.0033812,0.0028317,0.0040124,0.0005621,0.00048737,0.00063789,0.0004092,flat|T-blend,day_type/60m/ET
test,z,tau,2m,G-blend,375125,632,0.066479,0.065441,0.067463,0.22342,0.21972,0.2272,0.0034509,0.0028644,0.0040615,0.00063408,0.00054583,0.00071419,-0.00012129,flat|T-blend,day_type/60m/ET
test,z,tau,60m,T-blend,375125,632,0.086242,0.085022,0.087418,0.28307,0.27918,0.28692,-0.0027757,-0.0034285,-0.0020705,-0.00042618,-0.00053436,-0.00032288,-0.00027058,flat|T-blend,day_type/60m/ET
test,z,tau,45m,T-blend,375125,632,0.084474,0.083349,0.085615,0.2776,0.27416,0.28121,-0.0024233,-0.0029984,-0.0018676,-0.00036002,-0.00044813,-0.00027045,-0.001097,flat|T-blend,day_type/60m/ET
test,z,tau,30m,T-blend,375125,632,0.084006,0.082819,0.085202,0.27569,0.272,0.27945,-0.0025837,-0.0031002,-0.00208,-0.00039242,-0.00046728,-0.00031858,-0.00075575,flat|T-blend,day_type/60m/ET
test,z,tau,20m,T-blend,375125,632,0.078893,0.077724,0.080078,0.26,0.2562,0.26416,-0.00071593,-0.001019,-0.00039419,-0.00010095,-0.00014344,-5.6e-05,0.0011929,flat|T-blend,day_type/60m/ET
test,z,tau,15m,T-blend,375125,632,0.078267,0.077192,0.07941,0.25732,0.25373,0.26127,-0.0006103,-0.00090952,-0.00032608,-8.3682e-05,-0.00012698,-4.0905e-05,0.00053449,flat|T-blend,day_type/60m/ET
test,z,tau,10m,T-blend,375125,632,0.076231,0.075229,0.07733,0.25089,0.24774,0.25439,-0.0003825,-0.00061589,-0.00017791,-6.5086e-05,-9.8304e-05,-3.6289e-05,-8.6638e-05,flat|T-blend,day_type/60m/ET
test,z,tau,5m,T-blend,375125,632,0.070099,0.06903,0.071181,0.23198,0.22854,0.23552,-0.00020616,-0.00037557,-4.7614e-05,-2.713e-05,-5.1859e-05,-4.5945e-06,-0.0020113,flat|T-blend,day_type/60m/ET
test,z,tau,3m,T-blend,375125,632,0.067327,0.066332,0.0684,0.22423,0.22084,0.22777,-8.9632e-05,-0.00027043,8.4866e-05,-1.3057e-05,-3.5631e-05,9.9903e-06,0.0004092,flat|T-blend,day_type/60m/ET
test,z,tau,2m,T-blend,375125,632,0.065824,0.06474,0.066878,0.21985,0.21621,0.22343,-0.00011814,-0.00030174,5.2794e-05,-2.0335e-05,-4.4078e-05,1.9145e-06,-0.00012129,flat|T-blend,day_type/60m/ET
test,z,tau,60m,G-blend,375125,632,0.08686,0.085726,0.087992,0.28623,0.28241,0.28995,0.00038875,-0.00056516,0.0013316,0.00019131,3.4456e-05,0.00035267,-0.00027058,flat|T-blend,day_type/30m/ET
test,z,tau,45m,G-blend,375125,632,0.085033,0.083989,0.08611,0.28033,0.27691,0.28391,0.00030501,-0.0006024,0.0012384,0.00019842,4.3029e-05,0.00035564,-0.001097,flat|T-blend,day_type/30m/ET
test,z,tau,30m,G-blend,375125,632,0.084238,0.083121,0.085342,0.27714,0.27352,0.28089,-0.0011309,-0.0020889,-0.00011313,-0.00016115,-0.00032425,5.024e-06,-0.00075575,flat|T-blend,day_type/30m/ET
test,z,tau,20m,G-blend,375125,632,0.079286,0.078181,0.080414,0.26246,0.25857,0.26644,0.0017374,0.00098174,0.0024572,0.00029225,0.00017448,0.00042202,0.0011929,flat|T-blend,day_type/30m/ET
test,z,tau,15m,G-blend,375125,632,0.078652,0.077617,0.079746,0.25965,0.256,0.26381,0.0017247,0.0010775,0.0023778,0.00030134,0.00019827,0.00040323,0.00053449,flat|T-blend,day_type/30m/ET
test,z,tau,10m,G-blend,375125,632,0.076653,0.075693,0.077697,0.25338,0.24994,0.25706,0.0021019,0.0014662,0.0027001,0.00035771,0.00027469,0.00043502,-8.6638e-05,flat|T-blend,day_type/30m/ET
test,z,tau,5m,G-blend,375125,632,0.070603,0.069579,0.071632,0.23468,0.23123,0.23834,0.0025017,0.002004,0.0030421,0.00047692,0.00039246,0.00055402,-0.0020113,flat|T-blend,day_type/30m/ET
test,z,tau,3m,G-blend,375125,632,0.06792,0.066979,0.068922,0.22785,0.22418,0.23157,0.003529,0.0029387,0.0041694,0.00058025,0.00049746,0.00066387,0.0004092,flat|T-blend,day_type/30m/ET
test,z,tau,2m,G-blend,375125,632,0.066514,0.06548,0.067498,0.2236,0.21991,0.22743,0.0036274,0.0029942,0.00426,0.000669,0.00057623,0.00075561,-0.00012129,flat|T-blend,day_type/30m/ET
test,z,tau,60m,T-blend,375125,632,0.08626,0.085038,0.087433,0.28314,0.27925,0.287,-0.0027001,-0.0033402,-0.002025,-0.00040829,-0.00051347,-0.00030772,-0.00027058,flat|T-blend,day_type/30m/ET
test,z,tau,45m,T-blend,375125,632,0.084425,0.083294,0.085555,0.27734,0.27388,0.28093,-0.0026842,-0.0033251,-0.0020697,-0.00040955,-0.00051037,-0.00030596,-0.001097,flat|T-blend,day_type/30m/ET
test,z,tau,30m,T-blend,375125,632,0.083782,0.082586,0.084959,0.27451,0.27083,0.27835,-0.0037687,-0.0044726,-0.0030529,-0.00061721,-0.00073437,-0.00049921,-0.00075575,flat|T-blend,day_type/30m/ET
test,z,tau,20m,T-blend,375125,632,0.07881,0.077638,0.079984,0.25956,0.25584,0.26367,-0.0011618,-0.0015888,-0.00072441,-0.00018326,-0.00024848,-0.00011018,0.0011929,flat|T-blend,day_type/30m/ET
test,z,tau,15m,T-blend,375125,632,0.078223,0.077136,0.079371,0.25708,0.25347,0.2611,-0.00084628,-0.0012328,-0.00048897,-0.00012756,-0.00018728,-6.9027e-05,0.00053449,flat|T-blend,day_type/30m/ET
test,z,tau,10m,T-blend,375125,632,0.076225,0.075214,0.07731,0.25085,0.24763,0.25422,-0.00042194,-0.00073409,-0.00014064,-7.0621e-05,-0.0001157,-2.9138e-05,-8.6638e-05,flat|T-blend,day_type/30m/ET
test,z,tau,5m,T-blend,375125,632,0.070097,0.069019,0.071174,0.23193,0.22852,0.23544,-0.00025703,-0.00048275,-2.5493e-05,-2.9536e-05,-6.4601e-05,3.2728e-06,-0.0020113,flat|T-blend,day_type/30m/ET
test,z,tau,3m,T-blend,375125,632,0.067329,0.066326,0.068394,0.22427,0.22089,0.22776,-5.1694e-05,-0.00026487,0.00016667,-1.1206e-05,-4.055e-05,1.9391e-05,0.0004092,flat|T-blend,day_type/30m/ET
test,z,tau,2m,T-blend,375125,632,0.06584,0.06475,0.066895,0.21993,0.21635,0.22352,-4.1312e-05,-0.00026115,0.00016007,-4.768e-06,-3.5601e-05,2.4836e-05,-0.00012129,flat|T-blend,day_type/30m/ET
test,z,tau,60m,G-blend,375125,632,0.086678,0.085548,0.087804,0.28531,0.28148,0.2891,-0.000535,-0.0015072,0.00044072,9.7271e-06,-0.00015407,0.00017679,-0.00027058,flat|T-blend,hour_of_week/60m/UTC
test,z,tau,45m,G-blend,375125,632,0.084988,0.083927,0.08606,0.27986,0.27647,0.28343,-0.00016412,-0.0010591,0.00073606,0.00015339,-3.3386e-06,0.0003072,-0.001097,flat|T-blend,hour_of_week/60m/UTC
test,z,tau,30m,G-blend,375125,632,0.084473,0.083382,0.085595,0.27771,0.2741,0.28133,-0.00056672,-0.0013299,0.00020095,7.3996e-05,-7.2333e-05,0.00021508,-0.00075575,flat|T-blend,hour_of_week/60m/UTC
test,z,tau,20m,G-blend,375125,632,0.079346,0.078239,0.08049,0.26223,0.25846,0.26613,0.001515,0.00094281,0.0020996,0.00035275,0.00025566,0.00046318,0.0011929,flat|T-blend,hour_of_week/60m/UTC
test,z,tau,15m,G-blend,375125,632,0.078652,0.07763,0.079757,0.25933,0.25578,0.26349,0.0013989,0.00088603,0.001939,0.00030146,0.00021469,0.00038905,0.00053449,flat|T-blend,hour_of_week/60m/UTC
test,z,tau,10m,G-blend,375125,632,0.076622,0.075669,0.077678,0.25299,0.24969,0.25655,0.0017217,0.001218,0.0022143,0.00032635,0.00025102,0.00039503,-8.6638e-05,flat|T-blend,hour_of_week/60m/UTC
test,z,tau,5m,G-blend,375125,632,0.070585,0.069556,0.071605,0.23451,0.23105,0.23826,0.0023277,0.0018425,0.0028232,0.00045908,0.00038276,0.00053259,-0.0020113,flat|T-blend,hour_of_week/60m/UTC
test,z,tau,3m,G-blend,375125,632,0.067902,0.066961,0.068918,0.22756,0.22391,0.23134,0.0032432,0.0027004,0.0038651,0.00056181,0.00048874,0.00064248,0.0004092,flat|T-blend,hour_of_week/60m/UTC
test,z,tau,2m,G-blend,375125,632,0.066491,0.065447,0.067481,0.22337,0.21959,0.22718,0.003404,0.0027968,0.0040175,0.00064642,0.00055729,0.00072787,-0.00012129,flat|T-blend,hour_of_week/60m/UTC
test,z,tau,60m,T-blend,375125,632,0.086145,0.084928,0.087335,0.28245,0.27853,0.28619,-0.0033963,-0.004094,-0.002711,-0.00052361,-0.00063532,-0.00040822,-0.00027058,flat|T-blend,hour_of_week/60m/UTC
test,z,tau,45m,T-blend,375125,632,0.084427,0.083288,0.085589,0.27724,0.27369,0.28083,-0.0027879,-0.0034195,-0.0021683,-0.00040689,-0.00050434,-0.00030922,-0.001097,flat|T-blend,hour_of_week/60m/UTC
test,z,tau,30m,T-blend,375125,632,0.083995,0.082826,0.085177,0.2755,0.27179,0.27928,-0.0027723,-0.0033398,-0.0022337,-0.00040431,-0.00048844,-0.00032048,-0.00075575,flat|T-blend,hour_of_week/60m/UTC
test,z,tau,20m,T-blend,375125,632,0.078873,0.077693,0.080062,0.25975,0.25596,0.26373,-0.0009693,-0.0013188,-0.00063529,-0.00012063,-0.00016873,-7.5397e-05,0.0011929,flat|T-blend,hour_of_week/60m/UTC
test,z,tau,15m,T-blend,375125,632,0.078224,0.07714,0.07937,0.25702,0.2535,0.2609,-0.00090844,-0.0012537,-0.00059256,-0.00012671,-0.00017605,-7.9975e-05,0.00053449,flat|T-blend,hour_of_week/60m/UTC
test,z,tau,10m,T-blend,375125,632,0.076211,0.075208,0.077313,0.25072,0.24755,0.25421,-0.00055732,-0.00082198,-0.00030301,-8.4608e-05,-0.00012178,-4.5997e-05,-8.6638e-05,flat|T-blend,hour_of_week/60m/UTC
test,z,tau,5m,T-blend,375125,632,0.070094,0.069031,0.071182,0.2319,0.22854,0.23546,-0.00027953,-0.00048187,-8.8481e-05,-3.1632e-05,-6.0847e-05,-5.1168e-06,-0.0020113,flat|T-blend,hour_of_week/60m/UTC
test,z,tau,3m,T-blend,375125,632,0.067328,0.066345,0.068411,0.22418,0.22082,0.22775,-0.00013371,-0.0003302,6.5801e-05,-1.2201e-05,-3.8083e-05,1.3343e-05,0.0004092,flat|T-blend,hour_of_week/60m/UTC
test,z,tau,2m,T-blend,375125,632,0.065828,0.064741,0.066886,0.21985,0.21627,0.22341,-0.00012089,-0.00031162,5.8675e-05,-1.669e-05,-4.1898e-05,8.5322e-06,-0.00012129,flat|T-blend,hour_of_week/60m/UTC
test,z,tau,60m,G-blend,375125,632,0.086605,0.085454,0.087715,0.2851,0.28123,0.28893,-0.00073864,-0.0017528,0.00032274,-6.37e-05,-0.00022965,0.00010588,-0.00027058,flat|T-blend,hour_of_week/60m/ET
test,z,tau,45m,G-blend,375125,632,0.084913,0.083856,0.085993,0.27972,0.27624,0.28341,-0.00030562,-0.0012155,0.00059882,7.9063e-05,-8.0263e-05,0.00023676,-0.001097,flat|T-blend,hour_of_week/60m/ET
test,z,tau,30m,G-blend,375125,632,0.084385,0.083289,0.085505,0.27739,0.27369,0.28101,-0.00088153,-0.0016642,-8.5914e-05,-1.391e-05,-0.00015177,0.00013642,-0.00075575,flat|T-blend,hour_of_week/60m/ET
test,z,tau,20m,G-blend,375125,632,0.079302,0.078205,0.080437,0.26221,0.2584,0.26611,0.001492,0.00086676,0.0020938,0.0003082,0.0002093,0.00042305,0.0011929,flat|T-blend,hour_of_week/60m/ET
test,z,tau,15m,G-blend,375125,632,0.078628,0.07759,0.079725,0.25921,0.25557,0.2633,0.0012821,0.00074502,0.0018239,0.00027726,0.00018766,0.00036382,0.00053449,flat|T-blend,hour_of_week/60m/ET
test,z,tau,10m,G-blend,375125,632,0.076604,0.075656,0.077662,0.25296,0.24965,0.25654,0.001682,0.0011493,0.0021909,0.00030859,0.00023094,0.00037708,-8.6638e-05,flat|T-blend,hour_of_week/60m/ET
test,z,tau,5m,G-blend,375125,632,0.070578,0.069561,0.071607,0.23446,0.23097,0.23821,0.0022759,0.0017869,0.0027688,0.00045197,0.00037629,0.00053076,-0.0020113,flat|T-blend,hour_of_week/60m/ET
test,z,tau,3m,G-blend,375125,632,0.067898,0.066953,0.068916,0.22752,0.2239,0.23127,0.0032073,0.0026922,0.0038063,0.00055838,0.00048376,0.0006389,0.0004092,flat|T-blend,hour_of_week/60m/ET
test,z,tau,2m,G-blend,375125,632,0.066482,0.065441,0.067471,0.2233,0.2196,0.22706,0.003329,0.0027362,0.003896,0.00063725,0.00054791,0.00071749,-0.00012129,flat|T-blend,hour_of_week/60m/ET
test,z,tau,60m,T-blend,375125,632,0.086091,0.084894,0.087281,0.2822,0.27829,0.28606,-0.0036424,-0.004388,-0.0028817,-0.00057739,-0.00070003,-0.00045829,-0.00027058,flat|T-blend,hour_of_week/60m/ET
test,z,tau,45m,T-blend,375125,632,0.08437,0.083257,0.085517,0.27703,0.27351,0.28068,-0.0029962,-0.0036424,-0.0023656,-0.00046379,-0.00056583,-0.00036682,-0.001097,flat|T-blend,hour_of_week/60m/ET
test,z,tau,30m,T-blend,375125,632,0.083929,0.082756,0.085125,0.27519,0.27142,0.27893,-0.0030885,-0.0036558,-0.0025177,-0.0004703,-0.00055673,-0.00038333,-0.00075575,flat|T-blend,hour_of_week/60m/ET
test,z,tau,20m,T-blend,375125,632,0.078841,0.077669,0.080032,0.25967,0.25594,0.2638,-0.0010463,-0.0013791,-0.00070314,-0.00015297,-0.0002032,-0.00010218,0.0011929,flat|T-blend,hour_of_week/60m/ET
test,z,tau,15m,T-blend,375125,632,0.07821,0.077131,0.07935,0.25693,0.25337,0.26086,-0.0010017,-0.0013345,-0.00067326,-0.00014039,-0.00019209,-9.3882e-05,0.00053449,flat|T-blend,hour_of_week/60m/ET
test,z,tau,10m,T-blend,375125,632,0.076198,0.075197,0.077288,0.25067,0.24751,0.25412,-0.00060486,-0.00087352,-0.00037893,-9.8076e-05,-0.00013682,-6.0225e-05,-8.6638e-05,flat|T-blend,hour_of_week/60m/ET
test,z,tau,5m,T-blend,375125,632,0.070093,0.069026,0.071182,0.23188,0.22851,0.23547,-0.00030398,-0.00050283,-0.00011839,-3.3584e-05,-6.3749e-05,-6.1886e-06,-0.0020113,flat|T-blend,hour_of_week/60m/ET
test,z,tau,3m,T-blend,375125,632,0.067328,0.066344,0.068409,0.22418,0.22083,0.22773,-0.00014251,-0.00032886,4.9015e-05,-1.2141e-05,-3.7875e-05,1.3971e-05,0.0004092,flat|T-blend,hour_of_week/60m/ET
test,z,tau,2m,T-blend,375125,632,0.065827,0.064738,0.06688,0.21981,0.21622,0.22335,-0.00015849,-0.00035644,1.9768e-05,-1.7246e-05,-4.391e-05,1.0852e-05,-0.00012129,flat|T-blend,hour_of_week/60m/ET
test,z,tau,60m,G-blend,375125,632,0.086628,0.085482,0.087736,0.28514,0.28125,0.28894,-0.00070066,-0.0016976,0.00034756,-4.0278e-05,-0.00020448,0.00012485,-0.00027058,flat|T-blend,hour_of_week/30m/ET
test,z,tau,45m,G-blend,375125,632,0.084897,0.083829,0.085982,0.27967,0.27623,0.28336,-0.00035587,-0.0013449,0.00062989,6.2455e-05,-0.00010463,0.00022645,-0.001097,flat|T-blend,hour_of_week/30m/ET
test,z,tau,30m,G-blend,375125,632,0.0842,0.083102,0.085303,0.27686,0.27315,0.28059,-0.0014191,-0.0024626,-0.00045462,-0.00019844,-0.00037406,-2.5296e-05,-0.00075575,flat|T-blend,hour_of_week/30m/ET
test,z,tau,20m,G-blend,375125,632,0.079269,0.078165,0.080395,0.26223,0.25837,0.26616,0.0015153,0.00077149,0.0022302,0.00027512,0.00016021,0.0004048,0.0011929,flat|T-blend,hour_of_week/30m/ET
test,z,tau,15m,G-blend,375125,632,0.078629,0.07756,0.079735,0.25932,0.25574,0.26347,0.001393,0.00073985,0.0020314,0.00027867,0.00017589,0.0003844,0.00053449,flat|T-blend,hour_of_week/30m/ET
test,z,tau,10m,G-blend,375125,632,0.076639,0.075698,0.077693,0.25319,0.24987,0.2567,0.0019137,0.001292,0.0025118,0.00034334,0.00025238,0.00042418,-8.6638e-05,flat|T-blend,hour_of_week/30m/ET
test,z,tau,5m,G-blend,375125,632,0.070612,0.069576,0.071636,0.23458,0.23116,0.23825,0.0023995,0.0018771,0.0029291,0.00048558,0.0004013,0.00056954,-0.0020113,flat|T-blend,hour_of_week/30m/ET
test,z,tau,3m,G-blend,375125,632,0.06794,0.067009,0.06895,0.22775,0.22413,0.23145,0.0034288,0.0028796,0.0040449,0.00060017,0.00051428,0.00068962,0.0004092,flat|T-blend,hour_of_week/30m/ET
test,z,tau,2m,G-blend,375125,632,0.066542,0.065503,0.06753,0.22356,0.21994,0.22737,0.0035931,0.0029793,0.0041874,0.00069746,0.00060002,0.00078552,-0.00012129,flat|T-blend,hour_of_week/30m/ET
test,z,tau,60m,T-blend,375125,632,0.086107,0.084906,0.087295,0.28227,0.27836,0.28616,-0.0035755,-0.0043088,-0.0028498,-0.00056175,-0.00068066,-0.00044338,-0.00027058,flat|T-blend,hour_of_week/30m/ET
test,z,tau,45m,T-blend,375125,632,0.084346,0.083234,0.085488,0.27687,0.27332,0.28049,-0.0031573,-0.0038808,-0.0024766,-0.00048781,-0.00060216,-0.00038299,-0.001097,flat|T-blend,hour_of_week/30m/ET
test,z,tau,30m,T-blend,375125,632,0.083778,0.082598,0.084936,0.27435,0.2706,0.2781,-0.0039251,-0.004702,-0.0031869,-0.00062063,-0.00074828,-0.00050022,-0.00075575,flat|T-blend,hour_of_week/30m/ET
test,z,tau,20m,T-blend,375125,632,0.078803,0.077624,0.080003,0.25946,0.25577,0.26349,-0.001263,-0.0017261,-0.00080202,-0.00019096,-0.00026702,-0.00011357,0.0011929,flat|T-blend,hour_of_week/30m/ET
test,z,tau,15m,T-blend,375125,632,0.078203,0.0771,0.079354,0.25686,0.25328,0.26091,-0.0010662,-0.0015018,-0.00062648,-0.00014724,-0.00021743,-8.0065e-05,0.00053449,flat|T-blend,hour_of_week/30m/ET
test,z,tau,10m,T-blend,375125,632,0.076217,0.075215,0.077305,0.25076,0.24762,0.25412,-0.00051313,-0.00085367,-0.00020807,-7.8817e-05,-0.00012945,-2.9406e-05,-8.6638e-05,flat|T-blend,hour_of_week/30m/ET
test,z,tau,5m,T-blend,375125,632,0.070105,0.069034,0.071195,0.23191,0.22855,0.2354,-0.00027285,-0.0005441,-2.2242e-05,-2.1529e-05,-6.1637e-05,1.7881e-05,-0.0020113,flat|T-blend,hour_of_week/30m/ET
test,z,tau,3m,T-blend,375125,632,0.067341,0.066351,0.068401,0.22425,0.22088,0.22774,-6.5713e-05,-0.00029973,0.00017215,7.4325e-07,-3.3734e-05,3.5425e-05,0.0004092,flat|T-blend,hour_of_week/30m/ET
test,z,tau,2m,T-blend,375125,632,0.065856,0.064767,0.066908,0.21993,0.21637,0.2235,-3.6392e-05,-0.00027968,0.00019592,1.1274e-05,-2.4009e-05,4.6392e-05,-0.00012129,flat|T-blend,hour_of_week/30m/ET
