period,model,split,q_bucket,n,n_events,mean_model_p,freq,freq_lo,freq_hi,ratio_freq_to_p,ratio_lo,ratio_hi
validation,G-raw-2h,all,<0.2%,452628,2724,0.00075313,0.0060182,0.0053206,0.0067105,7.9909,7.0593,8.9128
validation,G-raw-2h,all,0.2-0.5%,150876,1482,0.0030872,0.0098226,0.0089077,0.010758,3.1817,2.8836,3.485
validation,G-raw-2h,all,0.5-1%,150876,1945,0.0063966,0.012891,0.011865,0.013983,2.0153,1.8552,2.1862
validation,G-raw-2h,all,1-2%,150876,2601,0.012527,0.017239,0.016055,0.018488,1.3762,1.2814,1.4762
validation,G-raw-2h,all,2-5%,301752,8515,0.031949,0.028219,0.026784,0.029732,0.88324,0.83841,0.93079
validation,G-raw-2h,all,5-10%,150876,7293,0.067618,0.048338,0.046545,0.050288,0.71486,0.68839,0.74386
validation,G-raw-2h,up,<0.2%,226314,1350,0.00075313,0.0059652,0.004868,0.0070922,7.9205,6.465,9.4229
validation,G-raw-2h,up,0.2-0.5%,75438,717,0.0030872,0.0095045,0.0080655,0.010981,3.0787,2.6116,3.5584
validation,G-raw-2h,up,0.5-1%,75438,961,0.0063966,0.012739,0.011082,0.014408,1.9915,1.7322,2.2534
validation,G-raw-2h,up,1-2%,75438,1274,0.012527,0.016888,0.015096,0.018726,1.3481,1.2046,1.495
validation,G-raw-2h,up,2-5%,150876,4126,0.031949,0.027347,0.02517,0.029704,0.85596,0.78779,0.92979
validation,G-raw-2h,up,5-10%,75438,3583,0.067618,0.047496,0.044785,0.050402,0.70241,0.66238,0.74552
validation,G-raw-2h,down,<0.2%,226314,1374,0.00075313,0.0060712,0.0051376,0.0071052,8.0613,6.8234,9.432
validation,G-raw-2h,down,0.2-0.5%,75438,765,0.0030872,0.010141,0.0088234,0.011639,3.2848,2.8571,3.7704
validation,G-raw-2h,down,0.5-1%,75438,984,0.0063966,0.013044,0.011569,0.014714,2.0392,1.8083,2.3011
validation,G-raw-2h,down,1-2%,75438,1327,0.012527,0.017591,0.015959,0.019538,1.4042,1.2735,1.5597
validation,G-raw-2h,down,2-5%,150876,4389,0.031949,0.02909,0.027067,0.0314,0.91052,0.84705,0.98318
validation,G-raw-2h,down,5-10%,75438,3710,0.067618,0.049179,0.046331,0.052168,0.72731,0.68526,0.77148
validation,G-raw-2h,tau_2-5m,<0.2%,150876,587,0.00080251,0.0038906,0.0032454,0.0045985,4.8481,4.0411,5.7334
validation,G-raw-2h,tau_2-5m,0.2-0.5%,50292,336,0.003246,0.006681,0.0057209,0.0076831,2.0582,1.7627,2.368
validation,G-raw-2h,tau_2-5m,0.5-1%,50292,447,0.0066723,0.0088881,0.0078226,0.0099856,1.3321,1.1717,1.4978
validation,G-raw-2h,tau_2-5m,1-2%,50292,604,0.012973,0.01201,0.010776,0.013294,0.92578,0.83002,1.0245
validation,G-raw-2h,tau_2-5m,2-5%,100584,2146,0.032747,0.021335,0.019819,0.023049,0.65152,0.60505,0.70376
validation,G-raw-2h,tau_2-5m,5-10%,50292,2039,0.068806,0.040543,0.038349,0.042893,0.58924,0.55732,0.62341
validation,G-raw-2h,tau_10-20m,<0.2%,150876,863,0.00073287,0.0057199,0.0048223,0.0066615,7.8048,6.5811,9.0905
validation,G-raw-2h,tau_10-20m,0.2-0.5%,50292,480,0.0030222,0.0095443,0.008406,0.010788,3.158,2.7811,3.5689
validation,G-raw-2h,tau_10-20m,0.5-1%,50292,634,0.006284,0.012606,0.011325,0.01403,2.0061,1.8019,2.2324
validation,G-raw-2h,tau_10-20m,1-2%,50292,861,0.012345,0.01712,0.015706,0.018876,1.3867,1.2721,1.529
validation,G-raw-2h,tau_10-20m,2-5%,100584,2841,0.031624,0.028245,0.026405,0.030172,0.89316,0.83487,0.95414
validation,G-raw-2h,tau_10-20m,5-10%,50292,2387,0.067136,0.047463,0.045171,0.050014,0.70697,0.67282,0.745
validation,G-raw-2h,tau_30-60m,<0.2%,150876,1274,0.00072402,0.008444,0.0072758,0.0095967,11.663,10.049,13.255
validation,G-raw-2h,tau_30-60m,0.2-0.5%,50292,666,0.0029934,0.013243,0.011789,0.0147,4.424,3.9382,4.9108
validation,G-raw-2h,tau_30-60m,0.5-1%,50292,864,0.0062335,0.01718,0.015487,0.01885,2.756,2.4844,3.0242
validation,G-raw-2h,tau_30-60m,1-2%,50292,1136,0.012263,0.022588,0.020766,0.024407,1.8419,1.6933,1.9902
validation,G-raw-2h,tau_30-60m,2-5%,100584,3528,0.031475,0.035075,0.033095,0.037152,1.1144,1.0515,1.1804
validation,G-raw-2h,tau_30-60m,5-10%,50292,2867,0.066913,0.057007,0.054437,0.059679,0.85196,0.81354,0.89186
validation,G-blend,all,<0.2%,535414,1973,0.00045339,0.003685,0.0031276,0.0042791,8.1276,6.9037,9.4703
validation,G-blend,all,0.2-0.5%,151926,1256,0.0033171,0.0082672,0.0074331,0.0091811,2.4923,2.2415,2.7671
validation,G-blend,all,0.5-1%,135056,1539,0.0072605,0.011395,0.010419,0.012518,1.5695,1.4356,1.7235
validation,G-blend,all,1-2%,151510,2595,0.014512,0.017128,0.015935,0.018528,1.1802,1.0983,1.2777
validation,G-blend,all,2-5%,211654,5940,0.03267,0.028065,0.02637,0.029873,0.85903,0.80734,0.91446
validation,G-blend,all,5-10%,126284,6546,0.070073,0.051836,0.049147,0.054516,0.73974,0.7011,0.77822
validation,G-blend,all,10-20%,44960,4509,0.12959,0.10029,0.093967,0.10605,0.77388,0.72565,0.81845
validation,G-blend,up,<0.2%,267707,913,0.00045339,0.0034104,0.0027254,0.0041228,7.5221,6.0203,9.1981
validation,G-blend,up,0.2-0.5%,75963,601,0.0033171,0.0079117,0.0067807,0.0091141,2.3851,2.0448,2.7486
validation,G-blend,up,0.5-1%,67528,761,0.0072605,0.011269,0.0098768,0.012809,1.5522,1.3599,1.7648
validation,G-blend,up,1-2%,75755,1288,0.014512,0.017002,0.015172,0.019034,1.1716,1.0449,1.3114
validation,G-blend,up,2-5%,105827,2910,0.03267,0.027498,0.024948,0.030203,0.84168,0.76401,0.92494
validation,G-blend,up,5-10%,63142,3176,0.070073,0.050299,0.046179,0.054411,0.71782,0.6592,0.77671
validation,G-blend,up,10-20%,22480,2257,0.12959,0.1004,0.089233,0.11104,0.77474,0.68897,0.85449
validation,G-blend,down,<0.2%,267707,1060,0.00045339,0.0039596,0.0031381,0.0048604,8.7332,6.884,10.708
validation,G-blend,down,0.2-0.5%,75963,655,0.0033171,0.0086226,0.0073653,0.010004,2.5994,2.219,3.0153
validation,G-blend,down,0.5-1%,67528,778,0.0072605,0.011521,0.010107,0.013118,1.5868,1.3919,1.8063
validation,G-blend,down,1-2%,75755,1307,0.014512,0.017253,0.015577,0.019278,1.1889,1.0729,1.3282
validation,G-blend,down,2-5%,105827,3030,0.03267,0.028632,0.026293,0.031372,0.87639,0.80474,0.96016
validation,G-blend,down,5-10%,63142,3370,0.070073,0.053372,0.049631,0.05754,0.76166,0.70781,0.82092
validation,G-blend,down,10-20%,22480,2252,0.12959,0.10018,0.090863,0.10953,0.77302,0.70402,0.84382
validation,G-blend,tau_2-5m,<0.2%,228208,640,0.00037009,0.0028045,0.00226,0.0033638,7.5778,6.094,9.1028
validation,G-blend,tau_2-5m,0.2-0.5%,48650,400,0.003302,0.008222,0.0071354,0.0093135,2.49,2.1628,2.8207
validation,G-blend,tau_2-5m,0.5-1%,41640,483,0.0072293,0.011599,0.010358,0.012939,1.6045,1.4331,1.7903
validation,G-blend,tau_2-5m,1-2%,44708,791,0.01446,0.017693,0.015964,0.019452,1.2236,1.1042,1.3452
validation,G-blend,tau_2-5m,2-5%,55506,1589,0.032143,0.028628,0.026435,0.031216,0.89063,0.82242,0.97128
validation,G-blend,tau_2-5m,5-10%,26158,1442,0.069007,0.055127,0.050877,0.060145,0.79885,0.7366,0.87149
validation,G-blend,tau_2-5m,10-20%,7614,792,0.1277,0.10402,0.092687,0.11501,0.81454,0.72596,0.90297
validation,G-blend,tau_10-20m,<0.2%,173666,700,0.00048007,0.0040307,0.0031679,0.0050204,8.3961,6.5968,10.462
validation,G-blend,tau_10-20m,0.2-0.5%,51706,413,0.0033162,0.0079875,0.0068868,0.0092941,2.4087,2.0757,2.8022
validation,G-blend,tau_10-20m,0.5-1%,45772,482,0.0072686,0.01053,0.0093147,0.011956,1.4488,1.281,1.6439
validation,G-blend,tau_10-20m,1-2%,51368,842,0.014527,0.016392,0.014793,0.018194,1.1284,1.0179,1.2529
validation,G-blend,tau_10-20m,2-5%,72944,1972,0.032724,0.027034,0.024876,0.029337,0.82614,0.7604,0.8965
validation,G-blend,tau_10-20m,5-10%,42796,2223,0.069689,0.051944,0.048486,0.055692,0.74537,0.69552,0.7997
validation,G-blend,tau_10-20m,10-20%,14084,1397,0.12955,0.099191,0.091342,0.10738,0.76563,0.70622,0.82877
validation,G-blend,tau_30-60m,<0.2%,133540,633,0.00056105,0.0047402,0.0036426,0.005961,8.4487,6.5014,10.655
validation,G-blend,tau_30-60m,0.2-0.5%,51570,443,0.0033324,0.0085903,0.0073115,0.0099111,2.5778,2.1972,2.9728
validation,G-blend,tau_30-60m,0.5-1%,47644,574,0.00728,0.012048,0.010645,0.013563,1.6549,1.4612,1.864
validation,G-blend,tau_30-60m,1-2%,55434,962,0.01454,0.017354,0.015677,0.019099,1.1935,1.0785,1.313
validation,G-blend,tau_30-60m,2-5%,83204,2379,0.032974,0.028592,0.026434,0.030854,0.86711,0.80151,0.93595
validation,G-blend,tau_30-60m,5-10%,57330,2881,0.070845,0.050253,0.046922,0.053628,0.70934,0.66206,0.75771
validation,G-blend,tau_30-60m,10-20%,23262,2320,0.13023,0.099733,0.091705,0.10682,0.7658,0.70401,0.82062
validation,T-blend,all,<0.2%,141998,213,0.0012049,0.0015,0.0010717,0.0019883,1.2449,0.89377,1.6454
validation,T-blend,all,0.2-0.5%,251602,967,0.0034251,0.0038434,0.0032192,0.0045422,1.1221,0.93971,1.3282
validation,T-blend,all,0.5-1%,268792,1775,0.0072634,0.0066036,0.0058565,0.0074554,0.90916,0.80628,1.0255
validation,T-blend,all,1-2%,280714,3826,0.014382,0.01363,0.0126,0.014825,0.94766,0.87615,1.0307
validation,T-blend,all,2-5%,301992,9099,0.03158,0.03013,0.028394,0.031915,0.95409,0.89903,1.0109
validation,T-blend,all,5-10%,98606,6664,0.066806,0.067582,0.06393,0.071132,1.0116,0.95661,1.0646
validation,T-blend,all,10-20%,14146,2009,0.12041,0.14202,0.13204,0.1513,1.1795,1.0971,1.2542
validation,T-blend,up,<0.2%,70999,104,0.0012049,0.0014648,0.00088155,0.0021735,1.2157,0.73257,1.7966
validation,T-blend,up,0.2-0.5%,125801,436,0.0034251,0.0034658,0.0026968,0.0042598,1.0119,0.78686,1.2423
validation,T-blend,up,0.5-1%,134396,836,0.0072634,0.0062204,0.0052334,0.0072131,0.85641,0.72037,0.993
validation,T-blend,up,1-2%,140357,1888,0.014382,0.013451,0.011875,0.015191,0.93527,0.82567,1.0565
validation,T-blend,up,2-5%,150996,4477,0.03158,0.02965,0.027041,0.032381,0.93889,0.85643,1.0256
validation,T-blend,up,5-10%,49303,3237,0.066806,0.065655,0.059636,0.071624,0.98278,0.8931,1.0714
validation,T-blend,up,10-20%,7073,1027,0.12041,0.1452,0.12601,0.16445,1.2059,1.0456,1.3663
validation,T-blend,down,<0.2%,70999,109,0.0012049,0.0015352,0.00094664,0.002243,1.2742,0.78547,1.8649
validation,T-blend,down,0.2-0.5%,125801,531,0.0034251,0.004221,0.0032695,0.0052883,1.2323,0.95351,1.5441
validation,T-blend,down,0.5-1%,134396,939,0.0072634,0.0069868,0.0058916,0.0082219,0.96192,0.81136,1.1323
validation,T-blend,down,1-2%,140357,1938,0.014382,0.013808,0.01232,0.015579,0.96004,0.85585,1.0829
validation,T-blend,down,2-5%,150996,4622,0.03158,0.03061,0.028237,0.033281,0.9693,0.89358,1.0547
validation,T-blend,down,5-10%,49303,3427,0.066806,0.069509,0.064372,0.074984,1.0405,0.96461,1.1231
validation,T-blend,down,10-20%,7073,982,0.12041,0.13884,0.1233,0.15544,1.1531,1.0244,1.2893
validation,T-blend,tau_2-5m,<0.2%,84302,76,0.0011371,0.00090152,0.00057097,0.0012711,0.79283,0.49863,1.1189
validation,T-blend,tau_2-5m,0.2-0.5%,99902,329,0.0033411,0.0032932,0.0025686,0.0040253,0.98568,0.76835,1.205
validation,T-blend,tau_2-5m,0.5-1%,84692,541,0.0072102,0.0063879,0.0054839,0.0073227,0.88595,0.76092,1.0151
validation,T-blend,tau_2-5m,1-2%,81526,1116,0.014327,0.013689,0.012287,0.015117,0.95547,0.85824,1.0553
validation,T-blend,tau_2-5m,2-5%,77948,2266,0.031049,0.029071,0.026869,0.031525,0.93629,0.86533,1.0151
validation,T-blend,tau_2-5m,5-10%,21204,1428,0.066684,0.067346,0.061477,0.073217,1.0099,0.92376,1.0974
validation,T-blend,tau_2-5m,10-20%,3040,400,0.1202,0.13158,0.11497,0.14895,1.0947,0.95359,1.2383
validation,T-blend,tau_10-20m,<0.2%,40874,89,0.0012721,0.0021774,0.0012592,0.0033311,1.7117,0.99233,2.6233
validation,T-blend,tau_10-20m,0.2-0.5%,87418,354,0.0034306,0.0040495,0.0031158,0.0051207,1.1804,0.90886,1.4948
validation,T-blend,tau_10-20m,0.5-1%,91258,604,0.0072461,0.0066186,0.0056184,0.0078502,0.9134,0.77538,1.083
validation,T-blend,tau_10-20m,1-2%,93280,1210,0.014383,0.012972,0.011646,0.014564,0.90188,0.80983,1.0132
validation,T-blend,tau_10-20m,2-5%,102150,3007,0.031649,0.029437,0.027271,0.031809,0.93011,0.86143,1.0051
validation,T-blend,tau_10-20m,5-10%,32760,2160,0.06655,0.065934,0.06118,0.070645,0.99075,0.92065,1.0619
validation,T-blend,tau_10-20m,10-20%,4882,640,0.12054,0.13109,0.11808,0.14518,1.0875,0.98127,1.2073
validation,T-blend,tau_30-60m,<0.2%,16822,48,0.0013813,0.0028534,0.0012558,0.0051312,2.0657,0.90264,3.7112
validation,T-blend,tau_30-60m,0.2-0.5%,64282,284,0.0035483,0.004418,0.0032546,0.0058029,1.2451,0.91654,1.6352
validation,T-blend,tau_30-60m,0.5-1%,92842,630,0.0073289,0.0067857,0.0057053,0.0079886,0.92589,0.77783,1.0894
validation,T-blend,tau_30-60m,1-2%,105908,1500,0.014425,0.014163,0.01269,0.015662,0.98189,0.87985,1.0865
validation,T-blend,tau_30-60m,2-5%,121894,3826,0.031861,0.031388,0.029151,0.033703,0.98515,0.91444,1.0578
validation,T-blend,tau_30-60m,5-10%,44642,3076,0.067051,0.068904,0.064426,0.073475,1.0276,0.96045,1.096
validation,T-blend,tau_30-60m,10-20%,6224,969,0.1204,0.15569,0.14157,0.16863,1.2931,1.1772,1.3966
validation,MIX-blend,all,<0.2%,176462,302,0.0010518,0.0017114,0.0012875,0.0022124,1.6271,1.2189,2.1084
validation,MIX-blend,all,0.2-0.5%,221242,907,0.0034047,0.0040996,0.0034247,0.0048076,1.2041,1.0051,1.4123
validation,MIX-blend,all,0.5-1%,236504,1529,0.0072852,0.006465,0.0057381,0.0073049,0.88742,0.78687,1.0026
validation,MIX-blend,all,1-2%,264858,3254,0.014464,0.012286,0.011342,0.013381,0.84943,0.78438,0.92551
validation,MIX-blend,all,2-5%,319370,8678,0.031966,0.027172,0.025509,0.029005,0.85004,0.7982,0.90725
validation,MIX-blend,all,5-10%,121252,7451,0.067194,0.061451,0.058152,0.064579,0.91452,0.86533,0.96131
validation,MIX-blend,all,10-20%,18158,2433,0.12052,0.13399,0.12512,0.14259,1.1118,1.04,1.1827
validation,MIX-blend,up,<0.2%,88231,141,0.0010518,0.0015981,0.0010502,0.002228,1.5194,0.99171,2.1134
validation,MIX-blend,up,0.2-0.5%,110621,415,0.0034047,0.0037515,0.0029536,0.0045961,1.1019,0.86716,1.3487
validation,MIX-blend,up,0.5-1%,118252,724,0.0072852,0.0061225,0.0051455,0.007112,0.84041,0.70584,0.97606
validation,MIX-blend,up,1-2%,132429,1597,0.014464,0.012059,0.010658,0.013616,0.83377,0.73647,0.94102
validation,MIX-blend,up,2-5%,159685,4264,0.031966,0.026703,0.02426,0.029313,0.83535,0.7589,0.91703
validation,MIX-blend,up,5-10%,60626,3634,0.067194,0.059941,0.054748,0.065023,0.89206,0.81435,0.96743
validation,MIX-blend,up,10-20%,9079,1231,0.12052,0.13559,0.11854,0.15266,1.1251,0.98389,1.2658
validation,MIX-blend,down,<0.2%,88231,161,0.0010518,0.0018248,0.0012083,0.0025406,1.7349,1.1465,2.4216
validation,MIX-blend,down,0.2-0.5%,110621,492,0.0034047,0.0044476,0.0034828,0.0055916,1.3063,1.0238,1.6435
validation,MIX-blend,down,0.5-1%,118252,805,0.0072852,0.0068075,0.0057023,0.0080594,0.93443,0.78281,1.1059
validation,MIX-blend,down,1-2%,132429,1657,0.014464,0.012512,0.011071,0.014189,0.8651,0.76538,0.98137
validation,MIX-blend,down,2-5%,159685,4414,0.031966,0.027642,0.025375,0.030287,0.86473,0.79342,0.94754
validation,MIX-blend,down,5-10%,60626,3817,0.067194,0.06296,0.058546,0.06798,0.93699,0.87063,1.0117
validation,MIX-blend,down,10-20%,9079,1202,0.12052,0.13239,0.11787,0.14829,1.0986,0.97877,1.2301
validation,MIX-blend,tau_2-5m,<0.2%,98806,103,0.00097092,0.0010424,0.00067065,0.00141,1.0737,0.68578,1.4672
validation,MIX-blend,tau_2-5m,0.2-0.5%,86352,310,0.0033402,0.00359,0.0028033,0.0043821,1.0748,0.84039,1.3109
validation,MIX-blend,tau_2-5m,0.5-1%,76508,469,0.007239,0.0061301,0.0052341,0.0070454,0.84681,0.72306,0.97295
validation,MIX-blend,tau_2-5m,1-2%,78912,1006,0.014408,0.012748,0.011467,0.014066,0.88478,0.79585,0.97589
validation,MIX-blend,tau_2-5m,2-5%,83658,2269,0.031402,0.027122,0.024986,0.029514,0.86371,0.79581,0.93985
validation,MIX-blend,tau_2-5m,5-10%,24870,1555,0.066743,0.062525,0.057453,0.068161,0.93681,0.85938,1.0189
validation,MIX-blend,tau_2-5m,10-20%,3512,445,0.11998,0.12671,0.11148,0.14307,1.0561,0.93062,1.1887
validation,MIX-blend,tau_10-20m,<0.2%,51376,115,0.0011184,0.0022384,0.001348,0.0032983,2.0014,1.2055,2.957
validation,MIX-blend,tau_10-20m,0.2-0.5%,76022,324,0.0034119,0.0042619,0.0032923,0.0054025,1.2491,0.96437,1.5838
validation,MIX-blend,tau_10-20m,0.5-1%,80476,513,0.0072778,0.0063746,0.0053749,0.0075636,0.87589,0.7388,1.0398
validation,MIX-blend,tau_10-20m,1-2%,88482,1033,0.014454,0.011675,0.010469,0.013136,0.80771,0.72442,0.90873
validation,MIX-blend,tau_10-20m,2-5%,108936,2819,0.032035,0.025878,0.023854,0.028113,0.80778,0.74476,0.87753
validation,MIX-blend,tau_10-20m,5-10%,41104,2476,0.066948,0.060237,0.056106,0.064427,0.89976,0.83978,0.96201
validation,MIX-blend,tau_10-20m,10-20%,6222,784,0.12107,0.126,0.11414,0.13847,1.0407,0.94344,1.1449
validation,MIX-blend,tau_30-60m,<0.2%,26280,84,0.0012256,0.0031963,0.0019131,0.0048527,2.6079,1.5675,3.9402
validation,MIX-blend,tau_30-60m,0.2-0.5%,58868,273,0.00349,0.0046375,0.0034519,0.0059856,1.3288,0.98821,1.714
validation,MIX-blend,tau_30-60m,0.5-1%,79520,547,0.007337,0.0068788,0.0057193,0.0080899,0.93754,0.7791,1.103
validation,MIX-blend,tau_30-60m,1-2%,97464,1215,0.014517,0.012466,0.011048,0.01393,0.85874,0.76155,0.95952
validation,MIX-blend,tau_30-60m,2-5%,126776,3590,0.032278,0.028318,0.026167,0.030483,0.87731,0.81052,0.94468
validation,MIX-blend,tau_30-60m,5-10%,55278,3420,0.06758,0.061869,0.057813,0.065892,0.9155,0.85502,0.97499
validation,MIX-blend,tau_30-60m,10-20%,8424,1204,0.12033,0.14292,0.12954,0.15417,1.1878,1.0767,1.279
validation,EMP-blend,all,<0.2%,122707,150,0.0012202,0.0012224,0.00083943,0.001675,1.0019,0.68792,1.3799
validation,EMP-blend,all,0.2-0.5%,261422,979,0.0034722,0.0037449,0.0031091,0.0044421,1.0785,0.8953,1.2789
validation,EMP-blend,all,0.5-1%,286093,1966,0.0072601,0.0068719,0.0060972,0.0077692,0.94653,0.84001,1.07
validation,EMP-blend,all,1-2%,286877,3930,0.014334,0.013699,0.012691,0.014865,0.95571,0.88512,1.0369
validation,EMP-blend,all,2-5%,293313,9161,0.031411,0.031233,0.029373,0.033076,0.99432,0.93544,1.0528
validation,EMP-blend,all,5-10%,92946,6365,0.066854,0.068481,0.06482,0.071932,1.0243,0.96991,1.0753
validation,EMP-blend,all,10-20%,14316,1999,0.12123,0.13963,0.1295,0.14937,1.1518,1.069,1.2286
validation,EMP-blend,up,<0.2%,61967,70,0.0011715,0.0011296,0.00063862,0.0016333,0.96428,0.54607,1.3891
validation,EMP-blend,up,0.2-0.5%,123401,414,0.0035014,0.0033549,0.0025977,0.0041866,0.95817,0.74228,1.1969
validation,EMP-blend,up,0.5-1%,133780,825,0.0072936,0.0061668,0.0051849,0.0071544,0.84551,0.71147,0.98086
validation,EMP-blend,up,1-2%,150441,1920,0.014375,0.012762,0.011249,0.014453,0.88782,0.78232,1.0056
validation,EMP-blend,up,2-5%,153352,4546,0.031406,0.029644,0.02698,0.032377,0.94389,0.8595,1.0312
validation,EMP-blend,up,5-10%,48168,3154,0.066837,0.065479,0.059612,0.071198,0.97968,0.89266,1.065
validation,EMP-blend,up,10-20%,7646,1073,0.12153,0.14033,0.12253,0.15887,1.1547,1.0046,1.3052
validation,EMP-blend,down,<0.2%,60740,80,0.0012698,0.0013171,0.00079037,0.0020182,1.0372,0.62119,1.5876
validation,EMP-blend,down,0.2-0.5%,138021,565,0.0034461,0.0040936,0.003152,0.005141,1.1879,0.91613,1.4928
validation,EMP-blend,down,0.5-1%,152313,1141,0.0072306,0.0074912,0.0063748,0.0087761,1.036,0.88123,1.2143
validation,EMP-blend,down,1-2%,136436,2010,0.014289,0.014732,0.013235,0.016498,1.031,0.92623,1.1545
validation,EMP-blend,down,2-5%,139961,4615,0.031417,0.032973,0.03048,0.035828,1.0495,0.97025,1.1416
validation,EMP-blend,down,5-10%,44778,3211,0.066872,0.071709,0.066519,0.077337,1.0723,0.99501,1.1559
validation,EMP-blend,down,10-20%,6670,926,0.12089,0.13883,0.12273,0.15604,1.1484,1.0174,1.2881
validation,EMP-blend,tau_2-5m,<0.2%,82218,74,0.0011263,0.00090005,0.00055301,0.0012763,0.79914,0.48902,1.1323
validation,EMP-blend,tau_2-5m,0.2-0.5%,106625,344,0.0033286,0.0032263,0.0024916,0.0039739,0.96926,0.74933,1.1942
validation,EMP-blend,tau_2-5m,0.5-1%,86308,606,0.0072392,0.0070214,0.0060822,0.008055,0.96991,0.83998,1.1129
validation,EMP-blend,tau_2-5m,1-2%,76822,1066,0.014298,0.013876,0.012524,0.015243,0.97052,0.87531,1.0663
validation,EMP-blend,tau_2-5m,2-5%,74827,2164,0.031148,0.02892,0.026585,0.031332,0.92848,0.85298,1.0063
validation,EMP-blend,tau_2-5m,5-10%,22182,1469,0.06696,0.066225,0.060724,0.072129,0.98903,0.905,1.0761
validation,EMP-blend,tau_2-5m,10-20%,3470,431,0.12082,0.12421,0.10831,0.14065,1.0281,0.89506,1.1621
validation,EMP-blend,tau_10-20m,<0.2%,27869,47,0.0014108,0.0016865,0.00078143,0.0029101,1.1954,0.55311,2.0567
validation,EMP-blend,tau_10-20m,0.2-0.5%,93304,370,0.00355,0.0039655,0.0030401,0.0050535,1.1171,0.85681,1.4201
validation,EMP-blend,tau_10-20m,0.5-1%,106709,730,0.0071945,0.006841,0.0058139,0.0080993,0.95087,0.80767,1.1254
validation,EMP-blend,tau_10-20m,1-2%,94387,1288,0.014355,0.013646,0.012281,0.015182,0.9506,0.85528,1.0573
validation,EMP-blend,tau_10-20m,2-5%,96591,3040,0.03127,0.031473,0.029179,0.033925,1.0065,0.93359,1.0846
validation,EMP-blend,tau_10-20m,5-10%,28975,1969,0.066808,0.067955,0.063036,0.072771,1.0172,0.94443,1.0902
validation,EMP-blend,tau_10-20m,10-20%,4783,620,0.1215,0.12963,0.11629,0.14393,1.0669,0.95811,1.1866
validation,EMP-blend,tau_30-60m,<0.2%,12620,29,0.0014108,0.0022979,0.00090743,0.0042832,1.6288,0.64182,3.0162
validation,EMP-blend,tau_30-60m,0.2-0.5%,61493,265,0.0036032,0.0043094,0.0030372,0.0057356,1.196,0.8424,1.5948
validation,EMP-blend,tau_30-60m,0.5-1%,93076,630,0.0073546,0.0067687,0.0056724,0.0079801,0.92034,0.77102,1.085
validation,EMP-blend,tau_30-60m,1-2%,115668,1576,0.014341,0.013625,0.012244,0.015136,0.95009,0.85342,1.0554
validation,EMP-blend,tau_30-60m,2-5%,121895,3957,0.031686,0.032462,0.030083,0.034773,1.0245,0.94961,1.0979
validation,EMP-blend,tau_30-60m,5-10%,41789,2927,0.06683,0.070042,0.065314,0.074707,1.0481,0.97753,1.1172
validation,EMP-blend,tau_30-60m,10-20%,6063,948,0.12126,0.15636,0.14217,0.16906,1.2895,1.1727,1.3927
validation,G-seas-2h,all,<0.2%,474314,2365,0.00057385,0.0049861,0.0042462,0.0058797,8.689,7.4358,10.206
validation,G-seas-2h,all,0.2-0.5%,167422,1531,0.0033147,0.0091446,0.0082232,0.010116,2.7588,2.4793,3.0556
validation,G-seas-2h,all,0.5-1%,145576,1819,0.0072698,0.012495,0.011409,0.01366,1.7188,1.5702,1.8812
validation,G-seas-2h,all,1-2%,163228,2846,0.014522,0.017436,0.016132,0.018744,1.2006,1.1105,1.2908
validation,G-seas-2h,all,2-5%,236784,6580,0.03281,0.027789,0.026342,0.029244,0.84696,0.80344,0.89152
validation,G-seas-2h,all,5-10%,141764,6720,0.068936,0.047403,0.045023,0.049669,0.68763,0.65278,0.72053
validation,G-seas-2h,all,10-20%,28762,2690,0.12459,0.093526,0.085797,0.10147,0.75067,0.68828,0.81425
validation,G-seas-2h,up,<0.2%,237157,1215,0.00057385,0.0051232,0.0040336,0.006338,8.9278,7.0345,10.979
validation,G-seas-2h,up,0.2-0.5%,83711,765,0.0033147,0.0091386,0.0077209,0.010676,2.757,2.3305,3.2215
validation,G-seas-2h,up,0.5-1%,72788,896,0.0072698,0.01231,0.010721,0.013981,1.6933,1.4764,1.9245
validation,G-seas-2h,up,1-2%,81614,1385,0.014522,0.01697,0.014968,0.01894,1.1686,1.0302,1.3026
validation,G-seas-2h,up,2-5%,118392,3156,0.03281,0.026657,0.024496,0.02902,0.81247,0.7463,0.88515
validation,G-seas-2h,up,5-10%,70882,3198,0.068936,0.045117,0.041517,0.048628,0.65448,0.60159,0.70549
validation,G-seas-2h,up,10-20%,14381,1388,0.12459,0.096516,0.083764,0.10978,0.77467,0.67335,0.88169
validation,G-seas-2h,down,<0.2%,237157,1150,0.00057385,0.0048491,0.0038238,0.0060003,8.4502,6.6485,10.499
validation,G-seas-2h,down,0.2-0.5%,83711,766,0.0033147,0.0091505,0.0077704,0.010691,2.7606,2.343,3.2235
validation,G-seas-2h,down,0.5-1%,72788,923,0.0072698,0.012681,0.011169,0.0144,1.7443,1.5372,1.9827
validation,G-seas-2h,down,1-2%,81614,1461,0.014522,0.017901,0.016114,0.019823,1.2327,1.1097,1.3659
validation,G-seas-2h,down,2-5%,118392,3424,0.03281,0.028921,0.026777,0.031449,0.88146,0.81615,0.95859
validation,G-seas-2h,down,5-10%,70882,3522,0.068936,0.049688,0.046338,0.053516,0.72079,0.67239,0.77741
validation,G-seas-2h,down,10-20%,14381,1302,0.12459,0.090536,0.079124,0.10303,0.72667,0.6353,0.82738
validation,G-seas-2h,tau_2-5m,<0.2%,155472,548,0.00059457,0.0035248,0.0028056,0.0042642,5.9283,4.7285,7.1773
validation,G-seas-2h,tau_2-5m,0.2-0.5%,56742,360,0.0033208,0.0063445,0.0054601,0.0072608,1.9105,1.6453,2.188
validation,G-seas-2h,tau_2-5m,0.5-1%,48858,436,0.0072624,0.0089238,0.0078102,0.010102,1.2288,1.0766,1.3927
validation,G-seas-2h,tau_2-5m,1-2%,54646,707,0.014488,0.012938,0.011589,0.014316,0.89298,0.80041,0.98895
validation,G-seas-2h,tau_2-5m,2-5%,80006,1712,0.032834,0.021398,0.019768,0.023149,0.65171,0.60295,0.70533
validation,G-seas-2h,tau_2-5m,5-10%,48338,1827,0.068863,0.037796,0.035247,0.040788,0.54887,0.51124,0.59159
validation,G-seas-2h,tau_2-5m,10-20%,8560,566,0.12272,0.066121,0.05778,0.076329,0.53882,0.47056,0.62183
validation,G-seas-2h,tau_10-20m,<0.2%,160576,833,0.00057037,0.0051876,0.0043197,0.0062289,9.0951,7.5496,10.899
validation,G-seas-2h,tau_10-20m,0.2-0.5%,55664,529,0.0033134,0.0095034,0.0082909,0.010867,2.8681,2.5007,3.2792
validation,G-seas-2h,tau_10-20m,0.5-1%,48404,595,0.0072721,0.012292,0.010906,0.01383,1.6903,1.5008,1.8983
validation,G-seas-2h,tau_10-20m,1-2%,54158,925,0.014531,0.01708,0.015373,0.018777,1.1754,1.0575,1.2917
validation,G-seas-2h,tau_10-20m,2-5%,78440,2179,0.032814,0.027779,0.026018,0.029781,0.84657,0.79276,0.90866
validation,G-seas-2h,tau_10-20m,5-10%,46398,2187,0.06887,0.047136,0.044011,0.050564,0.68441,0.63887,0.73394
validation,G-seas-2h,tau_10-20m,10-20%,8980,816,0.12495,0.090869,0.08169,0.1009,0.72721,0.65499,0.80918
validation,G-seas-2h,tau_30-60m,<0.2%,158266,984,0.00055702,0.0062174,0.0050077,0.0075587,11.162,9.013,13.556
validation,G-seas-2h,tau_30-60m,0.2-0.5%,55016,642,0.0033097,0.011669,0.01025,0.013076,3.5258,3.0955,3.9468
validation,G-seas-2h,tau_30-60m,0.5-1%,48314,788,0.007275,0.01631,0.014644,0.018011,2.2419,2.0147,2.4737
validation,G-seas-2h,tau_30-60m,1-2%,54424,1214,0.014547,0.022306,0.020294,0.024262,1.5334,1.3955,1.6676
validation,G-seas-2h,tau_30-60m,2-5%,78338,2689,0.032782,0.034326,0.032034,0.036666,1.0471,0.97678,1.1189
validation,G-seas-2h,tau_30-60m,5-10%,47028,2706,0.069076,0.05754,0.053856,0.060982,0.83299,0.7793,0.88227
validation,G-seas-2h,tau_30-60m,10-20%,11222,1308,0.12573,0.11656,0.1053,0.12736,0.92706,0.83642,1.0121
validation,T-raw-2h,all,0.2-0.5%,180748,742,0.0039093,0.0041052,0.0034615,0.0047802,1.0501,0.88494,1.2243
validation,T-raw-2h,all,0.5-1%,381658,2845,0.0073052,0.0074543,0.0067084,0.0082438,1.0204,0.91752,1.1273
validation,T-raw-2h,all,1-2%,345318,4978,0.014269,0.014416,0.013351,0.015568,1.0103,0.93546,1.091
validation,T-raw-2h,all,2-5%,399868,13128,0.032463,0.032831,0.031374,0.034497,1.0113,0.96635,1.0623
validation,T-raw-2h,all,5-10%,50292,2867,0.055934,0.057007,0.054437,0.059679,1.0192,0.97324,1.0669
validation,T-raw-2h,up,0.2-0.5%,90374,361,0.0039093,0.0039945,0.0030293,0.0050224,1.0218,0.77394,1.2858
validation,T-raw-2h,up,0.5-1%,190829,1398,0.0073052,0.0073259,0.0061364,0.0085829,1.0028,0.83909,1.1747
validation,T-raw-2h,up,1-2%,172659,2471,0.014269,0.014311,0.012631,0.016045,1.003,0.8847,1.1248
validation,T-raw-2h,up,2-5%,199934,6396,0.032463,0.031991,0.029684,0.034406,0.98545,0.91477,1.0596
validation,T-raw-2h,up,5-10%,25146,1385,0.055934,0.055078,0.050962,0.059403,0.9847,0.91188,1.0615
validation,T-raw-2h,down,0.2-0.5%,90374,381,0.0039093,0.0042158,0.003149,0.0053595,1.0784,0.80616,1.3707
validation,T-raw-2h,down,0.5-1%,190829,1447,0.0073052,0.0075827,0.0064994,0.0087985,1.038,0.88914,1.205
validation,T-raw-2h,down,1-2%,172659,2507,0.014269,0.01452,0.013017,0.016234,1.0176,0.91202,1.1376
validation,T-raw-2h,down,2-5%,199934,6732,0.032463,0.033671,0.031439,0.036106,1.0372,0.96817,1.1128
validation,T-raw-2h,down,5-10%,25146,1482,0.055934,0.058936,0.05491,0.063028,1.0537,0.98157,1.1265
validation,T-raw-2h,tau_2-5m,0.2-0.5%,116970,431,0.0037341,0.0036847,0.0030106,0.0044358,0.98677,0.80534,1.1884
validation,T-raw-2h,tau_2-5m,0.5-1%,125856,867,0.0072156,0.0068888,0.0059682,0.0078568,0.95471,0.82672,1.0904
validation,T-raw-2h,tau_2-5m,1-2%,103504,1439,0.014783,0.013903,0.012599,0.015241,0.94048,0.85336,1.0308
validation,T-raw-2h,tau_2-5m,2-5%,106298,3422,0.03206,0.032193,0.030371,0.03425,1.0041,0.94751,1.0675
validation,T-raw-2h,tau_10-20m,0.2-0.5%,63778,311,0.0042306,0.0048763,0.003911,0.0059282,1.1526,0.92522,1.4007
validation,T-raw-2h,tau_10-20m,0.5-1%,130226,967,0.0071714,0.0074256,0.0064485,0.0085298,1.0354,0.90059,1.1902
validation,T-raw-2h,tau_10-20m,1-2%,107748,1560,0.014034,0.014478,0.013208,0.015996,1.0316,0.94049,1.1394
validation,T-raw-2h,tau_10-20m,2-5%,150876,5228,0.034491,0.034651,0.032759,0.036681,1.0046,0.94902,1.0638
validation,T-raw-2h,tau_30-60m,0.5-1%,125576,1011,0.0075337,0.0080509,0.006822,0.0091996,1.0686,0.90601,1.2203
validation,T-raw-2h,tau_30-60m,1-2%,134066,1979,0.01406,0.014761,0.013298,0.016214,1.0499,0.94616,1.154
validation,T-raw-2h,tau_30-60m,2-5%,142694,4478,0.030618,0.031382,0.029501,0.033392,1.0249,0.96285,1.0907
validation,T-raw-2h,tau_30-60m,5-10%,50292,2867,0.055934,0.057007,0.054437,0.059679,1.0192,0.97324,1.0669
test,G-raw-2h,all,<0.2%,810270,4249,0.00072141,0.0052439,0.0048397,0.0057383,7.269,6.7085,7.9519
test,G-raw-2h,all,0.2-0.5%,270090,2325,0.0029842,0.0086082,0.0080772,0.0092581,2.8846,2.7054,3.0993
test,G-raw-2h,all,0.5-1%,270090,3128,0.0062167,0.011581,0.010941,0.01229,1.8629,1.7595,1.9759
test,G-raw-2h,all,1-2%,270090,4263,0.012235,0.015784,0.015023,0.016609,1.2901,1.2272,1.3572
test,G-raw-2h,all,2-5%,540180,14379,0.031421,0.026619,0.025633,0.027698,0.84717,0.81565,0.88173
test,G-raw-2h,all,5-10%,270090,12357,0.066829,0.045751,0.044341,0.047119,0.6846,0.66394,0.70497
test,G-raw-2h,up,<0.2%,405135,2114,0.00072141,0.005218,0.0046021,0.0058894,7.2331,6.3818,8.17
test,G-raw-2h,up,0.2-0.5%,135045,1130,0.0029842,0.0083676,0.0074676,0.0092799,2.804,2.5027,3.1092
test,G-raw-2h,up,0.5-1%,135045,1526,0.0062167,0.0113,0.010307,0.012369,1.8177,1.6578,1.9893
test,G-raw-2h,up,1-2%,135045,2078,0.012235,0.015387,0.014225,0.016661,1.2577,1.1622,1.3614
test,G-raw-2h,up,2-5%,270090,7012,0.031421,0.025962,0.024472,0.027638,0.82625,0.77876,0.87982
test,G-raw-2h,up,5-10%,135045,6152,0.066829,0.045555,0.043516,0.047868,0.68167,0.65146,0.71625
test,G-raw-2h,down,<0.2%,405135,2135,0.00072141,0.0052698,0.0045576,0.0060019,7.3049,6.3158,8.3251
test,G-raw-2h,down,0.2-0.5%,135045,1195,0.0029842,0.0088489,0.0078887,0.0097943,2.9653,2.6449,3.2841
test,G-raw-2h,down,0.5-1%,135045,1602,0.0062167,0.011863,0.010755,0.012954,1.9082,1.7319,2.0832
test,G-raw-2h,down,1-2%,135045,2185,0.012235,0.01618,0.014932,0.017457,1.3224,1.2203,1.4262
test,G-raw-2h,down,2-5%,270090,7367,0.031421,0.027276,0.025641,0.028845,0.86808,0.81648,0.91791
test,G-raw-2h,down,5-10%,135045,6205,0.066829,0.045948,0.043785,0.048105,0.68754,0.65546,0.71939
test,G-raw-2h,tau_2-5m,<0.2%,270090,806,0.00072398,0.0029842,0.0025508,0.0034461,4.1219,3.5187,4.7563
test,G-raw-2h,tau_2-5m,0.2-0.5%,90030,453,0.0029912,0.0050317,0.0044645,0.0056717,1.6821,1.4915,1.8931
test,G-raw-2h,tau_2-5m,0.5-1%,90030,650,0.0062278,0.0072198,0.0065302,0.007963,1.1593,1.0516,1.2782
test,G-raw-2h,tau_2-5m,1-2%,90030,924,0.012251,0.010263,0.0094781,0.011091,0.83775,0.77362,0.90629
test,G-raw-2h,tau_2-5m,2-5%,180060,3307,0.031445,0.018366,0.017253,0.019438,0.58406,0.54932,0.61829
test,G-raw-2h,tau_2-5m,5-10%,90030,3033,0.06686,0.033689,0.032129,0.035182,0.50387,0.48065,0.52587
test,G-raw-2h,tau_10-20m,<0.2%,270090,1310,0.00072027,0.0048502,0.0042709,0.0055171,6.7339,5.9324,7.6614
test,G-raw-2h,tau_10-20m,0.2-0.5%,90030,746,0.0029811,0.0082861,0.0075066,0.0091551,2.7796,2.5175,3.07
test,G-raw-2h,tau_10-20m,0.5-1%,90030,1042,0.0062119,0.011574,0.010624,0.012625,1.8632,1.7104,2.0328
test,G-raw-2h,tau_10-20m,1-2%,90030,1430,0.012228,0.015884,0.014806,0.017064,1.2989,1.2113,1.3953
test,G-raw-2h,tau_10-20m,2-5%,180060,4789,0.031411,0.026597,0.025265,0.028046,0.84673,0.80447,0.89298
test,G-raw-2h,tau_10-20m,5-10%,90030,4111,0.066817,0.045663,0.043814,0.04758,0.6834,0.65567,0.71206
test,G-raw-2h,tau_30-60m,<0.2%,270090,2133,0.00071998,0.0078974,0.0072071,0.0086338,10.969,10.008,11.993
test,G-raw-2h,tau_30-60m,0.2-0.5%,90030,1126,0.0029802,0.012507,0.011638,0.013496,4.1967,3.9045,4.5285
test,G-raw-2h,tau_30-60m,0.5-1%,90030,1436,0.0062104,0.01595,0.014957,0.017014,2.5683,2.4082,2.7392
test,G-raw-2h,tau_30-60m,1-2%,90030,1909,0.012226,0.021204,0.020052,0.02241,1.7344,1.6402,1.833
test,G-raw-2h,tau_30-60m,2-5%,180060,6283,0.031407,0.034894,0.033439,0.036462,1.111,1.0647,1.1609
test,G-raw-2h,tau_30-60m,5-10%,90030,5213,0.06681,0.057903,0.056011,0.059897,0.86668,0.83834,0.89654
test,G-blend,all,<0.2%,1068802,3230,0.00041902,0.0030221,0.002718,0.0033598,7.2122,6.4853,8.0021
test,G-blend,all,0.2-0.5%,265918,2115,0.0033118,0.0079536,0.0073534,0.0085516,2.4016,2.2206,2.5817
test,G-blend,all,0.5-1%,230524,2721,0.0072552,0.011804,0.011079,0.01255,1.6269,1.5272,1.7293
test,G-blend,all,1-2%,254468,4322,0.014494,0.016984,0.016047,0.017937,1.1719,1.1071,1.2379
test,G-blend,all,2-5%,347186,9926,0.03254,0.02859,0.027396,0.029859,0.87862,0.84175,0.91799
test,G-blend,all,5-10%,189822,9985,0.069515,0.052602,0.050354,0.054807,0.7567,0.72436,0.78882
test,G-blend,all,10-20%,69024,7333,0.13258,0.10624,0.10145,0.11179,0.80131,0.76573,0.84327
test,G-blend,up,<0.2%,534401,1688,0.00041902,0.0031587,0.0027124,0.0036521,7.5382,6.4524,8.7276
test,G-blend,up,0.2-0.5%,132959,1060,0.0033118,0.0079724,0.0070876,0.008896,2.4073,2.1405,2.6849
test,G-blend,up,0.5-1%,115262,1365,0.0072552,0.011843,0.010808,0.012957,1.6323,1.4894,1.7872
test,G-blend,up,1-2%,127234,2160,0.014494,0.016977,0.01571,0.018381,1.1713,1.0842,1.2676
test,G-blend,up,2-5%,173593,4956,0.03254,0.02855,0.026826,0.030586,0.87738,0.82442,0.93958
test,G-blend,up,5-10%,94911,4815,0.069515,0.050732,0.047402,0.054264,0.7298,0.68288,0.78099
test,G-blend,up,10-20%,34512,3478,0.13258,0.10078,0.092412,0.10975,0.76012,0.69633,0.82766
test,G-blend,down,<0.2%,534401,1542,0.00041902,0.0028855,0.0024362,0.0033684,6.8862,5.8052,8.0622
test,G-blend,down,0.2-0.5%,132959,1055,0.0033118,0.0079348,0.0070665,0.0088211,2.3959,2.1336,2.6666
test,G-blend,down,0.5-1%,115262,1356,0.0072552,0.011765,0.010655,0.012831,1.6215,1.4687,1.7697
test,G-blend,down,1-2%,127234,2162,0.014494,0.016992,0.015639,0.018383,1.1724,1.0788,1.2675
test,G-blend,down,2-5%,173593,4970,0.03254,0.02863,0.026782,0.030539,0.87985,0.82271,0.93876
test,G-blend,down,5-10%,94911,5170,0.069515,0.054472,0.05085,0.05792,0.78361,0.73165,0.83365
test,G-blend,down,10-20%,34512,3855,0.13258,0.1117,0.1018,0.12126,0.84251,0.76892,0.91302
test,G-blend,tau_2-5m,<0.2%,447446,1116,0.0003315,0.0024942,0.0021011,0.0029105,7.5238,6.3344,8.8018
test,G-blend,tau_2-5m,0.2-0.5%,82830,644,0.0033033,0.007775,0.0069176,0.0085796,2.3537,2.096,2.5969
test,G-blend,tau_2-5m,0.5-1%,69834,793,0.0072488,0.011356,0.010349,0.012313,1.5665,1.4277,1.6982
test,G-blend,tau_2-5m,1-2%,73460,1195,0.014437,0.016267,0.015071,0.017497,1.1268,1.0432,1.2122
test,G-blend,tau_2-5m,2-5%,86356,2271,0.031882,0.026298,0.024588,0.02795,0.82486,0.77169,0.87706
test,G-blend,tau_2-5m,5-10%,37446,1856,0.068903,0.049565,0.046285,0.053068,0.71934,0.67236,0.7699
test,G-blend,tau_2-5m,10-20%,12736,1267,0.13101,0.099482,0.091749,0.10848,0.75933,0.70047,0.82632
test,G-blend,tau_10-20m,<0.2%,347922,1042,0.00044306,0.0029949,0.0025206,0.0035059,6.7597,5.688,7.9151
test,G-blend,tau_10-20m,0.2-0.5%,90798,704,0.0033148,0.0077535,0.0069226,0.0086738,2.3391,2.0876,2.6167
test,G-blend,tau_10-20m,0.5-1%,78252,892,0.0072616,0.011399,0.010336,0.012489,1.5698,1.4231,1.7186
test,G-blend,tau_10-20m,1-2%,86356,1435,0.014511,0.016617,0.015419,0.017896,1.1452,1.0626,1.233
test,G-blend,tau_10-20m,2-5%,120872,3461,0.032568,0.028634,0.026981,0.030551,0.87919,0.82755,0.93757
test,G-blend,tau_10-20m,5-10%,62970,3309,0.069116,0.052549,0.049265,0.055645,0.7603,0.71387,0.8046
test,G-blend,tau_10-20m,10-20%,21566,2284,0.13295,0.10591,0.098384,0.11364,0.79657,0.73863,0.85337
test,G-blend,tau_30-60m,<0.2%,273434,1072,0.00053167,0.0039205,0.0033486,0.0045092,7.374,6.2978,8.4656
test,G-blend,tau_30-60m,0.2-0.5%,92290,767,0.0033163,0.0083108,0.0074475,0.0091961,2.506,2.2465,2.774
test,G-blend,tau_30-60m,0.5-1%,82438,1036,0.0072545,0.012567,0.011528,0.013616,1.7323,1.5886,1.8759
test,G-blend,tau_30-60m,1-2%,94652,1692,0.014522,0.017876,0.016719,0.019145,1.2309,1.1512,1.3177
test,G-blend,tau_30-60m,2-5%,139958,4194,0.032921,0.029966,0.028359,0.031583,0.91024,0.86091,0.95998
test,G-blend,tau_30-60m,5-10%,89406,4820,0.070052,0.053911,0.051277,0.056477,0.7696,0.73214,0.80715
test,G-blend,tau_30-60m,10-20%,34722,3782,0.13292,0.10892,0.10273,0.11536,0.81944,0.7735,0.86725
test,T-blend,all,<0.2%,378524,500,0.0011573,0.0013209,0.0010433,0.0016595,1.1413,0.90535,1.4427
test,T-blend,all,0.2-0.5%,493886,1632,0.003359,0.0033044,0.0029607,0.003673,0.98374,0.88131,1.0936
test,T-blend,all,0.5-1%,440418,3055,0.0072292,0.0069366,0.0064046,0.007471,0.95952,0.8861,1.0336
test,T-blend,all,1-2%,436858,5847,0.014377,0.013384,0.012622,0.014184,0.93094,0.87794,0.98655
test,T-blend,all,2-5%,477300,13861,0.031661,0.02904,0.027817,0.030348,0.91723,0.8786,0.95886
test,T-blend,all,5-10%,165278,10495,0.067448,0.063499,0.060652,0.066333,0.94145,0.89969,0.9828
test,T-blend,all,10-20%,37604,5079,0.12889,0.13507,0.12813,0.14298,1.0479,0.99475,1.1085
test,T-blend,up,<0.2%,189262,270,0.0011573,0.0014266,0.0010478,0.0018901,1.2326,0.90601,1.6305
test,T-blend,up,0.2-0.5%,246943,858,0.003359,0.0034745,0.0029637,0.0040586,1.0344,0.88233,1.2084
test,T-blend,up,0.5-1%,220209,1552,0.0072292,0.0070478,0.0062415,0.0078977,0.97491,0.86341,1.0926
test,T-blend,up,1-2%,218429,2906,0.014377,0.013304,0.012183,0.014501,0.92537,0.84774,1.0091
test,T-blend,up,2-5%,238650,6896,0.031661,0.028896,0.027148,0.030904,0.91266,0.85769,0.97662
test,T-blend,up,5-10%,82639,5046,0.067448,0.061061,0.056834,0.065541,0.9053,0.84269,0.97123
test,T-blend,up,10-20%,18802,2388,0.12889,0.12701,0.115,0.1392,0.9854,0.89225,1.0817
test,T-blend,down,<0.2%,189262,230,0.0011573,0.0012152,0.00081739,0.0017059,1.05,0.70609,1.473
test,T-blend,down,0.2-0.5%,246943,774,0.003359,0.0031343,0.0026242,0.0036465,0.93311,0.78137,1.086
test,T-blend,down,0.5-1%,220209,1503,0.0072292,0.0068253,0.0060167,0.0076813,0.94413,0.83221,1.0627
test,T-blend,down,1-2%,218429,2941,0.014377,0.013464,0.012305,0.014592,0.93651,0.85569,1.0151
test,T-blend,down,2-5%,238650,6965,0.031661,0.029185,0.027284,0.031085,0.92179,0.86114,0.98157
test,T-blend,down,5-10%,82639,5449,0.067448,0.065937,0.061469,0.070345,0.9776,0.9118,1.0434
test,T-blend,down,10-20%,18802,2691,0.12889,0.14312,0.12886,0.15722,1.1104,1.0008,1.2218
test,T-blend,tau_2-5m,<0.2%,191874,207,0.0010925,0.0010788,0.00075241,0.0014266,0.98753,0.6914,1.3068
test,T-blend,tau_2-5m,0.2-0.5%,183250,525,0.0033084,0.0028649,0.0023701,0.0033947,0.86595,0.71627,1.0254
test,T-blend,tau_2-5m,0.5-1%,143682,942,0.0072008,0.0065561,0.0058516,0.0073323,0.91047,0.81281,1.018
test,T-blend,tau_2-5m,1-2%,133434,1687,0.014304,0.012643,0.011652,0.013658,0.88386,0.81468,0.95431
test,T-blend,tau_2-5m,2-5%,120332,3176,0.030767,0.026394,0.024662,0.02804,0.85786,0.8025,0.91186
test,T-blend,tau_2-5m,5-10%,31618,1914,0.067233,0.060535,0.05658,0.065109,0.90038,0.84108,0.96772
test,T-blend,tau_2-5m,10-20%,6070,720,0.12226,0.11862,0.10814,0.13006,0.97016,0.88564,1.0631
test,T-blend,tau_10-20m,<0.2%,124344,169,0.0011783,0.0013591,0.0009185,0.0018679,1.1534,0.77384,1.5897
test,T-blend,tau_10-20m,0.2-0.5%,166064,553,0.0033525,0.00333,0.0028203,0.003922,0.99331,0.84016,1.1699
test,T-blend,tau_10-20m,0.5-1%,145592,1013,0.0072276,0.0069578,0.0061925,0.0078228,0.96268,0.85714,1.0829
test,T-blend,tau_10-20m,1-2%,144152,1902,0.014387,0.013194,0.012129,0.014355,0.91709,0.84274,0.99842
test,T-blend,tau_10-20m,2-5%,163114,4698,0.031753,0.028802,0.027158,0.030648,0.90705,0.85545,0.96532
test,T-blend,tau_10-20m,5-10%,54456,3394,0.067193,0.062326,0.058454,0.066087,0.92756,0.86962,0.98341
test,T-blend,tau_10-20m,10-20%,12466,1682,0.13053,0.13493,0.12472,0.14591,1.0337,0.95659,1.1175
test,T-blend,tau_30-60m,<0.2%,62306,124,0.0013153,0.0019902,0.0013382,0.0027507,1.5131,1.0174,2.0875
test,T-blend,tau_30-60m,0.2-0.5%,144572,554,0.0034307,0.003832,0.0032228,0.0044326,1.117,0.94018,1.2929
test,T-blend,tau_30-60m,0.5-1%,151144,1100,0.0072578,0.0072778,0.0064622,0.0080937,1.0028,0.89019,1.1146
test,T-blend,tau_30-60m,1-2%,159272,2258,0.014429,0.014177,0.013138,0.015235,0.98255,0.91074,1.0557
test,T-blend,tau_30-60m,2-5%,193854,5987,0.032139,0.030884,0.029283,0.032527,0.96096,0.91077,1.0124
test,T-blend,tau_30-60m,5-10%,79204,5187,0.067709,0.065489,0.062303,0.068753,0.96721,0.91955,1.0163
test,T-blend,tau_30-60m,10-20%,19068,2677,0.12993,0.14039,0.13109,0.15014,1.0805,1.009,1.1564
test,MIX-blend,all,<0.2%,449156,654,0.0010019,0.0014561,0.0011827,0.0017594,1.4533,1.179,1.7626
test,MIX-blend,all,0.2-0.5%,433578,1546,0.0033555,0.0035657,0.003203,0.0039424,1.0626,0.95426,1.1748
test,MIX-blend,all,0.5-1%,398160,2696,0.0072533,0.0067711,0.006239,0.0073132,0.93353,0.86,1.0085
test,MIX-blend,all,1-2%,419834,5258,0.014437,0.012524,0.011797,0.013272,0.86749,0.81673,0.91905
test,MIX-blend,all,2-5%,498072,13464,0.031928,0.027032,0.025863,0.028306,0.84665,0.80997,0.88668
test,MIX-blend,all,5-10%,188836,11307,0.067534,0.059877,0.057249,0.062476,0.88663,0.84775,0.92509
test,MIX-blend,all,10-20%,42186,5531,0.12842,0.13111,0.12452,0.13883,1.0209,0.96965,1.0799
test,MIX-blend,up,<0.2%,224578,364,0.0010019,0.0016208,0.0012482,0.0020848,1.6178,1.2419,2.083
test,MIX-blend,up,0.2-0.5%,216789,794,0.0033555,0.0036625,0.0031364,0.0042716,1.0915,0.93461,1.2736
test,MIX-blend,up,0.5-1%,199080,1360,0.0072533,0.0068314,0.0060575,0.0076136,0.94184,0.83503,1.0497
test,MIX-blend,up,1-2%,209917,2611,0.014437,0.012438,0.011401,0.013577,0.86156,0.7897,0.94052
test,MIX-blend,up,2-5%,249036,6735,0.031928,0.027044,0.025422,0.028942,0.84703,0.79591,0.90666
test,MIX-blend,up,5-10%,94418,5444,0.067534,0.057658,0.053728,0.061775,0.85377,0.79554,0.91471
test,MIX-blend,up,10-20%,21093,2601,0.12842,0.12331,0.11212,0.13554,0.9602,0.87296,1.0556
test,MIX-blend,down,<0.2%,224578,290,0.0010019,0.0012913,0.0008969,0.0017583,1.2889,0.89482,1.7502
test,MIX-blend,down,0.2-0.5%,216789,752,0.0033555,0.0034688,0.002922,0.004047,1.0338,0.87116,1.2062
test,MIX-blend,down,0.5-1%,199080,1336,0.0072533,0.0067109,0.005862,0.0075924,0.92522,0.80839,1.0468
test,MIX-blend,down,1-2%,209917,2647,0.014437,0.01261,0.011516,0.013696,0.87343,0.7977,0.94897
test,MIX-blend,down,2-5%,249036,6729,0.031928,0.02702,0.025246,0.028793,0.84628,0.79022,0.90198
test,MIX-blend,down,5-10%,94418,5863,0.067534,0.062096,0.057967,0.066106,0.91948,0.85853,0.97901
test,MIX-blend,down,10-20%,21093,2930,0.12842,0.13891,0.12549,0.15216,1.0817,0.97717,1.1844
test,MIX-blend,tau_2-5m,<0.2%,218176,259,0.00092455,0.0011871,0.00085135,0.0015488,1.284,0.9229,1.6783
test,MIX-blend,tau_2-5m,0.2-0.5%,157464,488,0.0033174,0.0030991,0.0025802,0.0036533,0.93421,0.77786,1.1017
test,MIX-blend,tau_2-5m,0.5-1%,130860,813,0.0072277,0.0062127,0.0055328,0.0069185,0.85957,0.76618,0.95745
test,MIX-blend,tau_2-5m,1-2%,130580,1522,0.014387,0.011656,0.010667,0.012596,0.81017,0.74115,0.87557
test,MIX-blend,tau_2-5m,2-5%,130032,3224,0.031082,0.024794,0.023241,0.026301,0.79769,0.74821,0.84636
test,MIX-blend,tau_2-5m,5-10%,36416,2080,0.067123,0.057118,0.053327,0.061345,0.85094,0.79482,0.91315
test,MIX-blend,tau_2-5m,10-20%,6732,785,0.12199,0.11661,0.10676,0.12781,0.95586,0.87618,1.0482
test,MIX-blend,tau_10-20m,<0.2%,148994,223,0.0010241,0.0014967,0.0010655,0.0019884,1.4615,1.0366,1.9369
test,MIX-blend,tau_10-20m,0.2-0.5%,146174,526,0.0033491,0.0035985,0.0030472,0.0041986,1.0745,0.91005,1.2533
test,MIX-blend,tau_10-20m,0.5-1%,131982,911,0.0072502,0.0069025,0.0061077,0.0077512,0.95204,0.8419,1.0692
test,MIX-blend,tau_10-20m,1-2%,138226,1720,0.014433,0.012443,0.011428,0.013552,0.86216,0.79214,0.93895
test,MIX-blend,tau_10-20m,2-5%,168946,4566,0.032022,0.027026,0.025471,0.02881,0.844,0.79505,0.89953
test,MIX-blend,tau_10-20m,5-10%,62048,3649,0.067243,0.058809,0.055237,0.062267,0.87458,0.82176,0.92627
test,MIX-blend,tau_10-20m,10-20%,13812,1815,0.13009,0.13141,0.12156,0.14197,1.0101,0.93434,1.0908
test,MIX-blend,tau_30-60m,<0.2%,81986,172,0.0011674,0.0020979,0.0015094,0.0027255,1.7971,1.2864,2.3445
test,MIX-blend,tau_30-60m,0.2-0.5%,129940,532,0.0034089,0.0040942,0.0034611,0.0047628,1.201,1.0158,1.3977
test,MIX-blend,tau_30-60m,0.5-1%,135318,972,0.0072809,0.0071831,0.0063823,0.0079864,0.98656,0.87675,1.0972
test,MIX-blend,tau_30-60m,1-2%,151028,2016,0.014484,0.013349,0.012349,0.014399,0.9216,0.85275,0.99436
test,MIX-blend,tau_30-60m,2-5%,199094,5674,0.032402,0.028499,0.027008,0.030047,0.87956,0.8333,0.92783
test,MIX-blend,tau_30-60m,5-10%,90372,5578,0.067899,0.061723,0.058813,0.064843,0.90904,0.86542,0.95543
test,MIX-blend,tau_30-60m,10-20%,21642,2931,0.12936,0.13543,0.12676,0.14463,1.047,0.98061,1.1171
test,EMP-blend,all,<0.2%,345567,448,0.0011426,0.0012964,0.0010038,0.001648,1.1346,0.87954,1.444
test,EMP-blend,all,0.2-0.5%,493181,1568,0.0033853,0.0031794,0.0028393,0.0035411,0.93916,0.83849,1.0457
test,EMP-blend,all,0.5-1%,460766,3047,0.0072298,0.0066129,0.0060732,0.0071408,0.91468,0.84036,0.98767
test,EMP-blend,all,1-2%,453487,6053,0.014371,0.013348,0.012572,0.01417,0.92882,0.87471,0.98609
test,EMP-blend,all,2-5%,479783,14011,0.031515,0.029203,0.028001,0.030504,0.92664,0.88805,0.96793
test,EMP-blend,all,5-10%,159046,10194,0.067357,0.064095,0.061248,0.066883,0.95157,0.909,0.99271
test,EMP-blend,all,10-20%,37711,5078,0.12978,0.13466,0.12794,0.14231,1.0376,0.98635,1.0948
test,EMP-blend,up,<0.2%,166544,230,0.0011513,0.001381,0.00099619,0.0018573,1.1995,0.86269,1.6108
test,EMP-blend,up,0.2-0.5%,251579,838,0.0034273,0.003331,0.0028297,0.0038962,0.97188,0.82616,1.1359
test,EMP-blend,up,0.5-1%,239468,1599,0.0072121,0.0066773,0.0059471,0.0074514,0.92584,0.82453,1.0331
test,EMP-blend,up,1-2%,230476,3174,0.014384,0.013771,0.012642,0.014969,0.95743,0.87902,1.0411
test,EMP-blend,up,2-5%,234872,7058,0.03137,0.03005,0.028223,0.032144,0.95794,0.89986,1.0249
test,EMP-blend,up,5-10%,74116,4707,0.067345,0.063509,0.059044,0.06818,0.94303,0.87629,1.012
test,EMP-blend,up,10-20%,17717,2282,0.12989,0.1288,0.11634,0.14117,0.99161,0.89611,1.0888
test,EMP-blend,down,<0.2%,179023,218,0.0011346,0.0012177,0.00079317,0.0017261,1.0733,0.69609,1.5235
test,EMP-blend,down,0.2-0.5%,241602,730,0.0033416,0.0030215,0.0025331,0.0035269,0.90422,0.75764,1.0561
test,EMP-blend,down,0.5-1%,221298,1448,0.0072488,0.0065432,0.0057383,0.0073717,0.90266,0.79206,1.0172
test,EMP-blend,down,1-2%,223011,2879,0.014357,0.01291,0.011825,0.013983,0.89919,0.8234,0.9741
test,EMP-blend,down,2-5%,244911,6953,0.031654,0.02839,0.026522,0.030227,0.89688,0.83783,0.95482
test,EMP-blend,down,5-10%,84930,5487,0.067366,0.064606,0.060211,0.06894,0.95903,0.89393,1.0233
test,EMP-blend,down,10-20%,19994,2796,0.12968,0.13984,0.12589,0.15303,1.0783,0.97404,1.1802
test,EMP-blend,tau_2-5m,<0.2%,189388,204,0.0010498,0.0010772,0.00074235,0.0014257,1.0261,0.70715,1.3637
test,EMP-blend,tau_2-5m,0.2-0.5%,181917,523,0.0033262,0.0028749,0.002381,0.0033996,0.86433,0.7163,1.0225
test,EMP-blend,tau_2-5m,0.5-1%,146887,945,0.0071564,0.0064335,0.0057219,0.0071971,0.89899,0.79964,1.0065
test,EMP-blend,tau_2-5m,1-2%,129741,1617,0.014284,0.012463,0.011491,0.013427,0.87252,0.80433,0.94008
test,EMP-blend,tau_2-5m,2-5%,122126,3140,0.030906,0.025711,0.024066,0.027401,0.83192,0.7786,0.88623
test,EMP-blend,tau_2-5m,5-10%,33211,1948,0.067489,0.058655,0.054682,0.062978,0.86911,0.80998,0.93303
test,EMP-blend,tau_2-5m,10-20%,6938,791,0.1234,0.11401,0.10431,0.12475,0.92392,0.84533,1.0108
test,EMP-blend,tau_10-20m,<0.2%,101574,138,0.0011991,0.0013586,0.00089161,0.0019143,1.133,0.74227,1.6064
test,EMP-blend,tau_10-20m,0.2-0.5%,176326,537,0.0033729,0.0030455,0.0025554,0.0035925,0.90293,0.75743,1.0657
test,EMP-blend,tau_10-20m,0.5-1%,154761,1027,0.0072414,0.006636,0.0058803,0.0074515,0.9164,0.81217,1.0283
test,EMP-blend,tau_10-20m,1-2%,153619,2047,0.014363,0.013325,0.012262,0.014471,0.92777,0.85432,1.0079
test,EMP-blend,tau_10-20m,2-5%,160883,4748,0.031579,0.029512,0.027806,0.03136,0.93454,0.8809,0.99272
test,EMP-blend,tau_10-20m,5-10%,50698,3229,0.067023,0.063691,0.059634,0.067618,0.95028,0.8891,1.0091
test,EMP-blend,tau_10-20m,10-20%,12250,1672,0.13192,0.13649,0.12649,0.14738,1.0346,0.9586,1.1178
test,EMP-blend,tau_30-60m,<0.2%,54605,106,0.0013597,0.0019412,0.001283,0.0027061,1.4276,0.94718,1.9874
test,EMP-blend,tau_30-60m,0.2-0.5%,134938,508,0.0034813,0.0037647,0.0031382,0.0044113,1.0814,0.9003,1.2662
test,EMP-blend,tau_30-60m,0.5-1%,159118,1075,0.0072861,0.006756,0.0059957,0.0075073,0.92724,0.82266,1.0301
test,EMP-blend,tau_30-60m,1-2%,170127,2389,0.014444,0.014042,0.013043,0.015076,0.97222,0.90299,1.0436
test,EMP-blend,tau_30-60m,2-5%,196774,6123,0.03184,0.031117,0.029604,0.03277,0.97729,0.92931,1.0295
test,EMP-blend,tau_30-60m,5-10%,75137,5017,0.067523,0.066771,0.063421,0.070114,0.98887,0.93947,1.0391
test,EMP-blend,tau_30-60m,10-20%,18523,2615,0.13076,0.14118,0.13189,0.15096,1.0797,1.01,1.156
test,G-seas-2h,all,<0.2%,946578,3360,0.00051805,0.0035496,0.0031784,0.0039344,6.8519,6.1537,7.6071
test,G-seas-2h,all,0.2-0.5%,285364,2250,0.0033041,0.0078847,0.007272,0.0085538,2.3863,2.2008,2.5887
test,G-seas-2h,all,0.5-1%,245166,2775,0.0072456,0.011319,0.010542,0.012111,1.5622,1.4555,1.6725
test,G-seas-2h,all,1-2%,275388,4476,0.014506,0.016253,0.01545,0.017183,1.1205,1.0651,1.1832
test,G-seas-2h,all,2-5%,405792,11209,0.032843,0.027623,0.026522,0.028816,0.84106,0.80771,0.87633
test,G-seas-2h,all,5-10%,211352,10206,0.068176,0.048289,0.046171,0.050354,0.7083,0.67768,0.73933
test,G-seas-2h,all,10-20%,56422,5576,0.13364,0.098827,0.092576,0.10568,0.73949,0.69331,0.79043
test,G-seas-2h,up,<0.2%,473289,1752,0.00051805,0.0037018,0.0031836,0.0042402,7.1455,6.1446,8.2073
test,G-seas-2h,up,0.2-0.5%,142682,1132,0.0033041,0.0079337,0.0070629,0.0088727,2.4012,2.1374,2.6829
test,G-seas-2h,up,0.5-1%,122583,1327,0.0072456,0.010825,0.0097782,0.011939,1.4941,1.3501,1.6479
test,G-seas-2h,up,1-2%,137694,2189,0.014506,0.015898,0.014646,0.017276,1.0959,1.0096,1.1906
test,G-seas-2h,up,2-5%,202896,5528,0.032843,0.027245,0.025561,0.029134,0.82958,0.77835,0.88651
test,G-seas-2h,up,5-10%,105676,5023,0.068176,0.047532,0.044732,0.050863,0.69719,0.65603,0.74555
test,G-seas-2h,up,10-20%,28211,2648,0.13364,0.093864,0.084476,0.10384,0.70236,0.63217,0.7774
test,G-seas-2h,down,<0.2%,473289,1608,0.00051805,0.0033975,0.0028597,0.0039904,6.5582,5.5123,7.703
test,G-seas-2h,down,0.2-0.5%,142682,1118,0.0033041,0.0078356,0.0069018,0.0088587,2.3715,2.0907,2.6806
test,G-seas-2h,down,0.5-1%,122583,1448,0.0072456,0.011812,0.010648,0.013007,1.6303,1.4693,1.7954
test,G-seas-2h,down,1-2%,137694,2287,0.014506,0.016609,0.015367,0.017891,1.145,1.0595,1.2337
test,G-seas-2h,down,2-5%,202896,5681,0.032843,0.028,0.026215,0.029706,0.85254,0.79835,0.904
test,G-seas-2h,down,5-10%,105676,5183,0.068176,0.049046,0.045585,0.052131,0.7194,0.66928,0.76531
test,G-seas-2h,down,10-20%,28211,2928,0.13364,0.10379,0.093313,0.11477,0.77662,0.6983,0.85994
test,G-seas-2h,tau_2-5m,<0.2%,316712,790,0.00052289,0.0024944,0.0020722,0.0029504,4.7704,3.96,5.6456
test,G-seas-2h,tau_2-5m,0.2-0.5%,96392,535,0.0033001,0.0055503,0.0048552,0.0062277,1.6818,1.4712,1.886
test,G-seas-2h,tau_2-5m,0.5-1%,82368,608,0.007242,0.0073815,0.0065688,0.0081896,1.0193,0.90854,1.1318
test,G-seas-2h,tau_2-5m,1-2%,92326,999,0.014511,0.01082,0.0099102,0.011753,0.74565,0.68339,0.80981
test,G-seas-2h,tau_2-5m,2-5%,136364,2738,0.032847,0.020079,0.018809,0.021308,0.61128,0.57264,0.64811
test,G-seas-2h,tau_2-5m,5-10%,69104,2373,0.067857,0.03434,0.032282,0.036652,0.50606,0.47562,0.54011
test,G-seas-2h,tau_2-5m,10-20%,16214,1042,0.13277,0.064265,0.057443,0.071851,0.48403,0.43287,0.54067
test,G-seas-2h,tau_10-20m,<0.2%,319970,1049,0.00051385,0.0032784,0.0027918,0.0038541,6.3802,5.4367,7.4953
test,G-seas-2h,tau_10-20m,0.2-0.5%,95108,727,0.0033057,0.0076439,0.0067883,0.0085629,2.3123,2.0521,2.5917
test,G-seas-2h,tau_10-20m,0.5-1%,81210,925,0.0072407,0.01139,0.010375,0.012471,1.5731,1.4318,1.7214
test,G-seas-2h,tau_10-20m,1-2%,91320,1505,0.014495,0.016481,0.015331,0.017691,1.137,1.0574,1.221
test,G-seas-2h,tau_10-20m,2-5%,134290,3722,0.032833,0.027716,0.026156,0.029387,0.84415,0.79676,0.89482
test,G-seas-2h,tau_10-20m,5-10%,68650,3388,0.068075,0.049352,0.046304,0.052227,0.72496,0.67983,0.76729
test,G-seas-2h,tau_10-20m,10-20%,18046,1847,0.13377,0.10235,0.09424,0.11122,0.76514,0.7029,0.83209
test,G-seas-2h,tau_30-60m,<0.2%,309896,1521,0.00051745,0.0049081,0.0042629,0.0055631,9.4851,8.225,10.735
test,G-seas-2h,tau_30-60m,0.2-0.5%,93864,988,0.0033066,0.010526,0.0095477,0.011513,3.1832,2.8918,3.4841
test,G-seas-2h,tau_30-60m,0.5-1%,81588,1242,0.0072541,0.015223,0.014016,0.016383,2.0985,1.9338,2.2585
test,G-seas-2h,tau_30-60m,1-2%,91742,1972,0.014511,0.021495,0.020251,0.022806,1.4813,1.3966,1.5717
test,G-seas-2h,tau_30-60m,2-5%,135138,4749,0.032848,0.035142,0.033538,0.036754,1.0698,1.0213,1.1182
test,G-seas-2h,tau_30-60m,5-10%,73598,4445,0.068571,0.060396,0.057402,0.06339,0.88078,0.83704,0.92399
test,G-seas-2h,tau_30-60m,10-20%,22162,2687,0.13418,0.12124,0.11244,0.13046,0.9036,0.83885,0.97308
test,T-raw-2h,all,0.2-0.5%,421520,1442,0.0037405,0.003421,0.0030155,0.003852,0.91456,0.8055,1.0308
test,T-raw-2h,all,0.5-1%,664412,4708,0.0072462,0.007086,0.0066181,0.0076498,0.97789,0.91355,1.0547
test,T-raw-2h,all,1-2%,544300,7418,0.014077,0.013629,0.012926,0.014399,0.96817,0.91871,1.0233
test,T-raw-2h,all,2-5%,675548,20249,0.031537,0.029974,0.02898,0.031085,0.95044,0.91852,0.98525
test,T-raw-2h,all,5-10%,125030,6884,0.057136,0.055059,0.053332,0.056932,0.96364,0.93297,0.9961
test,T-raw-2h,up,0.2-0.5%,210760,746,0.0037405,0.0035396,0.0029581,0.0041676,0.94627,0.79087,1.1136
test,T-raw-2h,up,0.5-1%,332206,2345,0.0072462,0.0070589,0.0062946,0.0078753,0.97415,0.86887,1.0859
test,T-raw-2h,up,1-2%,272150,3623,0.014077,0.013313,0.012256,0.014446,0.94572,0.86995,1.0256
test,T-raw-2h,up,2-5%,337774,9885,0.031537,0.029265,0.027622,0.030959,0.92796,0.87526,0.9815
test,T-raw-2h,up,5-10%,62515,3413,0.057136,0.054595,0.051927,0.05754,0.95552,0.90844,1.0074
test,T-raw-2h,down,0.2-0.5%,210760,696,0.0037405,0.0033023,0.0026577,0.0038915,0.88285,0.71107,1.0413
test,T-raw-2h,down,0.5-1%,332206,2363,0.0072462,0.0071131,0.0062863,0.0079348,0.98163,0.86736,1.0951
test,T-raw-2h,down,1-2%,272150,3795,0.014077,0.013945,0.012777,0.015077,0.99062,0.90822,1.071
test,T-raw-2h,down,2-5%,337774,10364,0.031537,0.030683,0.028928,0.032335,0.97292,0.91803,1.0247
test,T-raw-2h,down,5-10%,62515,3471,0.057136,0.055523,0.052591,0.058411,0.97176,0.92027,1.022
test,T-raw-2h,tau_2-5m,0.2-0.5%,265702,801,0.0035849,0.0030147,0.002579,0.0034893,0.84093,0.71977,0.97198
test,T-raw-2h,tau_2-5m,0.5-1%,192988,1190,0.007281,0.0061662,0.0055508,0.0068789,0.84689,0.76294,0.9453
test,T-raw-2h,tau_2-5m,1-2%,177086,2271,0.01443,0.012824,0.011906,0.013778,0.88873,0.8268,0.95365
test,T-raw-2h,tau_2-5m,2-5%,174494,4911,0.030728,0.028144,0.026786,0.029496,0.9159,0.87262,0.95791
test,T-raw-2h,tau_10-20m,0.2-0.5%,152996,621,0.0039881,0.0040589,0.003518,0.0046666,1.0178,0.88141,1.1699
test,T-raw-2h,tau_10-20m,0.5-1%,209762,1460,0.0071072,0.0069603,0.0062955,0.0077712,0.97933,0.88586,1.0923
test,T-raw-2h,tau_10-20m,1-2%,181548,2530,0.013905,0.013936,0.012951,0.015014,1.0022,0.93131,1.0814
test,T-raw-2h,tau_10-20m,2-5%,230964,7146,0.032776,0.03094,0.029468,0.03235,0.94399,0.89939,0.98852
test,T-raw-2h,tau_10-20m,5-10%,35000,1671,0.050843,0.047743,0.04448,0.050785,0.93902,0.87496,0.999
test,T-raw-2h,tau_30-60m,0.2-0.5%,2822,20,0.0049732,0.0070872,0.0043829,0.01015,1.4251,0.88119,2.0412
test,T-raw-2h,tau_30-60m,0.5-1%,261662,2058,0.007332,0.0078651,0.0071657,0.0086093,1.0727,0.97758,1.1745
test,T-raw-2h,tau_30-60m,1-2%,185666,2617,0.013907,0.014095,0.013171,0.015091,1.0135,0.94648,1.084
test,T-raw-2h,tau_30-60m,2-5%,270090,8192,0.031001,0.030331,0.028946,0.031719,0.97839,0.93421,1.0223
test,T-raw-2h,tau_30-60m,5-10%,90030,5213,0.059582,0.057903,0.056011,0.059897,0.97181,0.94007,1.0055
