period,grid,model,tau_min,brier,reliability,resolution,uncertainty,within_bin,ece
validation,z,G-raw-10m,all,0.079639,0.00035527,0.17058,0.25,-0.00013859,
validation,z,G-raw-10m,60,0.086807,0.00024586,0.16326,0.24999,-0.00017068,0.014498
validation,z,G-raw-10m,45,0.085673,0.00022741,0.16439,0.25,-0.00016636,0.013413
validation,z,G-raw-10m,30,0.08411,0.0001933,0.16591,0.25,-0.0001697,0.012
validation,z,G-raw-10m,20,0.079479,0.00049687,0.17089,0.25,-0.00012731,0.016057
validation,z,G-raw-10m,15,0.080024,0.00024954,0.17008,0.25,-0.00014601,0.012032
validation,z,G-raw-10m,10,0.07958,0.0003398,0.17061,0.25,-0.00014615,0.013643
validation,z,G-raw-10m,5,0.075385,0.00050456,0.17502,0.25,-9.8344e-05,0.015242
validation,z,G-raw-10m,3,0.073255,0.00072767,0.17735,0.25,-0.00012079,0.017465
validation,z,G-raw-10m,2,0.072442,0.00089665,0.17835,0.25,-0.00010579,0.019599
validation,z,G-raw-30m,all,0.079801,0.00051034,0.17059,0.25,-0.00011836,
validation,z,G-raw-30m,60,0.086624,0.000287,0.1635,0.24999,-0.00015418,0.014541
validation,z,G-raw-30m,45,0.085516,0.00026118,0.16459,0.25,-0.00015129,0.01387
validation,z,G-raw-30m,30,0.084066,0.00025692,0.16605,0.25,-0.00013367,0.013064
validation,z,G-raw-30m,20,0.079598,0.00058022,0.17086,0.25,-0.00012563,0.016839
validation,z,G-raw-30m,15,0.080169,0.00037164,0.17007,0.25,-0.00013299,0.013839
validation,z,G-raw-30m,10,0.079727,0.00046527,0.17061,0.25,-0.00012089,0.015114
validation,z,G-raw-30m,5,0.075787,0.00075294,0.17487,0.25,-9.0518e-05,0.018249
validation,z,G-raw-30m,3,0.073725,0.0010382,0.17722,0.25,-9.0543e-05,0.021822
validation,z,G-raw-30m,2,0.073001,0.0012809,0.17821,0.25,-7.182e-05,0.024225
validation,z,G-raw-2h,all,0.080813,0.00096621,0.17014,0.25,-1.3364e-05,
validation,z,G-raw-2h,60,0.087211,0.00056938,0.1633,0.24999,-4.655e-05,0.019097
validation,z,G-raw-2h,45,0.0862,0.00053068,0.16428,0.25,-4.7656e-05,0.018198
validation,z,G-raw-2h,30,0.084977,0.00058471,0.16557,0.25,-3.8153e-05,0.018776
validation,z,G-raw-2h,20,0.080661,0.0010141,0.17033,0.25,-2.4199e-05,0.022383
validation,z,G-raw-2h,15,0.081193,0.0007835,0.16956,0.25,-2.762e-05,0.019725
validation,z,G-raw-2h,10,0.080715,0.00088909,0.17014,0.25,-2.8687e-05,0.020767
validation,z,G-raw-2h,5,0.076991,0.0013189,0.17432,0.25,-5.2013e-06,0.024775
validation,z,G-raw-2h,3,0.074994,0.001681,0.17669,0.25,-6.1193e-07,0.028659
validation,z,G-raw-2h,2,0.074371,0.0020262,0.17766,0.25,7.4971e-06,0.0313
validation,z,G-raw-6h,all,0.082443,0.0018917,0.16938,0.25,-7.1733e-05,
validation,z,G-raw-6h,60,0.088457,0.001243,0.16268,0.24999,-9.5031e-05,0.027319
validation,z,G-raw-6h,45,0.087551,0.0012262,0.16356,0.25,-0.00011494,0.026684
validation,z,G-raw-6h,30,0.086447,0.0013078,0.16477,0.25,-8.569e-05,0.027041
validation,z,G-raw-6h,20,0.082324,0.0019547,0.16954,0.25,-8.6219e-05,0.031307
validation,z,G-raw-6h,15,0.082847,0.0016558,0.16872,0.25,-8.6505e-05,0.028995
validation,z,G-raw-6h,10,0.082357,0.0017906,0.16936,0.25,-6.9316e-05,0.029804
validation,z,G-raw-6h,5,0.078749,0.0023783,0.17359,0.25,-4.2964e-05,0.034404
validation,z,G-raw-6h,3,0.076872,0.0028732,0.17596,0.25,-4.4351e-05,0.038355
validation,z,G-raw-6h,2,0.076383,0.0033042,0.1769,0.25,-2.3823e-05,0.04109
validation,z,G-raw-1d,all,0.085025,0.0035477,0.16846,0.25,-6.4701e-05,
validation,z,G-raw-1d,60,0.090608,0.0026109,0.1619,0.24999,-9.009e-05,0.039555
validation,z,G-raw-1d,45,0.089776,0.0025841,0.16275,0.25,-5.9993e-05,0.039194
validation,z,G-raw-1d,30,0.088787,0.002699,0.16383,0.25,-8.0893e-05,0.039513
validation,z,G-raw-1d,20,0.084863,0.0035912,0.16866,0.25,-6.9207e-05,0.044326
validation,z,G-raw-1d,15,0.085417,0.0032281,0.16775,0.25,-5.8696e-05,0.042306
validation,z,G-raw-1d,10,0.08496,0.0033992,0.16837,0.25,-6.2541e-05,0.043338
validation,z,G-raw-1d,5,0.081502,0.0042199,0.17265,0.25,-6.9967e-05,0.047208
validation,z,G-raw-1d,3,0.079854,0.0048773,0.17498,0.25,-4.5522e-05,0.050697
validation,z,G-raw-1d,2,0.079457,0.0054163,0.17591,0.25,-4.852e-05,0.05366
validation,z,G-seas-10m,all,0.079577,0.00035465,0.17064,0.25,-0.000134,
validation,z,G-seas-10m,60,0.086716,0.00025228,0.16336,0.24999,-0.00017274,0.014439
validation,z,G-seas-10m,45,0.085518,0.00022235,0.16455,0.25,-0.00015085,0.013049
validation,z,G-seas-10m,30,0.083835,0.00016595,0.16618,0.25,-0.00014282,0.011246
validation,z,G-seas-10m,20,0.079449,0.00049384,0.17092,0.25,-0.00012109,0.016093
validation,z,G-seas-10m,15,0.080011,0.00024842,0.17008,0.25,-0.00015616,0.012075
validation,z,G-seas-10m,10,0.079571,0.00033434,0.17061,0.25,-0.00015606,0.013517
validation,z,G-seas-10m,5,0.075386,0.00050405,0.17502,0.25,-9.618e-05,0.015197
validation,z,G-seas-10m,3,0.073255,0.00072846,0.17736,0.25,-0.00011737,0.01753
validation,z,G-seas-10m,2,0.072455,0.00089608,0.17835,0.25,-9.5212e-05,0.019546
validation,z,G-seas-30m,all,0.079669,0.00050838,0.17072,0.25,-0.00011715,
validation,z,G-seas-30m,60,0.086376,0.00029193,0.16378,0.24999,-0.00013129,0.014563
validation,z,G-seas-30m,45,0.085265,0.00025724,0.16483,0.25,-0.00016497,0.013414
validation,z,G-seas-30m,30,0.083692,0.00022961,0.16639,0.25,-0.00014285,0.012168
validation,z,G-seas-30m,20,0.079472,0.00057125,0.17098,0.25,-0.00011698,0.016643
validation,z,G-seas-30m,15,0.08009,0.0003725,0.17017,0.25,-0.00011555,0.013676
validation,z,G-seas-30m,10,0.079656,0.00046205,0.1707,0.25,-0.00010432,0.014976
validation,z,G-seas-30m,5,0.075758,0.00075013,0.17488,0.25,-0.00011103,0.018239
validation,z,G-seas-30m,3,0.073693,0.0010275,0.17726,0.25,-7.3102e-05,0.021721
validation,z,G-seas-30m,2,0.073015,0.0012882,0.17818,0.25,-9.4273e-05,0.024121
validation,z,G-seas-2h,all,0.080251,0.00082843,0.17048,0.25,-9.5901e-05,
validation,z,G-seas-2h,60,0.086451,0.00046836,0.16388,0.24999,-0.0001291,0.016895
validation,z,G-seas-2h,45,0.085473,0.00042235,0.16483,0.25,-0.00012106,0.016006
validation,z,G-seas-2h,30,0.084114,0.00043214,0.16621,0.25,-0.00010397,0.015651
validation,z,G-seas-2h,20,0.080056,0.00085352,0.17071,0.25,-8.3483e-05,0.020344
validation,z,G-seas-2h,15,0.080703,0.00065152,0.16985,0.25,-9.6291e-05,0.017802
validation,z,G-seas-2h,10,0.080236,0.00075984,0.17041,0.25,-0.00011052,0.019241
validation,z,G-seas-2h,5,0.076592,0.0011776,0.17451,0.25,-7.2669e-05,0.023389
validation,z,G-seas-2h,3,0.074598,0.0015194,0.17684,0.25,-7.7688e-05,0.027248
validation,z,G-seas-2h,2,0.074036,0.0018679,0.17776,0.25,-6.7839e-05,0.029867
validation,z,G-seas-6h,all,0.080953,0.0012632,0.17024,0.25,-6.8105e-05,
validation,z,G-seas-6h,60,0.086774,0.00073928,0.16385,0.24999,-0.00010691,0.02025
validation,z,G-seas-6h,45,0.085898,0.00069997,0.16472,0.25,-8.2633e-05,0.019784
validation,z,G-seas-6h,30,0.084675,0.0007564,0.16598,0.25,-9.3445e-05,0.020177
validation,z,G-seas-6h,20,0.080764,0.0012705,0.17045,0.25,-5.3229e-05,0.024585
validation,z,G-seas-6h,15,0.08144,0.0010634,0.16956,0.25,-6.3219e-05,0.022629
validation,z,G-seas-6h,10,0.081003,0.0011976,0.17013,0.25,-6.1419e-05,0.024172
validation,z,G-seas-6h,5,0.077445,0.0017175,0.1742,0.25,-6.9043e-05,0.028939
validation,z,G-seas-6h,3,0.075519,0.0021273,0.17655,0.25,-6.0494e-05,0.032853
validation,z,G-seas-6h,2,0.075053,0.0025277,0.17745,0.25,-2.5933e-05,0.035545
validation,z,G-seas-1d,all,0.081973,0.0019535,0.1699,0.25,-8.054e-05,
validation,z,G-seas-1d,60,0.087464,0.0012491,0.16366,0.24999,-0.00011808,0.025996
validation,z,G-seas-1d,45,0.086637,0.0012153,0.16449,0.25,-8.7971e-05,0.02582
validation,z,G-seas-1d,30,0.085509,0.001291,0.16567,0.25,-0.00010394,0.026122
validation,z,G-seas-1d,20,0.081768,0.0019604,0.1701,0.25,-9.2446e-05,0.031133
validation,z,G-seas-1d,15,0.082462,0.0017078,0.16914,0.25,-0.00010706,0.029428
validation,z,G-seas-1d,10,0.082096,0.0018856,0.1697,0.25,-8.5229e-05,0.031121
validation,z,G-seas-1d,5,0.078635,0.0025357,0.17385,0.25,-5.5078e-05,0.036023
validation,z,G-seas-1d,3,0.076787,0.0030065,0.17617,0.25,-5.0217e-05,0.039971
validation,z,G-seas-1d,2,0.076395,0.0034889,0.17707,0.25,-2.6299e-05,0.04271
validation,z,G-blend-raw,all,0.079859,0.00073415,0.17075,0.25,-0.00012211,
validation,z,G-blend-raw,60,0.087783,0.0014887,0.16359,0.24999,-0.00011121,0.028152
validation,z,G-blend-raw,45,0.086414,0.0011929,0.16468,0.25,-9.5259e-05,0.024616
validation,z,G-blend-raw,30,0.08472,0.00092054,0.16609,0.25,-0.00010442,0.021505
validation,z,G-blend-raw,20,0.079909,0.0009805,0.17096,0.25,-0.00010709,0.021062
validation,z,G-blend-raw,15,0.080332,0.00066677,0.17021,0.25,-0.00012589,0.01753
validation,z,G-blend-raw,10,0.079627,0.00051597,0.17074,0.25,-0.00014303,0.015603
validation,z,G-blend-raw,5,0.075245,0.00044069,0.17508,0.25,-0.00011957,0.014073
validation,z,G-blend-raw,3,0.072806,0.00035368,0.17741,0.25,-0.00013274,0.012503
validation,z,G-blend-raw,2,0.071894,0.00040689,0.17837,0.25,-0.00014622,0.013795
validation,z,G-blend,all,0.079493,0.00058347,0.17097,0.25,-0.00012088,
validation,z,G-blend,60,0.08671,0.00094547,0.16412,0.24999,-0.00010682,0.021972
validation,z,G-blend,45,0.085632,0.00085447,0.16512,0.25,-9.7037e-05,0.020771
validation,z,G-blend,30,0.083966,0.00063848,0.16654,0.25,-0.00012897,0.017634
validation,z,G-blend,20,0.079598,0.00079153,0.17108,0.25,-0.00011059,0.018869
validation,z,G-blend,15,0.080123,0.00053975,0.17032,0.25,-9.4986e-05,0.015634
validation,z,G-blend,10,0.079506,0.00047417,0.17082,0.25,-0.00014387,0.014858
validation,z,G-blend,5,0.075202,0.00042698,0.17512,0.25,-0.00010924,0.013678
validation,z,G-blend,3,0.072785,0.0003566,0.17743,0.25,-0.0001392,0.012457
validation,z,G-blend,2,0.071911,0.00041265,0.17836,0.25,-0.00014406,0.013842
validation,z,T-raw-2h,all,0.079772,1.4024e-05,0.17011,0.25,-0.00013517,
validation,z,T-raw-2h,60,0.08668,5.2484e-05,0.16328,0.24999,-8.6689e-05,0.0044235
validation,z,T-raw-2h,45,0.085687,3.1865e-05,0.16426,0.25,-8.7203e-05,0.0033342
validation,z,T-raw-2h,30,0.084401,1.9127e-05,0.16554,0.25,-7.0709e-05,0.0031375
validation,z,T-raw-2h,20,0.079646,8.1235e-06,0.17027,0.25,-9.3392e-05,0.0014346
validation,z,T-raw-2h,15,0.080421,2.4527e-05,0.1695,0.25,-0.00010081,0.0029988
validation,z,T-raw-2h,10,0.079835,3.297e-05,0.17009,0.25,-0.00010966,0.0036449
validation,z,T-raw-2h,5,0.07566,5.5899e-06,0.17423,0.25,-0.00011918,0.001576
validation,z,T-raw-2h,3,0.073298,1.7777e-05,0.17659,0.25,-0.00012851,0.0022794
validation,z,T-raw-2h,2,0.072321,5.282e-05,0.17762,0.25,-0.00011107,0.0034708
validation,z,T-blend,all,0.078877,1.3148e-05,0.17096,0.25,-0.00017043,
validation,z,T-blend,60,0.085762,6.0682e-05,0.1641,0.24999,-0.00018932,0.0044337
validation,z,T-blend,45,0.08474,4.1777e-05,0.16514,0.25,-0.00015967,0.0038401
validation,z,T-blend,30,0.083318,3.1006e-05,0.16655,0.25,-0.00016304,0.0033402
validation,z,T-blend,20,0.078778,1.5096e-05,0.17108,0.25,-0.00015988,0.002081
validation,z,T-blend,15,0.079575,2.9217e-05,0.17031,0.25,-0.00014855,0.00342
validation,z,T-blend,10,0.079041,2.4081e-05,0.17082,0.25,-0.00016484,0.0031704
validation,z,T-blend,5,0.07477,9.4102e-06,0.17507,0.25,-0.00016892,0.0023488
validation,z,T-blend,3,0.072423,1.303e-05,0.17741,0.25,-0.00018052,0.0020218
validation,z,T-blend,2,0.071487,7.6536e-06,0.17835,0.25,-0.00017474,0.0013758
validation,z,MIX-blend,all,0.078894,2.4054e-05,0.17097,0.25,-0.00015623,
validation,z,MIX-blend,60,0.085759,6.007e-05,0.16412,0.24999,-0.00016961,0.0045713
validation,z,MIX-blend,45,0.084766,5.7115e-05,0.16513,0.25,-0.00015399,0.0058526
validation,z,MIX-blend,30,0.083342,4.2943e-05,0.16654,0.25,-0.00015276,0.0052902
validation,z,MIX-blend,20,0.078809,3.0577e-05,0.17109,0.25,-0.00013417,0.0042255
validation,z,MIX-blend,15,0.07961,5.6057e-05,0.17031,0.25,-0.00013101,0.0061461
validation,z,MIX-blend,10,0.079055,3.38e-05,0.17083,0.25,-0.00014468,0.0044365
validation,z,MIX-blend,5,0.074784,2.3105e-05,0.17509,0.25,-0.00014723,0.0039043
validation,z,MIX-blend,3,0.07243,1.8148e-05,0.17742,0.25,-0.00016924,0.0027472
validation,z,MIX-blend,2,0.07149,1.0188e-05,0.17833,0.25,-0.00018624,0.0017521
validation,z,EMP-blend,all,0.078879,5.917e-06,0.17096,0.25,-0.00016956,
validation,z,EMP-blend,60,0.085727,2.3914e-05,0.16411,0.24999,-0.00018024,0.0035638
validation,z,EMP-blend,45,0.084717,1.5937e-05,0.16513,0.25,-0.00016217,0.0027246
validation,z,EMP-blend,30,0.083307,1.0632e-05,0.16654,0.25,-0.00015501,0.0024454
validation,z,EMP-blend,20,0.078785,9.2385e-06,0.17106,0.25,-0.00016255,0.0018835
validation,z,EMP-blend,15,0.079566,1.3955e-05,0.17027,0.25,-0.00017395,0.0022846
validation,z,EMP-blend,10,0.079046,6.4344e-06,0.17078,0.25,-0.00017971,0.0015216
validation,z,EMP-blend,5,0.074787,1.4262e-05,0.17507,0.25,-0.00015889,0.002485
validation,z,EMP-blend,3,0.072454,2.8803e-05,0.1774,0.25,-0.00017012,0.0030689
validation,z,EMP-blend,2,0.071518,3.683e-05,0.17836,0.25,-0.0001539,0.0033442
test,z,G-raw-10m,all,0.077755,0.00042349,0.17254,0.25,-0.00012649,
test,z,G-raw-10m,60,0.087409,0.00020145,0.16263,0.25,-0.00016726,0.012693
test,z,G-raw-10m,45,0.085401,0.00021131,0.16465,0.25,-0.00016409,0.012706
test,z,G-raw-10m,30,0.084861,0.0001732,0.16513,0.25,-0.0001798,0.011723
test,z,G-raw-10m,20,0.079619,0.00042727,0.17069,0.25,-0.00011957,0.015613
test,z,G-raw-10m,15,0.078835,0.00030909,0.17134,0.25,-0.00013903,0.013216
test,z,G-raw-10m,10,0.076861,0.00041696,0.17343,0.25,-0.00012712,0.014636
test,z,G-raw-10m,5,0.071054,0.00087924,0.17973,0.25,-9.2256e-05,0.019161
test,z,G-raw-10m,3,0.068553,0.0011767,0.18254,0.25,-7.8966e-05,0.021711
test,z,G-raw-10m,2,0.067203,0.0013662,0.18409,0.25,-6.9318e-05,0.023663
test,z,G-raw-30m,all,0.077881,0.00060451,0.17261,0.25,-0.00011743,
test,z,G-raw-30m,60,0.086991,0.00017701,0.16303,0.25,-0.00016036,0.011441
test,z,G-raw-30m,45,0.085189,0.00023386,0.16488,0.25,-0.00016002,0.012625
test,z,G-raw-30m,30,0.084696,0.00021562,0.16536,0.25,-0.00015679,0.01248
test,z,G-raw-30m,20,0.07959,0.00048169,0.17077,0.25,-0.00012191,0.015677
test,z,G-raw-30m,15,0.078899,0.00043456,0.17141,0.25,-0.00012152,0.014573
test,z,G-raw-30m,10,0.07698,0.0005779,0.17349,0.25,-0.00010446,0.016147
test,z,G-raw-30m,5,0.071488,0.0012149,0.17963,0.25,-9.7924e-05,0.023878
test,z,G-raw-30m,3,0.069162,0.0016304,0.1824,0.25,-6.7487e-05,0.0275
test,z,G-raw-30m,2,0.067933,0.0019218,0.18393,0.25,-6.3104e-05,0.029926
test,z,G-raw-2h,all,0.078963,0.0011545,0.17217,0.25,-2.5443e-05,
test,z,G-raw-2h,60,0.087453,0.00040303,0.16289,0.25,-5.5962e-05,0.016055
test,z,G-raw-2h,45,0.08584,0.00052175,0.16463,0.25,-4.9492e-05,0.017649
test,z,G-raw-2h,30,0.085447,0.00053081,0.16504,0.25,-4.1899e-05,0.017964
test,z,G-raw-2h,20,0.080644,0.0009269,0.17025,0.25,-2.9866e-05,0.021465
test,z,G-raw-2h,15,0.080007,0.00088715,0.17086,0.25,-2.3048e-05,0.02054
test,z,G-raw-2h,10,0.078194,0.0011212,0.17291,0.25,-2.0051e-05,0.022349
test,z,G-raw-2h,5,0.07295,0.0019881,0.17903,0.25,-6.7097e-06,0.031293
test,z,G-raw-2h,3,0.070656,0.0025275,0.18187,0.25,1.3565e-06,0.035306
test,z,G-raw-2h,2,0.069471,0.0028946,0.18341,0.25,-8.8724e-06,0.038025
test,z,G-raw-6h,all,0.080861,0.0022854,0.17137,0.25,-5.5423e-05,
test,z,G-raw-6h,60,0.088731,0.0011018,0.16226,0.25,-0.00011215,0.025264
test,z,G-raw-6h,45,0.087223,0.0012896,0.16398,0.25,-8.3741e-05,0.026859
test,z,G-raw-6h,30,0.086972,0.0013351,0.16429,0.25,-7.5427e-05,0.027472
test,z,G-raw-6h,20,0.082506,0.0019741,0.16942,0.25,-4.617e-05,0.031855
test,z,G-raw-6h,15,0.081926,0.001938,0.16997,0.25,-4.3782e-05,0.031105
test,z,G-raw-6h,10,0.080285,0.002311,0.17197,0.25,-5.7265e-05,0.033311
test,z,G-raw-6h,5,0.075244,0.0034344,0.17815,0.25,-3.5877e-05,0.042107
test,z,G-raw-6h,3,0.072979,0.0041194,0.1811,0.25,-3.8371e-05,0.046212
test,z,G-raw-6h,2,0.071883,0.0045467,0.18266,0.25,-6.8677e-06,0.049004
test,z,G-raw-1d,all,0.083748,0.0041913,0.17038,0.25,-6.4421e-05,
test,z,G-raw-1d,60,0.091004,0.0025048,0.16139,0.25,-0.00011309,0.038446
test,z,G-raw-1d,45,0.08957,0.0027784,0.1631,0.25,-0.00010238,0.040152
test,z,G-raw-1d,30,0.089492,0.002871,0.16329,0.25,-8.6103e-05,0.040834
test,z,G-raw-1d,20,0.085283,0.003771,0.16843,0.25,-6.1324e-05,0.045699
test,z,G-raw-1d,15,0.084782,0.0037491,0.16889,0.25,-7.2466e-05,0.045315
test,z,G-raw-1d,10,0.083333,0.0042597,0.17088,0.25,-4.6011e-05,0.047883
test,z,G-raw-1d,5,0.078538,0.0056889,0.17711,0.25,-3.3791e-05,0.054605
test,z,G-raw-1d,3,0.076414,0.0065148,0.18007,0.25,-2.8269e-05,0.059294
test,z,G-raw-1d,2,0.075313,0.0070238,0.18167,0.25,-3.5644e-05,0.061669
test,z,G-seas-10m,all,0.077627,0.00039613,0.17263,0.25,-0.00013519,
test,z,G-seas-10m,60,0.08717,0.00016918,0.16279,0.25,-0.00020526,0.011949
test,z,G-seas-10m,45,0.085113,0.00018604,0.16488,0.25,-0.00018862,0.011917
test,z,G-seas-10m,30,0.084414,0.00011661,0.16553,0.25,-0.0001763,0.0099942
test,z,G-seas-10m,20,0.079539,0.00038633,0.1707,0.25,-0.00014457,0.015189
test,z,G-seas-10m,15,0.078799,0.00028219,0.17134,0.25,-0.00013952,0.012972
test,z,G-seas-10m,10,0.07685,0.00039371,0.17341,0.25,-0.00013164,0.014423
test,z,G-seas-10m,5,0.071031,0.00084475,0.17972,0.25,-8.7141e-05,0.018906
test,z,G-seas-10m,3,0.068533,0.0011497,0.18254,0.25,-8.1211e-05,0.021497
test,z,G-seas-10m,2,0.067193,0.001337,0.18408,0.25,-6.0347e-05,0.02335
test,z,G-seas-30m,all,0.077626,0.00054043,0.1728,0.25,-0.00011697,
test,z,G-seas-30m,60,0.086613,0.00015644,0.16337,0.25,-0.00017389,0.010736
test,z,G-seas-30m,45,0.084803,0.00020876,0.16523,0.25,-0.00017132,0.011637
test,z,G-seas-30m,30,0.084116,0.00014097,0.16586,0.25,-0.00016104,0.010139
test,z,G-seas-30m,20,0.079321,0.00040077,0.17097,0.25,-0.00011059,0.014592
test,z,G-seas-30m,15,0.0787,0.00036089,0.17153,0.25,-0.00013207,0.013406
test,z,G-seas-30m,10,0.076843,0.00050476,0.17355,0.25,-0.00011621,0.015224
test,z,G-seas-30m,5,0.071349,0.0011151,0.17968,0.25,-8.1914e-05,0.022562
test,z,G-seas-30m,3,0.069043,0.00153,0.18243,0.25,-5.3795e-05,0.026231
test,z,G-seas-30m,2,0.067844,0.0018177,0.18392,0.25,-5.2425e-05,0.028672
test,z,G-seas-2h,all,0.078062,0.00082437,0.17267,0.25,-9.2592e-05,
test,z,G-seas-2h,60,0.086498,0.00026109,0.16363,0.25,-0.00013294,0.012688
test,z,G-seas-2h,45,0.084896,0.00034025,0.16532,0.25,-0.00012221,0.014072
test,z,G-seas-2h,30,0.084269,0.00027892,0.1659,0.25,-0.00011399,0.012743
test,z,G-seas-2h,20,0.079658,0.000606,0.17084,0.25,-0.00011057,0.016989
test,z,G-seas-2h,15,0.079086,0.00057012,0.17138,0.25,-0.00010804,0.016074
test,z,G-seas-2h,10,0.077346,0.00077766,0.17335,0.25,-8.4597e-05,0.018571
test,z,G-seas-2h,5,0.072121,0.0015468,0.17935,0.25,-7.0532e-05,0.027316
test,z,G-seas-2h,3,0.069894,0.0020569,0.18212,0.25,-4.2968e-05,0.031327
test,z,G-seas-2h,2,0.06879,0.0024092,0.18357,0.25,-4.7298e-05,0.034033
test,z,G-seas-6h,all,0.0787,0.0012237,0.17245,0.25,-7.8626e-05,
test,z,G-seas-6h,60,0.086792,0.00048066,0.16358,0.25,-0.00010746,0.016205
test,z,G-seas-6h,45,0.085272,0.00058442,0.16522,0.25,-9.2983e-05,0.017743
test,z,G-seas-6h,30,0.084718,0.00052089,0.1657,0.25,-9.9115e-05,0.016547
test,z,G-seas-6h,20,0.080261,0.00093722,0.17059,0.25,-8.1241e-05,0.020884
test,z,G-seas-6h,15,0.079701,0.00091047,0.17111,0.25,-9.7169e-05,0.020304
test,z,G-seas-6h,10,0.078063,0.0011831,0.17304,0.25,-8.1159e-05,0.023273
test,z,G-seas-6h,5,0.072963,0.0020832,0.17906,0.25,-5.9247e-05,0.032287
test,z,G-seas-6h,3,0.070794,0.0026913,0.18185,0.25,-4.2526e-05,0.036402
test,z,G-seas-6h,2,0.069735,0.0030923,0.18331,0.25,-5.0534e-05,0.039187
test,z,G-seas-1d,all,0.079766,0.0019155,0.17208,0.25,-6.646e-05,
test,z,G-seas-1d,60,0.087541,0.00094109,0.1633,0.25,-9.9424e-05,0.022489
test,z,G-seas-1d,45,0.086031,0.0010763,0.16495,0.25,-9.5271e-05,0.023914
test,z,G-seas-1d,30,0.085556,0.00098935,0.16533,0.25,-0.00010151,0.022809
test,z,G-seas-1d,20,0.081255,0.0015431,0.1702,0.25,-8.9463e-05,0.027308
test,z,G-seas-1d,15,0.080749,0.001522,0.1707,0.25,-7.4117e-05,0.027168
test,z,G-seas-1d,10,0.079204,0.0018892,0.17263,0.25,-5.649e-05,0.030206
test,z,G-seas-1d,5,0.074259,0.0029608,0.17865,0.25,-4.4085e-05,0.039152
test,z,G-seas-1d,3,0.072177,0.0036662,0.18147,0.25,-2.0824e-05,0.043346
test,z,G-seas-1d,2,0.071127,0.0041004,0.18296,0.25,-1.7916e-05,0.046089
test,z,G-blend-raw,all,0.077609,0.00062036,0.17289,0.25,-0.00011885,
test,z,G-blend-raw,60,0.087488,0.00081097,0.16323,0.25,-9.5558e-05,0.020404
test,z,G-blend-raw,45,0.085692,0.00085293,0.16506,0.25,-9.9938e-05,0.020527
test,z,G-blend-raw,30,0.085165,0.00076887,0.16549,0.25,-0.00011461,0.019851
test,z,G-blend-raw,20,0.079549,0.00054998,0.17089,0.25,-0.00011418,0.016422
test,z,G-blend-raw,15,0.078831,0.00048058,0.17153,0.25,-0.00011548,0.014961
test,z,G-blend-raw,10,0.076738,0.00046149,0.17359,0.25,-0.00013073,0.014516
test,z,G-blend-raw,5,0.070632,0.00053846,0.17978,0.25,-0.00012072,0.015128
test,z,G-blend-raw,3,0.067912,0.0005856,0.18257,0.25,-0.00010216,0.015703
test,z,G-blend-raw,2,0.066477,0.00065893,0.18405,0.25,-0.00013181,0.016495
test,z,G-blend,all,0.077262,0.00051102,0.17312,0.25,-0.00012865,
test,z,G-blend,60,0.086628,0.00052088,0.16377,0.25,-0.00012254,0.016257
test,z,G-blend,45,0.084897,0.00055425,0.16554,0.25,-0.00011975,0.016646
test,z,G-blend,30,0.0842,0.0004351,0.16611,0.25,-0.00012635,0.014938
test,z,G-blend,20,0.079269,0.00047256,0.17106,0.25,-0.00014697,0.01517
test,z,G-blend,15,0.078629,0.00043413,0.17166,0.25,-0.00014158,0.014093
test,z,G-blend,10,0.076639,0.00044914,0.1737,0.25,-0.00011226,0.014249
test,z,G-blend,5,0.070612,0.00054525,0.17982,0.25,-0.00010918,0.015154
test,z,G-blend,3,0.06794,0.00062022,0.18258,0.25,-0.00010032,0.016028
test,z,G-blend,2,0.066542,0.00071667,0.18404,0.25,-0.00013324,0.017053
test,z,T-raw-2h,all,0.077653,1.3671e-05,0.17223,0.25,-0.00012918,
test,z,T-raw-2h,60,0.087058,5.0004e-06,0.16287,0.25,-8.1616e-05,0.0017625
test,z,T-raw-2h,45,0.08532,5.4787e-06,0.1646,0.25,-7.9779e-05,0.001689
test,z,T-raw-2h,30,0.084922,8.3769e-06,0.16502,0.25,-6.8956e-05,0.0021843
test,z,T-raw-2h,20,0.079716,8.1826e-06,0.1702,0.25,-8.8918e-05,0.0017727
test,z,T-raw-2h,15,0.079112,1.1075e-05,0.17082,0.25,-8.1384e-05,0.0024299
test,z,T-raw-2h,10,0.077062,2.1555e-05,0.17286,0.25,-9.9039e-05,0.0033565
test,z,T-raw-2h,5,0.070961,4.7749e-05,0.17899,0.25,-9.1953e-05,0.0046463
test,z,T-raw-2h,3,0.068128,4.4632e-05,0.18181,0.25,-0.00011009,0.0044727
test,z,T-raw-2h,2,0.066596,5.8882e-05,0.18335,0.25,-0.00011602,0.0050026
test,z,T-blend,all,0.076751,1.3773e-05,0.17311,0.25,-0.00015486,
test,z,T-blend,60,0.086107,1.0029e-05,0.16374,0.25,-0.00016751,0.0020661
test,z,T-blend,45,0.084346,1.0588e-05,0.1655,0.25,-0.00016681,0.0021255
test,z,T-blend,30,0.083778,1.4986e-05,0.16609,0.25,-0.00014673,0.0025117
test,z,T-blend,20,0.078803,1.6563e-05,0.17105,0.25,-0.00015833,0.002694
test,z,T-blend,15,0.078203,2.1246e-05,0.17169,0.25,-0.00013186,0.0034924
test,z,T-blend,10,0.076217,2.8291e-05,0.17366,0.25,-0.0001488,0.0040401
test,z,T-blend,5,0.070105,5.4073e-05,0.1798,0.25,-0.00014495,0.005184
test,z,T-blend,3,0.067341,4.5805e-05,0.18256,0.25,-0.00014774,0.0044449
test,z,T-blend,2,0.065856,5.2019e-05,0.18405,0.25,-0.00015051,0.004397
test,z,MIX-blend,all,0.076759,2.4143e-05,0.17312,0.25,-0.00014601,
test,z,MIX-blend,60,0.086122,2.1754e-05,0.16374,0.25,-0.00015952,0.0038203
test,z,MIX-blend,45,0.084359,2.3145e-05,0.16551,0.25,-0.00015654,0.0036271
test,z,MIX-blend,30,0.083791,2.6965e-05,0.1661,0.25,-0.00013901,0.0038973
test,z,MIX-blend,20,0.078814,2.5072e-05,0.17107,0.25,-0.00013614,0.0038541
test,z,MIX-blend,15,0.078221,4.0038e-05,0.17168,0.25,-0.00013388,0.0049314
test,z,MIX-blend,10,0.076225,3.7684e-05,0.17368,0.25,-0.00013643,0.0049326
test,z,MIX-blend,5,0.070112,5.9952e-05,0.1798,0.25,-0.00014025,0.0060013
test,z,MIX-blend,3,0.067342,4.5864e-05,0.18256,0.25,-0.00014198,0.0049945
test,z,MIX-blend,2,0.065848,4.6297e-05,0.18405,0.25,-0.00014341,0.0049306
test,z,EMP-blend,all,0.076775,3.0094e-05,0.17311,0.25,-0.00014975,
test,z,EMP-blend,60,0.086121,1.6262e-05,0.16373,0.25,-0.00016422,0.0024417
test,z,EMP-blend,45,0.084367,2.2356e-05,0.1655,0.25,-0.00015928,0.0030393
test,z,EMP-blend,30,0.083791,2.3629e-05,0.16608,0.25,-0.00015643,0.0030202
test,z,EMP-blend,20,0.078812,2.2638e-05,0.17105,0.25,-0.00015749,0.0027604
test,z,EMP-blend,15,0.078222,3.3e-05,0.17167,0.25,-0.0001373,0.0040802
test,z,EMP-blend,10,0.076254,4.4204e-05,0.17365,0.25,-0.00013829,0.004965
test,z,EMP-blend,5,0.070138,6.1254e-05,0.17979,0.25,-0.00012988,0.00543
test,z,EMP-blend,3,0.067382,7.3082e-05,0.18255,0.25,-0.00013845,0.0058736
test,z,EMP-blend,2,0.065887,7.1225e-05,0.18405,0.25,-0.00013286,0.0057867
