period,grid,group,level,model,n,n_days,brier,brier_lo,brier_hi,log_loss,ll_lo,ll_hi,d_ll_vs_base,d_ll_lo,d_ll_hi,d_brier_vs_base,d_brier_lo,d_brier_hi,citl,base,variant
test,z,all,all,G-raw-2h,3376125,632,0.078963,0.078175,0.079684,0.26511,0.26252,0.26767,0.0092939,0.0084821,0.010062,0.0017009,0.0015963,0.0018132,-0.0002451,G-blend,bootstrap blocks = day
test,z,all,all,G-blend,3376125,632,0.077262,0.076479,0.077995,0.25581,0.25312,0.25844,0,0,0,0,0,0,-0.0002451,G-blend,bootstrap blocks = day
test,z,all,all,T-blend,3376125,632,0.076751,0.075927,0.077514,0.25296,0.25023,0.25552,-0.0028492,-0.0031101,-0.0026113,-0.0005112,-0.00056226,-0.00046123,-0.0002451,G-blend,bootstrap blocks = day
test,z,all,all,MIX-blend,3376125,632,0.076759,0.07594,0.07752,0.25308,0.25039,0.25561,-0.0027287,-0.0029805,-0.0024875,-0.00050238,-0.0005514,-0.00045462,-0.0002451,G-blend,bootstrap blocks = day
test,z,all,all,EMP-blend,3376125,632,0.076775,0.075947,0.077534,0.25305,0.25035,0.25563,-0.0027572,-0.0030151,-0.0025084,-0.00048704,-0.00053318,-0.00043996,0.00044823,G-blend,bootstrap blocks = day
test,z,all,all,G-raw-2h,3376125,92,0.078963,0.078225,0.079718,0.26511,0.26274,0.26739,0.0092939,0.0084302,0.010192,0.0017009,0.0015717,0.0018302,-0.0002451,G-blend,bootstrap blocks = week
test,z,all,all,G-blend,3376125,92,0.077262,0.076465,0.07806,0.25581,0.25328,0.25835,0,0,0,0,0,0,-0.0002451,G-blend,bootstrap blocks = week
test,z,all,all,T-blend,3376125,92,0.076751,0.075913,0.077589,0.25296,0.25043,0.25556,-0.0028492,-0.0031308,-0.0025969,-0.0005112,-0.00056752,-0.00045837,-0.0002451,G-blend,bootstrap blocks = week
test,z,all,all,MIX-blend,3376125,92,0.076759,0.075922,0.077594,0.25308,0.25057,0.25567,-0.0027287,-0.0030079,-0.0024848,-0.00050238,-0.00055527,-0.00045168,-0.0002451,G-blend,bootstrap blocks = week
test,z,all,all,EMP-blend,3376125,92,0.076775,0.075934,0.077617,0.25305,0.2505,0.25565,-0.0027572,-0.0030282,-0.0024982,-0.00048704,-0.00054006,-0.00043686,0.00044823,G-blend,bootstrap blocks = week
test,z,all,all,G-raw-2h,3376125,22,0.078963,0.077728,0.080151,0.26511,0.26168,0.26851,0.0092939,0.0083506,0.010341,0.0017009,0.0015442,0.0018816,-0.0002451,G-blend,bootstrap blocks = month(30d)
test,z,all,all,G-blend,3376125,22,0.077262,0.075905,0.078543,0.25581,0.25179,0.25962,0,0,0,0,0,0,-0.0002451,G-blend,bootstrap blocks = month(30d)
test,z,all,all,T-blend,3376125,22,0.076751,0.0753,0.078102,0.25296,0.24876,0.25699,-0.0028492,-0.0032053,-0.0024208,-0.0005112,-0.00060612,-0.00041551,-0.0002451,G-blend,bootstrap blocks = month(30d)
test,z,all,all,MIX-blend,3376125,22,0.076759,0.075312,0.078108,0.25308,0.24891,0.25706,-0.0027287,-0.0030689,-0.0023214,-0.00050238,-0.00059454,-0.00040894,-0.0002451,G-blend,bootstrap blocks = month(30d)
test,z,all,all,EMP-blend,3376125,22,0.076775,0.075326,0.078139,0.25305,0.24885,0.25709,-0.0027572,-0.0031072,-0.0023505,-0.00048704,-0.00058139,-0.00039686,0.00044823,G-blend,bootstrap blocks = month(30d)
test,z,all,all,G-blend,3409200,632,0.077108,0.076326,0.077827,0.25535,0.25269,0.25796,0,0,0,0,0,0,-0.00021207,G-blend,incl. no-trade settlement minutes
test,z,all,all,T-blend,3409200,632,0.076613,0.07579,0.07737,0.25252,0.24985,0.25513,-0.0028235,-0.0030836,-0.002587,-0.00049435,-0.00054404,-0.00044403,-0.00021207,G-blend,incl. no-trade settlement minutes
test,z,tau,60m,G-blend,378800,632,0.086504,0.085401,0.087608,0.28473,0.28092,0.28858,0,0,0,0,0,0,-0.00030623,G-blend,incl. no-trade settlement minutes
test,z,tau,45m,G-blend,378800,632,0.084773,0.083703,0.085853,0.27926,0.27585,0.28293,0,0,0,0,0,0,-0.0010111,G-blend,incl. no-trade settlement minutes
test,z,tau,30m,G-blend,378800,632,0.084034,0.082926,0.085136,0.27633,0.27256,0.28007,0,0,0,0,0,0,-0.0007339,G-blend,incl. no-trade settlement minutes
test,z,tau,20m,G-blend,378800,632,0.079111,0.078016,0.080245,0.26174,0.25795,0.26571,0,0,0,0,0,0,0.0012328,G-blend,incl. no-trade settlement minutes
test,z,tau,15m,G-blend,378800,632,0.078476,0.077455,0.079595,0.25884,0.25522,0.26293,0,0,0,0,0,0,0.00064414,G-blend,incl. no-trade settlement minutes
test,z,tau,10m,G-blend,378800,632,0.076516,0.075579,0.077539,0.25281,0.24949,0.2563,0,0,0,0,0,0,-1.5839e-05,G-blend,incl. no-trade settlement minutes
test,z,tau,5m,G-blend,378800,632,0.070484,0.069472,0.071489,0.23425,0.2308,0.23787,0,0,0,0,0,0,-0.0019615,G-blend,incl. no-trade settlement minutes
test,z,tau,3m,G-blend,378800,632,0.067762,0.066825,0.068743,0.22724,0.22366,0.23088,0,0,0,0,0,0,0.00043823,G-blend,incl. no-trade settlement minutes
test,z,tau,2m,G-blend,378800,632,0.066308,0.065293,0.067276,0.22291,0.21933,0.22668,0,0,0,0,0,0,-0.00019535,G-blend,incl. no-trade settlement minutes
test,z,tau,60m,T-blend,378800,632,0.08601,0.084831,0.087158,0.28193,0.27808,0.28577,-0.0028039,-0.0032902,-0.0023604,-0.00049453,-0.00059155,-0.00040012,-0.00030623,G-blend,incl. no-trade settlement minutes
test,z,tau,45m,T-blend,378800,632,0.084247,0.08312,0.085388,0.27653,0.27301,0.28018,-0.0027386,-0.0031669,-0.0023426,-0.00052597,-0.00061642,-0.00043566,-0.0010111,G-blend,incl. no-trade settlement minutes
test,z,tau,30m,T-blend,378800,632,0.08363,0.082466,0.084785,0.27387,0.27009,0.27769,-0.0024619,-0.0028656,-0.0020582,-0.00040344,-0.00048502,-0.00032051,-0.0007339,G-blend,incl. no-trade settlement minutes
test,z,tau,20m,T-blend,378800,632,0.078662,0.077488,0.079854,0.25899,0.2553,0.263,-0.0027553,-0.0032133,-0.0022982,-0.00044887,-0.00053499,-0.00036419,0.0012328,G-blend,incl. no-trade settlement minutes
test,z,tau,15m,T-blend,378800,632,0.078068,0.076994,0.079231,0.25641,0.25287,0.26038,-0.0024269,-0.0028557,-0.0020153,-0.00040802,-0.0004741,-0.00033892,0.00064414,G-blend,incl. no-trade settlement minutes
test,z,tau,10m,T-blend,378800,632,0.076109,0.075122,0.077188,0.2504,0.24722,0.25373,-0.0024119,-0.0028588,-0.001976,-0.00040682,-0.00046474,-0.00034354,-1.5839e-05,G-blend,incl. no-trade settlement minutes
test,z,tau,5m,T-blend,378800,632,0.069987,0.068918,0.071049,0.23156,0.22827,0.23502,-0.0026811,-0.0031529,-0.0022437,-0.00049719,-0.00056366,-0.00042737,-0.0019615,G-blend,incl. no-trade settlement minutes
test,z,tau,3m,T-blend,378800,632,0.067174,0.066198,0.068232,0.22375,0.22042,0.22729,-0.003491,-0.0039936,-0.0030121,-0.00058891,-0.00066117,-0.00052003,0.00043823,G-blend,incl. no-trade settlement minutes
test,z,tau,2m,T-blend,378800,632,0.065632,0.064565,0.066668,0.21927,0.21572,0.22282,-0.0036407,-0.0041829,-0.003083,-0.00067539,-0.00075347,-0.00059127,-0.00019535,G-blend,incl. no-trade settlement minutes
test,z,all,all,G-blend,3376125,632,0.068939,0.068262,0.069617,0.22923,0.2268,0.23161,0,0,0,0,0,0,-0.00030168,G-blend,LOOK-AHEAD PLACEBO (spot = close at t+60s)
test,z,all,all,T-blend,3376125,632,0.068451,0.067728,0.069155,0.22635,0.22401,0.22873,-0.0028727,-0.0031588,-0.0025938,-0.00048799,-0.00053315,-0.00044258,-0.00030168,G-blend,LOOK-AHEAD PLACEBO (spot = close at t+60s)
test,z,tau,60m,G-blend,375125,632,0.085224,0.084092,0.086361,0.28111,0.27744,0.28489,0,0,0,0,0,0,-0.00052383,G-blend,LOOK-AHEAD PLACEBO (spot = close at t+60s)
test,z,tau,45m,G-blend,375125,632,0.083788,0.082697,0.084887,0.27629,0.27278,0.28,0,0,0,0,0,0,-0.0014409,G-blend,LOOK-AHEAD PLACEBO (spot = close at t+60s)
test,z,tau,30m,G-blend,375125,632,0.081955,0.080804,0.08303,0.26979,0.26598,0.27352,0,0,0,0,0,0,-0.00076375,G-blend,LOOK-AHEAD PLACEBO (spot = close at t+60s)
test,z,tau,20m,G-blend,375125,632,0.076807,0.075749,0.077976,0.2543,0.25069,0.25822,0,0,0,0,0,0,0.0017767,G-blend,LOOK-AHEAD PLACEBO (spot = close at t+60s)
test,z,tau,15m,G-blend,375125,632,0.075858,0.074796,0.076995,0.25083,0.24701,0.2549,0,0,0,0,0,0,0.00021193,G-blend,LOOK-AHEAD PLACEBO (spot = close at t+60s)
test,z,tau,10m,G-blend,375125,632,0.071171,0.070212,0.072162,0.23623,0.23279,0.23967,0,0,0,0,0,0,-0.00023859,G-blend,LOOK-AHEAD PLACEBO (spot = close at t+60s)
test,z,tau,5m,G-blend,375125,632,0.061039,0.060185,0.061994,0.20501,0.20185,0.20885,0,0,0,0,0,0,-0.0010197,G-blend,LOOK-AHEAD PLACEBO (spot = close at t+60s)
test,z,tau,3m,G-blend,375125,632,0.050797,0.049964,0.051616,0.17333,0.1699,0.17684,0,0,0,0,0,0,3.9987e-06,G-blend,LOOK-AHEAD PLACEBO (spot = close at t+60s)
test,z,tau,2m,G-blend,375125,632,0.033812,0.033212,0.034372,0.11615,0.11364,0.11865,0,0,0,0,0,0,-0.00072109,G-blend,LOOK-AHEAD PLACEBO (spot = close at t+60s)
test,z,tau,60m,T-blend,375125,632,0.084681,0.0835,0.08587,0.27807,0.27407,0.28184,-0.0030398,-0.0035117,-0.002575,-0.00054254,-0.00064124,-0.00044354,-0.00052383,G-blend,LOOK-AHEAD PLACEBO (spot = close at t+60s)
test,z,tau,45m,T-blend,375125,632,0.08326,0.082133,0.084427,0.27351,0.26996,0.27714,-0.0027788,-0.0032201,-0.002341,-0.00052733,-0.00061702,-0.00043967,-0.0014409,G-blend,LOOK-AHEAD PLACEBO (spot = close at t+60s)
test,z,tau,30m,T-blend,375125,632,0.081535,0.080313,0.082677,0.26734,0.26351,0.27099,-0.002443,-0.0028268,-0.0020504,-0.00042017,-0.00050185,-0.00034074,-0.00076375,G-blend,LOOK-AHEAD PLACEBO (spot = close at t+60s)
test,z,tau,20m,T-blend,375125,632,0.076364,0.075252,0.077584,0.25162,0.24805,0.25553,-0.0026823,-0.0031392,-0.0022215,-0.00044266,-0.0005236,-0.00036524,0.0017767,G-blend,LOOK-AHEAD PLACEBO (spot = close at t+60s)
test,z,tau,15m,T-blend,375125,632,0.075441,0.074349,0.076629,0.24833,0.24465,0.25219,-0.0024995,-0.0029483,-0.0020206,-0.000417,-0.00048115,-0.0003484,0.00021193,G-blend,LOOK-AHEAD PLACEBO (spot = close at t+60s)
test,z,tau,10m,T-blend,375125,632,0.070771,0.069751,0.071829,0.23369,0.23049,0.23696,-0.0025414,-0.0030504,-0.0020472,-0.00040083,-0.00045924,-0.0003389,-0.00023859,G-blend,LOOK-AHEAD PLACEBO (spot = close at t+60s)
test,z,tau,5m,T-blend,375125,632,0.060554,0.059651,0.061557,0.20188,0.19883,0.20532,-0.0031369,-0.0037948,-0.0025774,-0.00048477,-0.00054676,-0.00041769,-0.0010197,G-blend,LOOK-AHEAD PLACEBO (spot = close at t+60s)
test,z,tau,3m,T-blend,375125,632,0.050271,0.049397,0.05113,0.16954,0.16643,0.17254,-0.0037882,-0.0045363,-0.0030899,-0.00052641,-0.00058641,-0.00046407,3.9987e-06,G-blend,LOOK-AHEAD PLACEBO (spot = close at t+60s)
test,z,tau,2m,T-blend,375125,632,0.033182,0.032568,0.033779,0.11321,0.11099,0.11537,-0.0029439,-0.0036014,-0.0023928,-0.00063023,-0.00068669,-0.00057795,-0.00072109,G-blend,LOOK-AHEAD PLACEBO (spot = close at t+60s)
test,z,all,all,G-blend,3376125,632,0.077317,0.076523,0.078042,0.2565,0.25373,0.25918,0,0,0,0,0,0,-0.0002451,G-blend,training window 6 months
test,z,all,all,T-blend,3376125,632,0.076805,0.07598,0.077568,0.2534,0.25064,0.25596,-0.0030987,-0.0033721,-0.0028427,-0.00051196,-0.00056208,-0.00046054,-0.0002451,G-blend,training window 6 months
test,z,tau,60m,G-blend,375125,632,0.086705,0.085577,0.087809,0.28586,0.28195,0.28983,0,0,0,0,0,0,-0.00027058,G-blend,training window 6 months
test,z,tau,45m,G-blend,375125,632,0.084959,0.083879,0.086032,0.28039,0.27684,0.28395,0,0,0,0,0,0,-0.001097,G-blend,training window 6 months
test,z,tau,30m,G-blend,375125,632,0.084304,0.083185,0.085406,0.278,0.27406,0.28181,0,0,0,0,0,0,-0.00075575,G-blend,training window 6 months
test,z,tau,20m,G-blend,375125,632,0.079392,0.078298,0.080546,0.26317,0.25932,0.26729,0,0,0,0,0,0,0.0011929,G-blend,training window 6 months
test,z,tau,15m,G-blend,375125,632,0.078772,0.077716,0.079885,0.26033,0.25665,0.26452,0,0,0,0,0,0,0.00053449,G-blend,training window 6 months
test,z,tau,10m,G-blend,375125,632,0.076676,0.075728,0.077737,0.25386,0.2504,0.25753,0,0,0,0,0,0,-8.6638e-05,G-blend,training window 6 months
test,z,tau,5m,G-blend,375125,632,0.070603,0.069563,0.071644,0.23486,0.23139,0.23854,0,0,0,0,0,0,-0.0020113,G-blend,training window 6 months
test,z,tau,3m,G-blend,375125,632,0.067943,0.066997,0.068964,0.2281,0.22447,0.23186,0,0,0,0,0,0,0.0004092,G-blend,training window 6 months
test,z,tau,2m,G-blend,375125,632,0.066504,0.065472,0.06751,0.2239,0.22016,0.22776,0,0,0,0,0,0,-0.00012129,G-blend,training window 6 months
test,z,tau,60m,T-blend,375125,632,0.086149,0.084954,0.087318,0.28267,0.27878,0.28652,-0.003187,-0.0036662,-0.0027259,-0.00055526,-0.00064601,-0.00046822,-0.00027058,G-blend,training window 6 months
test,z,tau,45m,T-blend,375125,632,0.08441,0.083299,0.085551,0.27736,0.27378,0.28096,-0.0030275,-0.0034622,-0.0025839,-0.00054832,-0.00063229,-0.00046293,-0.001097,G-blend,training window 6 months
test,z,tau,30m,T-blend,375125,632,0.083865,0.082684,0.085008,0.27509,0.2712,0.27894,-0.002913,-0.0033792,-0.0024823,-0.0004385,-0.00051651,-0.00035694,-0.00075575,G-blend,training window 6 months
test,z,tau,20m,T-blend,375125,632,0.078893,0.077727,0.080074,0.26006,0.25631,0.26418,-0.0031079,-0.0035691,-0.0026392,-0.00049911,-0.00058754,-0.00041404,0.0011929,G-blend,training window 6 months
test,z,tau,15m,T-blend,375125,632,0.078305,0.077205,0.079446,0.25754,0.25396,0.26159,-0.0027874,-0.003253,-0.0023231,-0.0004666,-0.00053713,-0.00039049,0.00053449,G-blend,training window 6 months
test,z,tau,10m,T-blend,375125,632,0.076267,0.075266,0.077354,0.25119,0.24798,0.25472,-0.0026699,-0.003135,-0.0021762,-0.00040922,-0.00046711,-0.00034481,-8.6638e-05,G-blend,training window 6 months
test,z,tau,5m,T-blend,375125,632,0.07013,0.06904,0.071214,0.23212,0.22869,0.23566,-0.0027399,-0.0032117,-0.0022848,-0.00047246,-0.00054195,-0.00039929,-0.0020113,G-blend,training window 6 months
test,z,tau,3m,T-blend,375125,632,0.067359,0.066377,0.068417,0.22443,0.22105,0.228,-0.0036686,-0.0042616,-0.0031647,-0.00058394,-0.00066114,-0.00051108,0.0004092,G-blend,training window 6 months
test,z,tau,2m,T-blend,375125,632,0.06587,0.064779,0.066928,0.22011,0.21652,0.2237,-0.0037873,-0.0044329,-0.0031853,-0.00063426,-0.00071041,-0.00054831,-0.00012129,G-blend,training window 6 months
test,z,all,all,G-blend,3376125,632,0.077308,0.076502,0.078034,0.25589,0.25322,0.25848,0,0,0,0,0,0,-0.0002451,G-blend,training window 24 months
test,z,all,all,T-blend,3376125,632,0.076766,0.075935,0.077524,0.25303,0.25026,0.2556,-0.0028607,-0.0031409,-0.0026079,-0.0005416,-0.00059908,-0.00048474,-0.0002451,G-blend,training window 24 months
test,z,tau,60m,G-blend,375125,632,0.08665,0.085514,0.087756,0.28513,0.28129,0.28892,0,0,0,0,0,0,-0.00027058,G-blend,training window 24 months
test,z,tau,45m,G-blend,375125,632,0.084959,0.083922,0.086028,0.27976,0.27643,0.2833,0,0,0,0,0,0,-0.001097,G-blend,training window 24 months
test,z,tau,30m,G-blend,375125,632,0.084236,0.083144,0.085325,0.27688,0.2732,0.2806,0,0,0,0,0,0,-0.00075575,G-blend,training window 24 months
test,z,tau,20m,G-blend,375125,632,0.079311,0.078204,0.080418,0.26227,0.25853,0.2662,0,0,0,0,0,0,0.0011929,G-blend,training window 24 months
test,z,tau,15m,G-blend,375125,632,0.078665,0.077619,0.079753,0.25944,0.25581,0.26359,0,0,0,0,0,0,0.00053449,G-blend,training window 24 months
test,z,tau,10m,G-blend,375125,632,0.076706,0.075761,0.077759,0.25341,0.25013,0.25692,0,0,0,0,0,0,-8.6638e-05,G-blend,training window 24 months
test,z,tau,5m,G-blend,375125,632,0.070683,0.069656,0.071699,0.23476,0.23134,0.23834,0,0,0,0,0,0,-0.0020113,G-blend,training window 24 months
test,z,tau,3m,G-blend,375125,632,0.067975,0.067043,0.068982,0.22778,0.22423,0.23143,0,0,0,0,0,0,0.0004092,G-blend,training window 24 months
test,z,tau,2m,G-blend,375125,632,0.066588,0.065564,0.067574,0.22362,0.22,0.22737,0,0,0,0,0,0,-0.00012129,G-blend,training window 24 months
test,z,tau,60m,T-blend,375125,632,0.086143,0.084929,0.087346,0.28238,0.27847,0.2862,-0.0027469,-0.003278,-0.002243,-0.00050696,-0.00062852,-0.00038755,-0.00027058,G-blend,training window 24 months
test,z,tau,45m,T-blend,375125,632,0.084364,0.083245,0.085509,0.27691,0.27334,0.2806,-0.002843,-0.0033276,-0.0023649,-0.00059547,-0.00070394,-0.00048112,-0.001097,G-blend,training window 24 months
test,z,tau,30m,T-blend,375125,632,0.083798,0.082612,0.084962,0.27442,0.27068,0.27821,-0.0024592,-0.0028967,-0.0020145,-0.00043767,-0.00053918,-0.00033734,-0.00075575,G-blend,training window 24 months
test,z,tau,20m,T-blend,375125,632,0.078804,0.077623,0.079998,0.25945,0.25578,0.26353,-0.0028172,-0.0033082,-0.0023209,-0.00050643,-0.00060747,-0.00040514,0.0011929,G-blend,training window 24 months
test,z,tau,15m,T-blend,375125,632,0.078206,0.077111,0.079358,0.25689,0.25332,0.26087,-0.0025508,-0.0029836,-0.0021296,-0.00045899,-0.00053643,-0.00037754,0.00053449,G-blend,training window 24 months
test,z,tau,10m,T-blend,375125,632,0.076232,0.075234,0.077332,0.25086,0.24772,0.25427,-0.0025474,-0.0029874,-0.0020971,-0.00047338,-0.00054117,-0.00040033,-8.6638e-05,G-blend,training window 24 months
test,z,tau,5m,T-blend,375125,632,0.070119,0.069042,0.071202,0.23201,0.22861,0.23548,-0.0027487,-0.0032076,-0.0023236,-0.00056335,-0.00063161,-0.00049076,-0.0020113,G-blend,training window 24 months
test,z,tau,3m,T-blend,375125,632,0.067357,0.066375,0.068421,0.22433,0.22102,0.22778,-0.0034452,-0.0039365,-0.0030142,-0.00061845,-0.00068915,-0.0005533,0.0004092,G-blend,training window 24 months
test,z,tau,2m,T-blend,375125,632,0.065875,0.064789,0.066927,0.22003,0.21649,0.22358,-0.0035884,-0.0041108,-0.0030668,-0.00071372,-0.00078497,-0.00063796,-0.00012129,G-blend,training window 24 months
test,z,all,all,G-blend,3376125,632,0.077262,0.076479,0.077995,0.25581,0.25312,0.25844,0,0,0,0,0,0,-0.0002451,G-blend,main
test,z,all,all,T-blend,3376125,632,0.076751,0.075927,0.077514,0.25296,0.25023,0.25552,-0.0028492,-0.0031101,-0.0026113,-0.0005112,-0.00056226,-0.00046123,-0.0002451,G-blend,main
test,z,tau,60m,G-blend,375125,632,0.086628,0.085482,0.087736,0.28514,0.28125,0.28894,0,0,0,0,0,0,-0.00027058,G-blend,main
test,z,tau,45m,G-blend,375125,632,0.084897,0.083829,0.085982,0.27967,0.27623,0.28336,0,0,0,0,0,0,-0.001097,G-blend,main
test,z,tau,30m,G-blend,375125,632,0.0842,0.083102,0.085303,0.27686,0.27315,0.28059,0,0,0,0,0,0,-0.00075575,G-blend,main
test,z,tau,20m,G-blend,375125,632,0.079269,0.078165,0.080395,0.26223,0.25837,0.26616,0,0,0,0,0,0,0.0011929,G-blend,main
test,z,tau,15m,G-blend,375125,632,0.078629,0.07756,0.079735,0.25932,0.25574,0.26347,0,0,0,0,0,0,0.00053449,G-blend,main
test,z,tau,10m,G-blend,375125,632,0.076639,0.075698,0.077693,0.25319,0.24987,0.2567,0,0,0,0,0,0,-8.6638e-05,G-blend,main
test,z,tau,5m,G-blend,375125,632,0.070612,0.069576,0.071636,0.23458,0.23116,0.23825,0,0,0,0,0,0,-0.0020113,G-blend,main
test,z,tau,3m,G-blend,375125,632,0.06794,0.067009,0.06895,0.22775,0.22413,0.23145,0,0,0,0,0,0,0.0004092,G-blend,main
test,z,tau,2m,G-blend,375125,632,0.066542,0.065503,0.06753,0.22356,0.21994,0.22737,0,0,0,0,0,0,-0.00012129,G-blend,main
test,z,tau,60m,T-blend,375125,632,0.086107,0.084906,0.087295,0.28227,0.27836,0.28616,-0.0028748,-0.0033551,-0.0024238,-0.00052147,-0.00062319,-0.00042672,-0.00027058,G-blend,main
test,z,tau,45m,T-blend,375125,632,0.084346,0.083234,0.085488,0.27687,0.27332,0.28049,-0.0028015,-0.0032353,-0.0023971,-0.00055026,-0.0006428,-0.00045884,-0.001097,G-blend,main
test,z,tau,30m,T-blend,375125,632,0.083778,0.082598,0.084936,0.27435,0.2706,0.2781,-0.002506,-0.0029148,-0.0020957,-0.00042218,-0.00050708,-0.00033714,-0.00075575,G-blend,main
test,z,tau,20m,T-blend,375125,632,0.078803,0.077624,0.080003,0.25946,0.25577,0.26349,-0.0027783,-0.0032356,-0.0023159,-0.00046608,-0.00055345,-0.0003799,0.0011929,G-blend,main
test,z,tau,15m,T-blend,375125,632,0.078203,0.0771,0.079354,0.25686,0.25328,0.26091,-0.0024592,-0.0028782,-0.0020493,-0.00042591,-0.00049216,-0.00035656,0.00053449,G-blend,main
test,z,tau,10m,T-blend,375125,632,0.076217,0.075215,0.077305,0.25076,0.24762,0.25412,-0.0024269,-0.0028697,-0.0019882,-0.00042216,-0.0004813,-0.0003574,-8.6638e-05,G-blend,main
test,z,tau,5m,T-blend,375125,632,0.070105,0.069034,0.071195,0.23191,0.22855,0.2354,-0.0026724,-0.0031313,-0.0022361,-0.00050711,-0.00057325,-0.0004377,-0.0020113,G-blend,main
test,z,tau,3m,T-blend,375125,632,0.067341,0.066351,0.068401,0.22425,0.22088,0.22774,-0.0034945,-0.0040032,-0.0030208,-0.00059943,-0.00067216,-0.00053086,0.0004092,G-blend,main
test,z,tau,2m,T-blend,375125,632,0.065856,0.064767,0.066908,0.21993,0.21637,0.2235,-0.0036295,-0.004154,-0.0030844,-0.00068619,-0.00076504,-0.00060173,-0.00012129,G-blend,main
