synthetic,policy,tau_bucket,fills,contracts,events,fills_per_day,contracts_per_day,net_c,net_lo_c,net_hi_c,gross_edge_c,fee_c,net_usd_per_day,mo_10s_c,mo_60s_c,toxic_share,holds_only_under_A,recommendation
True,A,1-5m,12,47.5,4,288,1140,6.98947,-1.35014,22.186,6.40372,0.410526,79.68,7.79268,2.20099,0,False,insufficient data
True,A,10-30m,97,327,4,2328,7848,3.59327,-1.10204,8.15896,2.05316,0.244648,282,0.112139,-0.400603,0.0103093,False,insufficient data
True,A,5-10m,29,87,4,696,2088,2.43678,0.415094,5.82191,2.29397,0.264368,50.88,0.203992,0.10458,0.0689655,False,insufficient data
True,B,1-5m,16,57,4,384,1368,4.92982,-1.64112,18.7882,5.47958,0.385965,67.44,6.41482,1.08351,0,False,insufficient data
True,B,10-30m,96,316.69,4,2304,7600.56,2.73454,-1.10242,6.37141,2.01001,0.239193,207.84,0.0536663,-0.22018,0.0208333,False,insufficient data
True,B,5-10m,24,78.99,4,576,1895.76,6.63375,1.35556,13.6217,2.36043,0.252943,125.76,0.339189,1.30375,0,False,insufficient data
True,C,1-5m,7,20.5,3,168,492,-6.73171,-27.2727,1.515,2.3137,0.268293,-33.12,3.21071,-1.39217,0,False,insufficient data
True,C,10-30m,98,317,4,2352,7608,3.45741,-0.934641,8.33232,2.0175,0.242902,263.04,0.0695486,-0.491767,0,False,insufficient data
True,C,5-10m,24,76,4,576,1824,2.40789,1.13333,3.93548,1.92499,0.236842,43.92,0.158554,-0.167299,0.0416667,False,insufficient data
